"case","plot","kind","id","pipeline","group","out_w","out_h","fig_px","q","strip","panel_w_mm","panel_h_mm","promised","status","got","secs"
"baseline.dots","baseline","dots","K7Q2M9XD","Chrome 100% light page @1x","Chrome screenshot",1280,1016,1232,NA,TRUE,164,111,TRUE,"exact","K7Q2M9XD",0.23
"baseline.tiles","baseline","tiles","K7Q2M9XD","Chrome 100% light page @1x","Chrome screenshot",1280,1016,1232,NA,TRUE,164,114,TRUE,"exact","K7Q2M9XD",3.2
"baseline.both","baseline","both","K7Q2M9XD","Chrome 100% light page @1x","Chrome screenshot",1280,1016,1232,NA,TRUE,164,111,TRUE,"exact","K7Q2M9XD",0.24
"baseline.none","baseline","none",NA,"Chrome 100% light page @1x","Chrome screenshot",1280,1016,1232,NA,TRUE,164,114,FALSE,"NULL",NA,7.07
"facets_3x4.dots","facets_3x4","dots","K7Q2M9XD","Chrome 100% light page @1x","Chrome screenshot",1280,958,1232,NA,TRUE,176,124,TRUE,"exact","K7Q2M9XD",0.09
"facets_3x4.tiles","facets_3x4","tiles","RUN-42","Chrome 100% light page @1x","Chrome screenshot",1280,958,1232,NA,TRUE,176,127,TRUE,"NULL",NA,68.19
"facets_3x4.both","facets_3x4","both","RUN-42","Chrome 100% light page @1x","Chrome screenshot",1280,958,1232,NA,TRUE,176,124,TRUE,"exact","RUN-42",0.25
"facets_3x4.none","facets_3x4","none",NA,"Chrome 100% light page @1x","Chrome screenshot",1280,958,1232,NA,TRUE,176,127,FALSE,"NULL",NA,92.32
"facet_wrap_1x2.dots","facet_wrap_1x2","dots","RUN-42","Chrome 100% light page @1x","Chrome screenshot",1280,821,1232,NA,TRUE,215,105,TRUE,"exact","RUN-42",0.06
"facet_wrap_1x2.tiles","facet_wrap_1x2","tiles","K7Q2M9XD","Chrome 100% light page @1x","Chrome screenshot",1280,821,1232,NA,TRUE,215,108,TRUE,"exact","K7Q2M9XD",3.47
"facet_wrap_1x2.both","facet_wrap_1x2","both","K7Q2M9XD","Chrome 100% light page @1x","Chrome screenshot",1280,821,1232,NA,TRUE,215,105,TRUE,"exact","K7Q2M9XD",0.1
"facet_wrap_1x2.none","facet_wrap_1x2","none",NA,"Chrome 100% light page @1x","Chrome screenshot",1280,821,1232,NA,TRUE,215,108,FALSE,"NULL",NA,8.1
"legend_caption.dots","legend_caption","dots","ZZ0123456789ABCD","Chrome 100% light page @1x","Chrome screenshot",1280,1060,1232,NA,TRUE,189,85,TRUE,"exact","ZZ0123456789ABCD",0.1
"legend_caption.tiles","legend_caption","tiles","K7Q2M9XD","Chrome 100% light page @1x","Chrome screenshot",1280,1060,1232,NA,TRUE,189,88,TRUE,"exact","K7Q2M9XD",22.32
"legend_caption.both","legend_caption","both","K7Q2M9XD","Chrome 100% light page @1x","Chrome screenshot",1280,1060,1232,NA,TRUE,189,85,TRUE,"exact","K7Q2M9XD",0.18
"legend_caption.none","legend_caption","none",NA,"Chrome 100% light page @1x","Chrome screenshot",1280,1060,1232,NA,TRUE,189,88,FALSE,"NULL",NA,24.79
"rug_outside.dots","rug_outside","dots","Zürich-δ✓","Chrome 100% light page @1x","Chrome screenshot",1280,1016,1232,NA,TRUE,164,111,TRUE,"exact","Zürich-δ✓",0.3
"rug_outside.tiles","rug_outside","tiles","café-δ","Chrome 100% light page @1x","Chrome screenshot",1280,1016,1232,NA,TRUE,164,114,TRUE,"exact","café-δ",8.22
"rug_outside.both","rug_outside","both","café-δ","Chrome 100% light page @1x","Chrome screenshot",1280,1016,1232,NA,TRUE,164,111,TRUE,"exact","café-δ",0.15
"rug_outside.none","rug_outside","none",NA,"Chrome 100% light page @1x","Chrome screenshot",1280,1016,1232,NA,TRUE,164,114,FALSE,"NULL",NA,12.36
"heatmap_raster.dots","heatmap_raster","dots","f47ac10b-58cc-4372-a567-0e02b2c3d479","Chrome 100% light page @1x","Chrome screenshot",1280,1016,1232,NA,TRUE,144,109,TRUE,"exact","f47ac10b-58cc-4372-a567-0e02b2c3d479",1.17
"heatmap_raster.tiles","heatmap_raster","tiles","K7Q2M9XD","Chrome 100% light page @1x","Chrome screenshot",1280,1016,1232,NA,TRUE,144,114,FALSE,"NULL",NA,10.49
"heatmap_raster.both","heatmap_raster","both","K7Q2M9XD","Chrome 100% light page @1x","Chrome screenshot",1280,1016,1232,NA,TRUE,144,111,TRUE,"exact","K7Q2M9XD",0.19
"heatmap_raster.none","heatmap_raster","none",NA,"Chrome 100% light page @1x","Chrome screenshot",1280,1016,1232,NA,TRUE,144,114,FALSE,"NULL",NA,9.16
"dense_10k.dots","dense_10k","dots","K7Q2M9XD","Chrome 100% light page @1x","Chrome screenshot",1280,1016,1232,NA,TRUE,165,111,TRUE,"exact","K7Q2M9XD",0.2
"dense_10k.tiles","dense_10k","tiles","ZZ0123456789","Chrome 100% light page @1x","Chrome screenshot",1280,1016,1232,NA,TRUE,165,114,TRUE,"exact","ZZ0123456789",5.74
"dense_10k.both","dense_10k","both","ZZ0123456789","Chrome 100% light page @1x","Chrome screenshot",1280,1016,1232,NA,TRUE,165,111,TRUE,"exact","ZZ0123456789",0.13
"dense_10k.none","dense_10k","none",NA,"Chrome 100% light page @1x","Chrome screenshot",1280,1016,1232,NA,TRUE,165,114,FALSE,"NULL",NA,8.52
"dates_line.dots","dates_line","dots","f47ac10b-58cc-4372-a567-0e02b2c3d479","Chrome 100% light page @1x","Chrome screenshot",1280,829,1232,NA,TRUE,184,96,TRUE,"exact","f47ac10b-58cc-4372-a567-0e02b2c3d479",1.45
"dates_line.tiles","dates_line","tiles","RUN-42","Chrome 100% light page @1x","Chrome screenshot",1280,829,1232,NA,TRUE,184,101,TRUE,"exact","RUN-42",3.79
"dates_line.both","dates_line","both","RUN-42","Chrome 100% light page @1x","Chrome screenshot",1280,829,1232,NA,TRUE,184,98,TRUE,"exact","RUN-42",0.16
"dates_line.none","dates_line","none",NA,"Chrome 100% light page @1x","Chrome screenshot",1280,829,1232,NA,TRUE,184,101,FALSE,"NULL",NA,4.66
"theme_dark.dots","theme_dark","dots","RUN-42","Chrome 100% light page @1x","Chrome screenshot",1280,1016,1232,NA,TRUE,164,111,TRUE,"exact","RUN-42",0.17
"theme_dark.tiles","theme_dark","tiles","RUN-42","Chrome 100% light page @1x","Chrome screenshot",1280,1016,1232,NA,TRUE,164,114,TRUE,"exact","RUN-42",4.85
"theme_dark.both","theme_dark","both","RUN-42","Chrome 100% light page @1x","Chrome screenshot",1280,1016,1232,NA,TRUE,164,111,TRUE,"exact","RUN-42",0.34
"theme_dark.none","theme_dark","none",NA,"Chrome 100% light page @1x","Chrome screenshot",1280,1016,1232,NA,TRUE,164,114,FALSE,"NULL",NA,5.82
"black_bg.dots","black_bg","dots","K7Q2M9XD","Chrome 100% light page @1x","Chrome screenshot",1280,1016,1232,NA,TRUE,164,111,TRUE,"exact","K7Q2M9XD",0.12
"black_bg.tiles","black_bg","tiles","K7Q2M9XD","Chrome 100% light page @1x","Chrome screenshot",1280,1016,1232,NA,TRUE,164,114,TRUE,"exact","K7Q2M9XD",4.29
"black_bg.both","black_bg","both","K7Q2M9XD","Chrome 100% light page @1x","Chrome screenshot",1280,1016,1232,NA,TRUE,164,111,TRUE,"exact","K7Q2M9XD",0.12
"black_bg.none","black_bg","none",NA,"Chrome 100% light page @1x","Chrome screenshot",1280,1016,1232,NA,TRUE,164,114,FALSE,"NULL",NA,4.05
"theme_void.dots","theme_void","dots","f47ac10b-58cc-4372-a567-0e02b2c3d479","Chrome 100% light page @1x","Chrome screenshot",1280,1016,1232,NA,TRUE,178,120,TRUE,"exact","f47ac10b-58cc-4372-a567-0e02b2c3d479",1.74
"theme_void.tiles","theme_void","tiles","K7Q2M9XD","Chrome 100% light page @1x","Chrome screenshot",1280,1016,1232,NA,TRUE,178,127,TRUE,"exact","K7Q2M9XD",4.15
"theme_void.both","theme_void","both","K7Q2M9XD","Chrome 100% light page @1x","Chrome screenshot",1280,1016,1232,NA,TRUE,178,122,TRUE,"exact","K7Q2M9XD",0.17
"theme_void.none","theme_void","none",NA,"Chrome 100% light page @1x","Chrome screenshot",1280,1016,1232,NA,TRUE,178,127,FALSE,"NULL",NA,5.86
"tall_3x8.dots","tall_3x8","dots","K7Q2M9XD","Chrome 100% light page @1x","Chrome screenshot",1280,3422,1232,NA,TRUE,38,187,TRUE,"exact","K7Q2M9XD",0.32
"tall_3x8.tiles","tall_3x8","tiles","RUN-42","Chrome 100% light page @1x","Chrome screenshot",1280,3422,1232,NA,TRUE,38,190,FALSE,"NULL",NA,27.36
"tall_3x8.both","tall_3x8","both","RUN-42","Chrome 100% light page @1x","Chrome screenshot",1280,3422,1232,NA,TRUE,38,187,TRUE,"exact","RUN-42",0.29
"tall_3x8.none","tall_3x8","none",NA,"Chrome 100% light page @1x","Chrome screenshot",1280,3422,1232,NA,TRUE,38,190,FALSE,"NULL",NA,23.7
"wide_12x3.dots","wide_12x3","dots","f47ac10b-58cc-4372-a567-0e02b2c3d479","Chrome 100% light page @1x","Chrome screenshot",1280,444,1232,NA,TRUE,291,58,TRUE,"exact","f47ac10b-58cc-4372-a567-0e02b2c3d479",0.46
"wide_12x3.tiles","wide_12x3","tiles","K7Q2M9XD","Chrome 100% light page @1x","Chrome screenshot",1280,444,1232,NA,TRUE,291,63,FALSE,"exact","K7Q2M9XD",1.96
"wide_12x3.both","wide_12x3","both","K7Q2M9XD","Chrome 100% light page @1x","Chrome screenshot",1280,444,1232,NA,TRUE,291,60,TRUE,"exact","K7Q2M9XD",0.08
"wide_12x3.none","wide_12x3","none",NA,"Chrome 100% light page @1x","Chrome screenshot",1280,444,1232,NA,TRUE,291,63,FALSE,"NULL",NA,1.46
"small_4x3_96dpi.dots","small_4x3_96dpi","dots","K7Q2M9XD","Chrome 100% light page @1x","Chrome screenshot",1280,1060,1232,NA,TRUE,88,60,TRUE,"exact","K7Q2M9XD",0.12
"small_4x3_96dpi.tiles","small_4x3_96dpi","tiles","RUN-42","Chrome 100% light page @1x","Chrome screenshot",1280,1060,1232,NA,TRUE,88,63,TRUE,"exact","RUN-42",2.19
"small_4x3_96dpi.both","small_4x3_96dpi","both","RUN-42","Chrome 100% light page @1x","Chrome screenshot",1280,1060,1232,NA,TRUE,88,60,TRUE,"exact","RUN-42",0.12
"small_4x3_96dpi.none","small_4x3_96dpi","none",NA,"Chrome 100% light page @1x","Chrome screenshot",1280,1060,1232,NA,TRUE,88,63,FALSE,"NULL",NA,8.16
"huge_14x10_300dpi.dots","huge_14x10_300dpi","dots","f47ac10b-58cc-4372-a567-0e02b2c3d479","Chrome 100% light page @1x","Chrome screenshot",1280,1016,1232,NA,TRUE,337,236,TRUE,"exact","f47ac10b-58cc-4372-a567-0e02b2c3d479",0.76
"huge_14x10_300dpi.tiles","huge_14x10_300dpi","tiles","K7Q2M9XD","Chrome 100% light page @1x","Chrome screenshot",1280,1016,1232,NA,TRUE,337,241,FALSE,"exact","K7Q2M9XD",4.74
"huge_14x10_300dpi.both","huge_14x10_300dpi","both","K7Q2M9XD","Chrome 100% light page @1x","Chrome screenshot",1280,1016,1232,NA,TRUE,337,238,TRUE,"exact","K7Q2M9XD",0.14
"huge_14x10_300dpi.none","huge_14x10_300dpi","none",NA,"Chrome 100% light page @1x","Chrome screenshot",1280,1016,1232,NA,TRUE,337,241,FALSE,"NULL",NA,9.45
"long_title.dots","long_title","dots","ZZ0123456789ABCD","Chrome 100% light page @1x","Chrome screenshot",1280,1016,1232,NA,TRUE,164,99,TRUE,"exact","ZZ0123456789ABCD",0.18
"long_title.tiles","long_title","tiles","ZZ0123456789","Chrome 100% light page @1x","Chrome screenshot",1280,1016,1232,NA,TRUE,164,102,TRUE,"exact","ZZ0123456789",3.18
"long_title.both","long_title","both","ZZ0123456789","Chrome 100% light page @1x","Chrome screenshot",1280,1016,1232,NA,TRUE,164,99,TRUE,"exact","ZZ0123456789",0.16
"long_title.none","long_title","none",NA,"Chrome 100% light page @1x","Chrome screenshot",1280,1016,1232,NA,TRUE,164,102,FALSE,"NULL",NA,8.16
"coord_polar.dots","coord_polar","dots","K7Q2M9XD","Chrome 100% light page @1x","Chrome screenshot",1280,1368,1232,NA,TRUE,108,108,TRUE,"exact","K7Q2M9XD",0.17
"coord_polar.tiles","coord_polar","tiles","RUN-42","Chrome 100% light page @1x","Chrome screenshot",1280,1368,1232,NA,TRUE,108,108,FALSE,"NULL",NA,9.72
"coord_polar.both","coord_polar","both","RUN-42","Chrome 100% light page @1x","Chrome screenshot",1280,1368,1232,NA,TRUE,108,108,TRUE,"exact","RUN-42",0.17
"coord_polar.none","coord_polar","none",NA,"Chrome 100% light page @1x","Chrome screenshot",1280,1368,1232,NA,TRUE,108,108,FALSE,"NULL",NA,9.83
"text_heavy.dots","text_heavy","dots","Zürich-δ✓","Chrome 100% light page @1x","Chrome screenshot",1280,1016,1232,NA,TRUE,164,94,TRUE,"exact","Zürich-δ✓",0.26
"text_heavy.tiles","text_heavy","tiles","café-δ","Chrome 100% light page @1x","Chrome screenshot",1280,1016,1232,NA,TRUE,164,97,TRUE,"exact","café-δ",5.89
"text_heavy.both","text_heavy","both","café-δ","Chrome 100% light page @1x","Chrome screenshot",1280,1016,1232,NA,TRUE,164,94,TRUE,"exact","café-δ",0.19
"text_heavy.none","text_heavy","none",NA,"Chrome 100% light page @1x","Chrome screenshot",1280,1016,1232,NA,TRUE,164,97,FALSE,"NULL",NA,7.77
"baseline.dots","baseline","dots","K7Q2M9XD","Chrome 640px light page @1x","Chrome screenshot",1280,594,640,NA,TRUE,164,111,TRUE,"exact","K7Q2M9XD",0.06
"baseline.tiles","baseline","tiles","K7Q2M9XD","Chrome 640px light page @1x","Chrome screenshot",1280,594,640,NA,TRUE,164,114,FALSE,"exact","K7Q2M9XD",2.53
"facets_3x4.dots","facets_3x4","dots","K7Q2M9XD","Chrome 640px light page @1x","Chrome screenshot",1280,563,640,NA,TRUE,176,124,TRUE,"exact","K7Q2M9XD",0.08
"facet_wrap_1x2.dots","facet_wrap_1x2","dots","RUN-42","Chrome 640px light page @1x","Chrome screenshot",1280,492,640,NA,TRUE,215,105,TRUE,"exact","RUN-42",0.07
"facet_wrap_1x2.tiles","facet_wrap_1x2","tiles","K7Q2M9XD","Chrome 640px light page @1x","Chrome screenshot",1280,492,640,NA,TRUE,215,108,FALSE,"exact","K7Q2M9XD",2
"legend_caption.dots","legend_caption","dots","ZZ0123456789ABCD","Chrome 640px light page @1x","Chrome screenshot",1280,616,640,NA,TRUE,189,85,TRUE,"exact","ZZ0123456789ABCD",0.08
"legend_caption.tiles","legend_caption","tiles","K7Q2M9XD","Chrome 640px light page @1x","Chrome screenshot",1280,616,640,NA,TRUE,189,88,FALSE,"exact","K7Q2M9XD",4.92
"rug_outside.dots","rug_outside","dots","Zürich-δ✓","Chrome 640px light page @1x","Chrome screenshot",1280,594,640,NA,TRUE,164,111,TRUE,"exact","Zürich-δ✓",0.12
"rug_outside.tiles","rug_outside","tiles","café-δ","Chrome 640px light page @1x","Chrome screenshot",1280,594,640,NA,TRUE,164,114,FALSE,"exact","café-δ",1.63
"heatmap_raster.dots","heatmap_raster","dots","f47ac10b-58cc-4372-a567-0e02b2c3d479","Chrome 640px light page @1x","Chrome screenshot",1280,594,640,NA,TRUE,144,109,TRUE,"exact","f47ac10b-58cc-4372-a567-0e02b2c3d479",0.55
"heatmap_raster.tiles","heatmap_raster","tiles","K7Q2M9XD","Chrome 640px light page @1x","Chrome screenshot",1280,594,640,NA,TRUE,144,114,FALSE,"NULL",NA,2.71
"dense_10k.dots","dense_10k","dots","K7Q2M9XD","Chrome 640px light page @1x","Chrome screenshot",1280,594,640,NA,TRUE,165,111,TRUE,"exact","K7Q2M9XD",0.06
"dense_10k.tiles","dense_10k","tiles","ZZ0123456789","Chrome 640px light page @1x","Chrome screenshot",1280,594,640,NA,TRUE,165,114,FALSE,"exact","ZZ0123456789",3.73
"dates_line.dots","dates_line","dots","f47ac10b-58cc-4372-a567-0e02b2c3d479","Chrome 640px light page @1x","Chrome screenshot",1280,496,640,NA,TRUE,184,96,TRUE,"exact","f47ac10b-58cc-4372-a567-0e02b2c3d479",0.42
"dates_line.tiles","dates_line","tiles","RUN-42","Chrome 640px light page @1x","Chrome screenshot",1280,496,640,NA,TRUE,184,101,FALSE,"exact","RUN-42",1.63
"theme_dark.dots","theme_dark","dots","RUN-42","Chrome 640px light page @1x","Chrome screenshot",1280,594,640,NA,TRUE,164,111,TRUE,"exact","RUN-42",0.06
"theme_dark.tiles","theme_dark","tiles","RUN-42","Chrome 640px light page @1x","Chrome screenshot",1280,594,640,NA,TRUE,164,114,FALSE,"exact","RUN-42",2.49
"black_bg.dots","black_bg","dots","K7Q2M9XD","Chrome 640px light page @1x","Chrome screenshot",1280,594,640,NA,TRUE,164,111,TRUE,"exact","K7Q2M9XD",0.71
"black_bg.tiles","black_bg","tiles","K7Q2M9XD","Chrome 640px light page @1x","Chrome screenshot",1280,594,640,NA,TRUE,164,114,FALSE,"NULL",NA,3.35
"theme_void.dots","theme_void","dots","f47ac10b-58cc-4372-a567-0e02b2c3d479","Chrome 640px light page @1x","Chrome screenshot",1280,594,640,NA,TRUE,178,120,TRUE,"exact","f47ac10b-58cc-4372-a567-0e02b2c3d479",0.72
"theme_void.tiles","theme_void","tiles","K7Q2M9XD","Chrome 640px light page @1x","Chrome screenshot",1280,594,640,NA,TRUE,178,127,FALSE,"exact","K7Q2M9XD",1.64
"tall_3x8.dots","tall_3x8","dots","K7Q2M9XD","Chrome 640px light page @1x","Chrome screenshot",1280,1843,640,NA,TRUE,38,187,TRUE,"exact","K7Q2M9XD",0.28
"tall_3x8.tiles","tall_3x8","tiles","RUN-42","Chrome 640px light page @1x","Chrome screenshot",1280,1843,640,NA,TRUE,38,190,FALSE,"NULL",NA,11.02
"wide_12x3.dots","wide_12x3","dots","f47ac10b-58cc-4372-a567-0e02b2c3d479","Chrome 640px light page @1x","Chrome screenshot",1280,296,640,NA,TRUE,291,58,TRUE,"exact","f47ac10b-58cc-4372-a567-0e02b2c3d479",0.37
"wide_12x3.tiles","wide_12x3","tiles","K7Q2M9XD","Chrome 640px light page @1x","Chrome screenshot",1280,296,640,NA,TRUE,291,63,FALSE,"NULL",NA,0.98
"small_4x3_96dpi.dots","small_4x3_96dpi","dots","K7Q2M9XD","Chrome 640px light page @1x","Chrome screenshot",1280,616,640,NA,TRUE,88,60,TRUE,"exact","K7Q2M9XD",0.1
"small_4x3_96dpi.tiles","small_4x3_96dpi","tiles","RUN-42","Chrome 640px light page @1x","Chrome screenshot",1280,616,640,NA,TRUE,88,63,FALSE,"exact","RUN-42",1.02
"huge_14x10_300dpi.dots","huge_14x10_300dpi","dots","f47ac10b-58cc-4372-a567-0e02b2c3d479","Chrome 640px light page @1x","Chrome screenshot",1280,594,640,NA,TRUE,337,236,TRUE,"NULL",NA,1.7
"long_title.dots","long_title","dots","ZZ0123456789ABCD","Chrome 640px light page @1x","Chrome screenshot",1280,594,640,NA,TRUE,164,99,TRUE,"exact","ZZ0123456789ABCD",0.08
"long_title.tiles","long_title","tiles","ZZ0123456789","Chrome 640px light page @1x","Chrome screenshot",1280,594,640,NA,TRUE,164,102,FALSE,"exact","ZZ0123456789",1.93
"coord_polar.dots","coord_polar","dots","K7Q2M9XD","Chrome 640px light page @1x","Chrome screenshot",1280,776,640,NA,TRUE,108,108,TRUE,"exact","K7Q2M9XD",0.07
"coord_polar.tiles","coord_polar","tiles","RUN-42","Chrome 640px light page @1x","Chrome screenshot",1280,776,640,NA,TRUE,108,108,FALSE,"NULL",NA,3.59
"text_heavy.dots","text_heavy","dots","Zürich-δ✓","Chrome 640px light page @1x","Chrome screenshot",1280,594,640,NA,TRUE,164,94,TRUE,"exact","Zürich-δ✓",0.06
"text_heavy.tiles","text_heavy","tiles","café-δ","Chrome 640px light page @1x","Chrome screenshot",1280,594,640,NA,TRUE,164,97,FALSE,"exact","café-δ",3.12
"baseline.dots","baseline","dots","K7Q2M9XD","Chrome 480px light page @1x","Chrome screenshot",1280,479,480,NA,TRUE,164,111,TRUE,"exact","K7Q2M9XD",0.12
"baseline.tiles","baseline","tiles","K7Q2M9XD","Chrome 480px light page @1x","Chrome screenshot",1280,479,480,NA,TRUE,164,114,FALSE,"exact","K7Q2M9XD",1.2
"facets_3x4.dots","facets_3x4","dots","K7Q2M9XD","Chrome 480px light page @1x","Chrome screenshot",1280,456,480,NA,TRUE,176,124,TRUE,"NULL",NA,4.08
"facet_wrap_1x2.dots","facet_wrap_1x2","dots","RUN-42","Chrome 480px light page @1x","Chrome screenshot",1280,403,480,NA,TRUE,215,105,TRUE,"NULL",NA,1.41
"facet_wrap_1x2.tiles","facet_wrap_1x2","tiles","K7Q2M9XD","Chrome 480px light page @1x","Chrome screenshot",1280,403,480,NA,TRUE,215,108,FALSE,"exact","K7Q2M9XD",1.59
"legend_caption.dots","legend_caption","dots","ZZ0123456789ABCD","Chrome 480px light page @1x","Chrome screenshot",1280,496,480,NA,TRUE,189,85,TRUE,"exact","ZZ0123456789ABCD",0.07
"legend_caption.tiles","legend_caption","tiles","K7Q2M9XD","Chrome 480px light page @1x","Chrome screenshot",1280,496,480,NA,TRUE,189,88,FALSE,"exact","K7Q2M9XD",2.02
"rug_outside.dots","rug_outside","dots","Zürich-δ✓","Chrome 480px light page @1x","Chrome screenshot",1280,479,480,NA,TRUE,164,111,TRUE,"exact","Zürich-δ✓",0.1
"rug_outside.tiles","rug_outside","tiles","café-δ","Chrome 480px light page @1x","Chrome screenshot",1280,479,480,NA,TRUE,164,114,FALSE,"NULL",NA,1.41
"heatmap_raster.dots","heatmap_raster","dots","f47ac10b-58cc-4372-a567-0e02b2c3d479","Chrome 480px light page @1x","Chrome screenshot",1280,479,480,NA,TRUE,144,109,TRUE,"exact","f47ac10b-58cc-4372-a567-0e02b2c3d479",0.52
"heatmap_raster.tiles","heatmap_raster","tiles","K7Q2M9XD","Chrome 480px light page @1x","Chrome screenshot",1280,479,480,NA,TRUE,144,114,FALSE,"NULL",NA,3.05
"dense_10k.dots","dense_10k","dots","K7Q2M9XD","Chrome 480px light page @1x","Chrome screenshot",1280,479,480,NA,TRUE,165,111,TRUE,"exact","K7Q2M9XD",0.35
"dense_10k.tiles","dense_10k","tiles","ZZ0123456789","Chrome 480px light page @1x","Chrome screenshot",1280,479,480,NA,TRUE,165,114,FALSE,"exact","ZZ0123456789",3.34
"dates_line.dots","dates_line","dots","f47ac10b-58cc-4372-a567-0e02b2c3d479","Chrome 480px light page @1x","Chrome screenshot",1280,406,480,NA,TRUE,184,96,TRUE,"exact","f47ac10b-58cc-4372-a567-0e02b2c3d479",0.49
"dates_line.tiles","dates_line","tiles","RUN-42","Chrome 480px light page @1x","Chrome screenshot",1280,406,480,NA,TRUE,184,101,FALSE,"NULL",NA,1.56
"theme_dark.dots","theme_dark","dots","RUN-42","Chrome 480px light page @1x","Chrome screenshot",1280,479,480,NA,TRUE,164,111,TRUE,"exact","RUN-42",0.37
"theme_dark.tiles","theme_dark","tiles","RUN-42","Chrome 480px light page @1x","Chrome screenshot",1280,479,480,NA,TRUE,164,114,FALSE,"exact","RUN-42",2.25
"black_bg.dots","black_bg","dots","K7Q2M9XD","Chrome 480px light page @1x","Chrome screenshot",1280,479,480,NA,TRUE,164,111,TRUE,"exact","K7Q2M9XD",0.52
"black_bg.tiles","black_bg","tiles","K7Q2M9XD","Chrome 480px light page @1x","Chrome screenshot",1280,479,480,NA,TRUE,164,114,FALSE,"NULL",NA,1.86
"theme_void.dots","theme_void","dots","f47ac10b-58cc-4372-a567-0e02b2c3d479","Chrome 480px light page @1x","Chrome screenshot",1280,479,480,NA,TRUE,178,120,TRUE,"exact","f47ac10b-58cc-4372-a567-0e02b2c3d479",0.33
"theme_void.tiles","theme_void","tiles","K7Q2M9XD","Chrome 480px light page @1x","Chrome screenshot",1280,479,480,NA,TRUE,178,127,FALSE,"exact","K7Q2M9XD",2.18
"tall_3x8.dots","tall_3x8","dots","K7Q2M9XD","Chrome 480px light page @1x","Chrome screenshot",1280,1416,480,NA,TRUE,38,187,TRUE,"exact","K7Q2M9XD",0.33
"tall_3x8.tiles","tall_3x8","tiles","RUN-42","Chrome 480px light page @1x","Chrome screenshot",1280,1416,480,NA,TRUE,38,190,FALSE,"NULL",NA,5.26
"wide_12x3.dots","wide_12x3","dots","f47ac10b-58cc-4372-a567-0e02b2c3d479","Chrome 480px light page @1x","Chrome screenshot",1280,256,480,NA,TRUE,291,58,TRUE,"NULL",NA,1.48
"wide_12x3.tiles","wide_12x3","tiles","K7Q2M9XD","Chrome 480px light page @1x","Chrome screenshot",1280,256,480,NA,TRUE,291,63,FALSE,"NULL",NA,2.18
"small_4x3_96dpi.dots","small_4x3_96dpi","dots","K7Q2M9XD","Chrome 480px light page @1x","Chrome screenshot",1280,496,480,NA,TRUE,88,60,TRUE,"exact","K7Q2M9XD",0.43
"small_4x3_96dpi.tiles","small_4x3_96dpi","tiles","RUN-42","Chrome 480px light page @1x","Chrome screenshot",1280,496,480,NA,TRUE,88,63,FALSE,"exact","RUN-42",2.36
"huge_14x10_300dpi.dots","huge_14x10_300dpi","dots","f47ac10b-58cc-4372-a567-0e02b2c3d479","Chrome 480px light page @1x","Chrome screenshot",1280,479,480,NA,TRUE,337,236,TRUE,"NULL",NA,2.18
"long_title.dots","long_title","dots","ZZ0123456789ABCD","Chrome 480px light page @1x","Chrome screenshot",1280,479,480,NA,TRUE,164,99,TRUE,"exact","ZZ0123456789ABCD",0.31
"long_title.tiles","long_title","tiles","ZZ0123456789","Chrome 480px light page @1x","Chrome screenshot",1280,479,480,NA,TRUE,164,102,FALSE,"exact","ZZ0123456789",2.81
"coord_polar.dots","coord_polar","dots","K7Q2M9XD","Chrome 480px light page @1x","Chrome screenshot",1280,616,480,NA,TRUE,108,108,TRUE,"exact","K7Q2M9XD",0.07
"coord_polar.tiles","coord_polar","tiles","RUN-42","Chrome 480px light page @1x","Chrome screenshot",1280,616,480,NA,TRUE,108,108,FALSE,"NULL",NA,2.23
"text_heavy.dots","text_heavy","dots","Zürich-δ✓","Chrome 480px light page @1x","Chrome screenshot",1280,479,480,NA,TRUE,164,94,TRUE,"exact","Zürich-δ✓",0.05
"text_heavy.tiles","text_heavy","tiles","café-δ","Chrome 480px light page @1x","Chrome screenshot",1280,479,480,NA,TRUE,164,97,FALSE,"exact","café-δ",1.38
"baseline.dots","baseline","dots","K7Q2M9XD","Chrome 360px light page @1x","Chrome screenshot",1280,394,360,NA,TRUE,164,111,TRUE,"NULL",NA,1.51
"baseline.tiles","baseline","tiles","K7Q2M9XD","Chrome 360px light page @1x","Chrome screenshot",1280,394,360,NA,TRUE,164,114,FALSE,"exact","K7Q2M9XD",1.27
"baseline.both","baseline","both","K7Q2M9XD","Chrome 360px light page @1x","Chrome screenshot",1280,394,360,NA,TRUE,164,111,TRUE,"exact","K7Q2M9XD",1.23
"baseline.none","baseline","none",NA,"Chrome 360px light page @1x","Chrome screenshot",1280,394,360,NA,TRUE,164,114,FALSE,"NULL",NA,1.08
"facets_3x4.dots","facets_3x4","dots","K7Q2M9XD","Chrome 360px light page @1x","Chrome screenshot",1280,376,360,NA,TRUE,176,124,TRUE,"NULL",NA,0.72
"facets_3x4.tiles","facets_3x4","tiles","RUN-42","Chrome 360px light page @1x","Chrome screenshot",1280,376,360,NA,TRUE,176,127,FALSE,"NULL",NA,0.82
"facets_3x4.both","facets_3x4","both","RUN-42","Chrome 360px light page @1x","Chrome screenshot",1280,376,360,NA,TRUE,176,124,TRUE,"NULL",NA,0.7
"facets_3x4.none","facets_3x4","none",NA,"Chrome 360px light page @1x","Chrome screenshot",1280,376,360,NA,TRUE,176,127,FALSE,"NULL",NA,0.75
"facet_wrap_1x2.dots","facet_wrap_1x2","dots","RUN-42","Chrome 360px light page @1x","Chrome screenshot",1280,336,360,NA,TRUE,215,105,TRUE,"NULL",NA,0.74
"facet_wrap_1x2.tiles","facet_wrap_1x2","tiles","K7Q2M9XD","Chrome 360px light page @1x","Chrome screenshot",1280,336,360,NA,TRUE,215,108,FALSE,"exact","K7Q2M9XD",0.59
"facet_wrap_1x2.both","facet_wrap_1x2","both","K7Q2M9XD","Chrome 360px light page @1x","Chrome screenshot",1280,336,360,NA,TRUE,215,105,TRUE,"exact","K7Q2M9XD",0.62
"facet_wrap_1x2.none","facet_wrap_1x2","none",NA,"Chrome 360px light page @1x","Chrome screenshot",1280,336,360,NA,TRUE,215,108,FALSE,"NULL",NA,1.17
"legend_caption.dots","legend_caption","dots","ZZ0123456789ABCD","Chrome 360px light page @1x","Chrome screenshot",1280,406,360,NA,TRUE,189,85,TRUE,"NULL",NA,1.2
"legend_caption.tiles","legend_caption","tiles","K7Q2M9XD","Chrome 360px light page @1x","Chrome screenshot",1280,406,360,NA,TRUE,189,88,FALSE,"exact","K7Q2M9XD",1.22
"legend_caption.both","legend_caption","both","K7Q2M9XD","Chrome 360px light page @1x","Chrome screenshot",1280,406,360,NA,TRUE,189,85,TRUE,"NULL",NA,2.38
"legend_caption.none","legend_caption","none",NA,"Chrome 360px light page @1x","Chrome screenshot",1280,406,360,NA,TRUE,189,88,FALSE,"NULL",NA,1.84
"rug_outside.dots","rug_outside","dots","Zürich-δ✓","Chrome 360px light page @1x","Chrome screenshot",1280,394,360,NA,TRUE,164,111,TRUE,"exact","Zürich-δ✓",0.06
"rug_outside.tiles","rug_outside","tiles","café-δ","Chrome 360px light page @1x","Chrome screenshot",1280,394,360,NA,TRUE,164,114,FALSE,"NULL",NA,0.97
"rug_outside.both","rug_outside","both","café-δ","Chrome 360px light page @1x","Chrome screenshot",1280,394,360,NA,TRUE,164,111,TRUE,"exact","café-δ",0.05
"rug_outside.none","rug_outside","none",NA,"Chrome 360px light page @1x","Chrome screenshot",1280,394,360,NA,TRUE,164,114,FALSE,"NULL",NA,1.86
"heatmap_raster.dots","heatmap_raster","dots","f47ac10b-58cc-4372-a567-0e02b2c3d479","Chrome 360px light page @1x","Chrome screenshot",1280,394,360,NA,TRUE,144,109,FALSE,"exact","f47ac10b-58cc-4372-a567-0e02b2c3d479",0.37
"heatmap_raster.tiles","heatmap_raster","tiles","K7Q2M9XD","Chrome 360px light page @1x","Chrome screenshot",1280,394,360,NA,TRUE,144,114,FALSE,"NULL",NA,2.37
"heatmap_raster.both","heatmap_raster","both","K7Q2M9XD","Chrome 360px light page @1x","Chrome screenshot",1280,394,360,NA,TRUE,144,111,TRUE,"NULL",NA,2.75
"heatmap_raster.none","heatmap_raster","none",NA,"Chrome 360px light page @1x","Chrome screenshot",1280,394,360,NA,TRUE,144,114,FALSE,"NULL",NA,2.38
"dense_10k.dots","dense_10k","dots","K7Q2M9XD","Chrome 360px light page @1x","Chrome screenshot",1280,394,360,NA,TRUE,165,111,TRUE,"NULL",NA,2.67
"dense_10k.tiles","dense_10k","tiles","ZZ0123456789","Chrome 360px light page @1x","Chrome screenshot",1280,394,360,NA,TRUE,165,114,FALSE,"exact","ZZ0123456789",2.05
"dense_10k.both","dense_10k","both","ZZ0123456789","Chrome 360px light page @1x","Chrome screenshot",1280,394,360,NA,TRUE,165,111,TRUE,"NULL",NA,3.38
"dense_10k.none","dense_10k","none",NA,"Chrome 360px light page @1x","Chrome screenshot",1280,394,360,NA,TRUE,165,114,FALSE,"NULL",NA,3.11
"dates_line.dots","dates_line","dots","f47ac10b-58cc-4372-a567-0e02b2c3d479","Chrome 360px light page @1x","Chrome screenshot",1280,339,360,NA,TRUE,184,96,FALSE,"NULL",NA,1.43
"dates_line.tiles","dates_line","tiles","RUN-42","Chrome 360px light page @1x","Chrome screenshot",1280,339,360,NA,TRUE,184,101,FALSE,"NULL",NA,2.03
"dates_line.both","dates_line","both","RUN-42","Chrome 360px light page @1x","Chrome screenshot",1280,339,360,NA,TRUE,184,98,TRUE,"NULL",NA,1.17
"dates_line.none","dates_line","none",NA,"Chrome 360px light page @1x","Chrome screenshot",1280,339,360,NA,TRUE,184,101,FALSE,"NULL",NA,1.47
"theme_dark.dots","theme_dark","dots","RUN-42","Chrome 360px light page @1x","Chrome screenshot",1280,394,360,NA,TRUE,164,111,TRUE,"exact","RUN-42",0.07
"theme_dark.tiles","theme_dark","tiles","RUN-42","Chrome 360px light page @1x","Chrome screenshot",1280,394,360,NA,TRUE,164,114,FALSE,"exact","RUN-42",1.83
"theme_dark.both","theme_dark","both","RUN-42","Chrome 360px light page @1x","Chrome screenshot",1280,394,360,NA,TRUE,164,111,TRUE,"exact","RUN-42",0.06
"theme_dark.none","theme_dark","none",NA,"Chrome 360px light page @1x","Chrome screenshot",1280,394,360,NA,TRUE,164,114,FALSE,"NULL",NA,2.48
"black_bg.dots","black_bg","dots","K7Q2M9XD","Chrome 360px light page @1x","Chrome screenshot",1280,394,360,NA,TRUE,164,111,TRUE,"NULL",NA,2.37
"black_bg.tiles","black_bg","tiles","K7Q2M9XD","Chrome 360px light page @1x","Chrome screenshot",1280,394,360,NA,TRUE,164,114,FALSE,"NULL",NA,2.11
"black_bg.both","black_bg","both","K7Q2M9XD","Chrome 360px light page @1x","Chrome screenshot",1280,394,360,NA,TRUE,164,111,TRUE,"NULL",NA,2.24
"black_bg.none","black_bg","none",NA,"Chrome 360px light page @1x","Chrome screenshot",1280,394,360,NA,TRUE,164,114,FALSE,"NULL",NA,2.19
"theme_void.dots","theme_void","dots","f47ac10b-58cc-4372-a567-0e02b2c3d479","Chrome 360px light page @1x","Chrome screenshot",1280,394,360,NA,TRUE,178,120,FALSE,"exact","f47ac10b-58cc-4372-a567-0e02b2c3d479",0.25
"theme_void.tiles","theme_void","tiles","K7Q2M9XD","Chrome 360px light page @1x","Chrome screenshot",1280,394,360,NA,TRUE,178,127,FALSE,"exact","K7Q2M9XD",0.84
"theme_void.both","theme_void","both","K7Q2M9XD","Chrome 360px light page @1x","Chrome screenshot",1280,394,360,NA,TRUE,178,122,TRUE,"exact","K7Q2M9XD",0.99
"theme_void.none","theme_void","none",NA,"Chrome 360px light page @1x","Chrome screenshot",1280,394,360,NA,TRUE,178,127,FALSE,"NULL",NA,1.78
"tall_3x8.dots","tall_3x8","dots","K7Q2M9XD","Chrome 360px light page @1x","Chrome screenshot",1280,1096,360,NA,TRUE,38,187,TRUE,"NULL",NA,3.31
"tall_3x8.tiles","tall_3x8","tiles","RUN-42","Chrome 360px light page @1x","Chrome screenshot",1280,1096,360,NA,TRUE,38,190,FALSE,"NULL",NA,3.34
"tall_3x8.both","tall_3x8","both","RUN-42","Chrome 360px light page @1x","Chrome screenshot",1280,1096,360,NA,TRUE,38,187,TRUE,"exact","RUN-42",0.12
"tall_3x8.none","tall_3x8","none",NA,"Chrome 360px light page @1x","Chrome screenshot",1280,1096,360,NA,TRUE,38,190,FALSE,"NULL",NA,3.27
"wide_12x3.dots","wide_12x3","dots","f47ac10b-58cc-4372-a567-0e02b2c3d479","Chrome 360px light page @1x","Chrome screenshot",1280,226,360,NA,TRUE,291,58,FALSE,"NULL",NA,0.77
"wide_12x3.tiles","wide_12x3","tiles","K7Q2M9XD","Chrome 360px light page @1x","Chrome screenshot",1280,226,360,NA,TRUE,291,63,FALSE,"NULL",NA,1.53
"wide_12x3.both","wide_12x3","both","K7Q2M9XD","Chrome 360px light page @1x","Chrome screenshot",1280,226,360,NA,TRUE,291,60,TRUE,"NULL",NA,1.17
"wide_12x3.none","wide_12x3","none",NA,"Chrome 360px light page @1x","Chrome screenshot",1280,226,360,NA,TRUE,291,63,FALSE,"NULL",NA,1.8
"small_4x3_96dpi.dots","small_4x3_96dpi","dots","K7Q2M9XD","Chrome 360px light page @1x","Chrome screenshot",1280,406,360,NA,TRUE,88,60,TRUE,"NULL",NA,1.73
"small_4x3_96dpi.tiles","small_4x3_96dpi","tiles","RUN-42","Chrome 360px light page @1x","Chrome screenshot",1280,406,360,NA,TRUE,88,63,FALSE,"NULL",NA,2.46
"small_4x3_96dpi.both","small_4x3_96dpi","both","RUN-42","Chrome 360px light page @1x","Chrome screenshot",1280,406,360,NA,TRUE,88,60,TRUE,"NULL",NA,2.22
"small_4x3_96dpi.none","small_4x3_96dpi","none",NA,"Chrome 360px light page @1x","Chrome screenshot",1280,406,360,NA,TRUE,88,63,FALSE,"NULL",NA,1.91
"huge_14x10_300dpi.dots","huge_14x10_300dpi","dots","f47ac10b-58cc-4372-a567-0e02b2c3d479","Chrome 360px light page @1x","Chrome screenshot",1280,394,360,NA,TRUE,337,236,FALSE,"NULL",NA,1.38
"huge_14x10_300dpi.tiles","huge_14x10_300dpi","tiles","K7Q2M9XD","Chrome 360px light page @1x","Chrome screenshot",1280,394,360,NA,TRUE,337,241,FALSE,"exact","K7Q2M9XD",0.82
"huge_14x10_300dpi.both","huge_14x10_300dpi","both","K7Q2M9XD","Chrome 360px light page @1x","Chrome screenshot",1280,394,360,NA,TRUE,337,238,TRUE,"exact","K7Q2M9XD",0.95
"huge_14x10_300dpi.none","huge_14x10_300dpi","none",NA,"Chrome 360px light page @1x","Chrome screenshot",1280,394,360,NA,TRUE,337,241,FALSE,"NULL",NA,2.55
"long_title.dots","long_title","dots","ZZ0123456789ABCD","Chrome 360px light page @1x","Chrome screenshot",1280,394,360,NA,TRUE,164,99,TRUE,"exact","ZZ0123456789ABCD",0.13
"long_title.tiles","long_title","tiles","ZZ0123456789","Chrome 360px light page @1x","Chrome screenshot",1280,394,360,NA,TRUE,164,102,FALSE,"NULL",NA,3.09
"long_title.both","long_title","both","ZZ0123456789","Chrome 360px light page @1x","Chrome screenshot",1280,394,360,NA,TRUE,164,99,TRUE,"exact","ZZ0123456789",1.78
"long_title.none","long_title","none",NA,"Chrome 360px light page @1x","Chrome screenshot",1280,394,360,NA,TRUE,164,102,FALSE,"NULL",NA,4.02
"coord_polar.dots","coord_polar","dots","K7Q2M9XD","Chrome 360px light page @1x","Chrome screenshot",1280,496,360,NA,TRUE,108,108,TRUE,"NULL",NA,1.3
"coord_polar.tiles","coord_polar","tiles","RUN-42","Chrome 360px light page @1x","Chrome screenshot",1280,496,360,NA,TRUE,108,108,FALSE,"NULL",NA,1.27
"coord_polar.both","coord_polar","both","RUN-42","Chrome 360px light page @1x","Chrome screenshot",1280,496,360,NA,TRUE,108,108,TRUE,"exact","RUN-42",0.07
"coord_polar.none","coord_polar","none",NA,"Chrome 360px light page @1x","Chrome screenshot",1280,496,360,NA,TRUE,108,108,FALSE,"NULL",NA,2.56
"text_heavy.dots","text_heavy","dots","Zürich-δ✓","Chrome 360px light page @1x","Chrome screenshot",1280,394,360,NA,TRUE,164,94,TRUE,"exact","Zürich-δ✓",0.06
"text_heavy.tiles","text_heavy","tiles","café-δ","Chrome 360px light page @1x","Chrome screenshot",1280,394,360,NA,TRUE,164,97,FALSE,"exact","café-δ",1.65
"text_heavy.both","text_heavy","both","café-δ","Chrome 360px light page @1x","Chrome screenshot",1280,394,360,NA,TRUE,164,94,TRUE,"exact","café-δ",0.11
"text_heavy.none","text_heavy","none",NA,"Chrome 360px light page @1x","Chrome screenshot",1280,394,360,NA,TRUE,164,97,FALSE,"NULL",NA,1.77
"baseline.dots","baseline","dots","K7Q2M9XD","Chrome 100% light page @2x","Chrome screenshot",2560,2032,2464,NA,TRUE,164,111,TRUE,"exact","K7Q2M9XD",0.98
"baseline.tiles","baseline","tiles","K7Q2M9XD","Chrome 100% light page @2x","Chrome screenshot",2560,2032,2464,NA,TRUE,164,114,TRUE,"exact","K7Q2M9XD",5.83
"facets_3x4.dots","facets_3x4","dots","K7Q2M9XD","Chrome 100% light page @2x","Chrome screenshot",2560,1916,2464,NA,TRUE,176,124,TRUE,"exact","K7Q2M9XD",0.6
"facet_wrap_1x2.dots","facet_wrap_1x2","dots","RUN-42","Chrome 100% light page @2x","Chrome screenshot",2560,1642,2464,NA,TRUE,215,105,TRUE,"exact","RUN-42",0.62
"facet_wrap_1x2.tiles","facet_wrap_1x2","tiles","K7Q2M9XD","Chrome 100% light page @2x","Chrome screenshot",2560,1642,2464,NA,TRUE,215,108,TRUE,"exact","K7Q2M9XD",15.97
"legend_caption.dots","legend_caption","dots","ZZ0123456789ABCD","Chrome 100% light page @2x","Chrome screenshot",2560,2120,2464,NA,TRUE,189,85,TRUE,"exact","ZZ0123456789ABCD",0.52
"legend_caption.tiles","legend_caption","tiles","K7Q2M9XD","Chrome 100% light page @2x","Chrome screenshot",2560,2120,2464,NA,TRUE,189,88,TRUE,"exact","K7Q2M9XD",41.15
"rug_outside.dots","rug_outside","dots","Zürich-δ✓","Chrome 100% light page @2x","Chrome screenshot",2560,2032,2464,NA,TRUE,164,111,TRUE,"exact","Zürich-δ✓",1.37
"rug_outside.tiles","rug_outside","tiles","café-δ","Chrome 100% light page @2x","Chrome screenshot",2560,2032,2464,NA,TRUE,164,114,TRUE,"exact","café-δ",18.41
"heatmap_raster.dots","heatmap_raster","dots","f47ac10b-58cc-4372-a567-0e02b2c3d479","Chrome 100% light page @2x","Chrome screenshot",2560,2032,2464,NA,TRUE,144,109,TRUE,"exact","f47ac10b-58cc-4372-a567-0e02b2c3d479",4.42
"heatmap_raster.tiles","heatmap_raster","tiles","K7Q2M9XD","Chrome 100% light page @2x","Chrome screenshot",2560,2032,2464,NA,TRUE,144,114,FALSE,"NULL",NA,12.42
"dense_10k.dots","dense_10k","dots","K7Q2M9XD","Chrome 100% light page @2x","Chrome screenshot",2560,2032,2464,NA,TRUE,165,111,TRUE,"exact","K7Q2M9XD",0.6
"dense_10k.tiles","dense_10k","tiles","ZZ0123456789","Chrome 100% light page @2x","Chrome screenshot",2560,2032,2464,NA,TRUE,165,114,TRUE,"exact","ZZ0123456789",13.55
"dates_line.dots","dates_line","dots","f47ac10b-58cc-4372-a567-0e02b2c3d479","Chrome 100% light page @2x","Chrome screenshot",2560,1658,2464,NA,TRUE,184,96,TRUE,"exact","f47ac10b-58cc-4372-a567-0e02b2c3d479",6.33
"dates_line.tiles","dates_line","tiles","RUN-42","Chrome 100% light page @2x","Chrome screenshot",2560,1658,2464,NA,TRUE,184,101,TRUE,"exact","RUN-42",15.83
"theme_dark.dots","theme_dark","dots","RUN-42","Chrome 100% light page @2x","Chrome screenshot",2560,2032,2464,NA,TRUE,164,111,TRUE,"exact","RUN-42",1.3
"theme_dark.tiles","theme_dark","tiles","RUN-42","Chrome 100% light page @2x","Chrome screenshot",2560,2032,2464,NA,TRUE,164,114,TRUE,"exact","RUN-42",11.54
"black_bg.dots","black_bg","dots","K7Q2M9XD","Chrome 100% light page @2x","Chrome screenshot",2560,2032,2464,NA,TRUE,164,111,TRUE,"exact","K7Q2M9XD",0.87
"black_bg.tiles","black_bg","tiles","K7Q2M9XD","Chrome 100% light page @2x","Chrome screenshot",2560,2032,2464,NA,TRUE,164,114,TRUE,"exact","K7Q2M9XD",9.35
"theme_void.dots","theme_void","dots","f47ac10b-58cc-4372-a567-0e02b2c3d479","Chrome 100% light page @2x","Chrome screenshot",2560,2032,2464,NA,TRUE,178,120,TRUE,"exact","f47ac10b-58cc-4372-a567-0e02b2c3d479",4.64
"theme_void.tiles","theme_void","tiles","K7Q2M9XD","Chrome 100% light page @2x","Chrome screenshot",2560,2032,2464,NA,TRUE,178,127,TRUE,"exact","K7Q2M9XD",12.52
"tall_3x8.dots","tall_3x8","dots","K7Q2M9XD","Chrome 100% light page @2x","Chrome screenshot",2560,6844,2464,NA,TRUE,38,187,TRUE,"exact","K7Q2M9XD",5.27
"tall_3x8.tiles","tall_3x8","tiles","RUN-42","Chrome 100% light page @2x","Chrome screenshot",2560,6844,2464,NA,TRUE,38,190,FALSE,"NULL",NA,95.12
"wide_12x3.dots","wide_12x3","dots","f47ac10b-58cc-4372-a567-0e02b2c3d479","Chrome 100% light page @2x","Chrome screenshot",2560,888,2464,NA,TRUE,291,58,TRUE,"exact","f47ac10b-58cc-4372-a567-0e02b2c3d479",2.65
"wide_12x3.tiles","wide_12x3","tiles","K7Q2M9XD","Chrome 100% light page @2x","Chrome screenshot",2560,888,2464,NA,TRUE,291,63,FALSE,"exact","K7Q2M9XD",4.32
"small_4x3_96dpi.dots","small_4x3_96dpi","dots","K7Q2M9XD","Chrome 100% light page @2x","Chrome screenshot",2560,2120,2464,NA,TRUE,88,60,TRUE,"exact","K7Q2M9XD",0.74
"small_4x3_96dpi.tiles","small_4x3_96dpi","tiles","RUN-42","Chrome 100% light page @2x","Chrome screenshot",2560,2120,2464,NA,TRUE,88,63,TRUE,"exact","RUN-42",10.3
"huge_14x10_300dpi.dots","huge_14x10_300dpi","dots","f47ac10b-58cc-4372-a567-0e02b2c3d479","Chrome 100% light page @2x","Chrome screenshot",2560,2032,2464,NA,TRUE,337,236,TRUE,"exact","f47ac10b-58cc-4372-a567-0e02b2c3d479",1.89
"long_title.dots","long_title","dots","ZZ0123456789ABCD","Chrome 100% light page @2x","Chrome screenshot",2560,2032,2464,NA,TRUE,164,99,TRUE,"exact","ZZ0123456789ABCD",0.61
"long_title.tiles","long_title","tiles","ZZ0123456789","Chrome 100% light page @2x","Chrome screenshot",2560,2032,2464,NA,TRUE,164,102,TRUE,"exact","ZZ0123456789",6.03
"coord_polar.dots","coord_polar","dots","K7Q2M9XD","Chrome 100% light page @2x","Chrome screenshot",2560,2736,2464,NA,TRUE,108,108,TRUE,"exact","K7Q2M9XD",1.74
"coord_polar.tiles","coord_polar","tiles","RUN-42","Chrome 100% light page @2x","Chrome screenshot",2560,2736,2464,NA,TRUE,108,108,FALSE,"NULL",NA,12.9
"text_heavy.dots","text_heavy","dots","Zürich-δ✓","Chrome 100% light page @2x","Chrome screenshot",2560,2032,2464,NA,TRUE,164,94,TRUE,"exact","Zürich-δ✓",0.56
"text_heavy.tiles","text_heavy","tiles","café-δ","Chrome 100% light page @2x","Chrome screenshot",2560,2032,2464,NA,TRUE,164,97,TRUE,"exact","café-δ",19.01
"baseline.dots","baseline","dots","K7Q2M9XD","Chrome 640px light page @2x","Chrome screenshot",2560,1188,1280,NA,TRUE,164,111,TRUE,"exact","K7Q2M9XD",0.34
"baseline.tiles","baseline","tiles","K7Q2M9XD","Chrome 640px light page @2x","Chrome screenshot",2560,1188,1280,NA,TRUE,164,114,TRUE,"exact","K7Q2M9XD",3.37
"facets_3x4.dots","facets_3x4","dots","K7Q2M9XD","Chrome 640px light page @2x","Chrome screenshot",2560,1126,1280,NA,TRUE,176,124,TRUE,"exact","K7Q2M9XD",0.37
"facet_wrap_1x2.dots","facet_wrap_1x2","dots","RUN-42","Chrome 640px light page @2x","Chrome screenshot",2560,984,1280,NA,TRUE,215,105,TRUE,"exact","RUN-42",0.41
"facet_wrap_1x2.tiles","facet_wrap_1x2","tiles","K7Q2M9XD","Chrome 640px light page @2x","Chrome screenshot",2560,984,1280,NA,TRUE,215,108,TRUE,"exact","K7Q2M9XD",3.61
"legend_caption.dots","legend_caption","dots","ZZ0123456789ABCD","Chrome 640px light page @2x","Chrome screenshot",2560,1232,1280,NA,TRUE,189,85,TRUE,"exact","ZZ0123456789ABCD",0.32
"legend_caption.tiles","legend_caption","tiles","K7Q2M9XD","Chrome 640px light page @2x","Chrome screenshot",2560,1232,1280,NA,TRUE,189,88,TRUE,"exact","K7Q2M9XD",13.53
"rug_outside.dots","rug_outside","dots","Zürich-δ✓","Chrome 640px light page @2x","Chrome screenshot",2560,1188,1280,NA,TRUE,164,111,TRUE,"exact","Zürich-δ✓",0.34
"rug_outside.tiles","rug_outside","tiles","café-δ","Chrome 640px light page @2x","Chrome screenshot",2560,1188,1280,NA,TRUE,164,114,TRUE,"exact","café-δ",3.67
"heatmap_raster.dots","heatmap_raster","dots","f47ac10b-58cc-4372-a567-0e02b2c3d479","Chrome 640px light page @2x","Chrome screenshot",2560,1188,1280,NA,TRUE,144,109,TRUE,"exact","f47ac10b-58cc-4372-a567-0e02b2c3d479",1.86
"heatmap_raster.tiles","heatmap_raster","tiles","K7Q2M9XD","Chrome 640px light page @2x","Chrome screenshot",2560,1188,1280,NA,TRUE,144,114,FALSE,"NULL",NA,4.98
"dense_10k.dots","dense_10k","dots","K7Q2M9XD","Chrome 640px light page @2x","Chrome screenshot",2560,1188,1280,NA,TRUE,165,111,TRUE,"exact","K7Q2M9XD",0.32
"dense_10k.tiles","dense_10k","tiles","ZZ0123456789","Chrome 640px light page @2x","Chrome screenshot",2560,1188,1280,NA,TRUE,165,114,TRUE,"exact","ZZ0123456789",6.09
"dates_line.dots","dates_line","dots","f47ac10b-58cc-4372-a567-0e02b2c3d479","Chrome 640px light page @2x","Chrome screenshot",2560,992,1280,NA,TRUE,184,96,TRUE,"exact","f47ac10b-58cc-4372-a567-0e02b2c3d479",1.41
"dates_line.tiles","dates_line","tiles","RUN-42","Chrome 640px light page @2x","Chrome screenshot",2560,992,1280,NA,TRUE,184,101,TRUE,"exact","RUN-42",2.82
"theme_dark.dots","theme_dark","dots","RUN-42","Chrome 640px light page @2x","Chrome screenshot",2560,1188,1280,NA,TRUE,164,111,TRUE,"exact","RUN-42",0.35
"theme_dark.tiles","theme_dark","tiles","RUN-42","Chrome 640px light page @2x","Chrome screenshot",2560,1188,1280,NA,TRUE,164,114,TRUE,"exact","RUN-42",3.83
"black_bg.dots","black_bg","dots","K7Q2M9XD","Chrome 640px light page @2x","Chrome screenshot",2560,1188,1280,NA,TRUE,164,111,TRUE,"exact","K7Q2M9XD",0.32
"black_bg.tiles","black_bg","tiles","K7Q2M9XD","Chrome 640px light page @2x","Chrome screenshot",2560,1188,1280,NA,TRUE,164,114,TRUE,"NULL",NA,4.09
"theme_void.dots","theme_void","dots","f47ac10b-58cc-4372-a567-0e02b2c3d479","Chrome 640px light page @2x","Chrome screenshot",2560,1188,1280,NA,TRUE,178,120,TRUE,"exact","f47ac10b-58cc-4372-a567-0e02b2c3d479",1.34
"theme_void.tiles","theme_void","tiles","K7Q2M9XD","Chrome 640px light page @2x","Chrome screenshot",2560,1188,1280,NA,TRUE,178,127,TRUE,"exact","K7Q2M9XD",2.18
"tall_3x8.dots","tall_3x8","dots","K7Q2M9XD","Chrome 640px light page @2x","Chrome screenshot",2560,3686,1280,NA,TRUE,38,187,TRUE,"exact","K7Q2M9XD",1.67
"tall_3x8.tiles","tall_3x8","tiles","RUN-42","Chrome 640px light page @2x","Chrome screenshot",2560,3686,1280,NA,TRUE,38,190,FALSE,"NULL",NA,28.1
"wide_12x3.dots","wide_12x3","dots","f47ac10b-58cc-4372-a567-0e02b2c3d479","Chrome 640px light page @2x","Chrome screenshot",2560,592,1280,NA,TRUE,291,58,TRUE,"NULL",NA,1.78
"wide_12x3.tiles","wide_12x3","tiles","K7Q2M9XD","Chrome 640px light page @2x","Chrome screenshot",2560,592,1280,NA,TRUE,291,63,FALSE,"NULL",NA,1.04
"small_4x3_96dpi.dots","small_4x3_96dpi","dots","K7Q2M9XD","Chrome 640px light page @2x","Chrome screenshot",2560,1232,1280,NA,TRUE,88,60,TRUE,"exact","K7Q2M9XD",0.18
"small_4x3_96dpi.tiles","small_4x3_96dpi","tiles","RUN-42","Chrome 640px light page @2x","Chrome screenshot",2560,1232,1280,NA,TRUE,88,63,TRUE,"exact","RUN-42",2.45
"huge_14x10_300dpi.dots","huge_14x10_300dpi","dots","f47ac10b-58cc-4372-a567-0e02b2c3d479","Chrome 640px light page @2x","Chrome screenshot",2560,1188,1280,NA,TRUE,337,236,TRUE,"NULL",NA,3.05
"long_title.dots","long_title","dots","ZZ0123456789ABCD","Chrome 640px light page @2x","Chrome screenshot",2560,1188,1280,NA,TRUE,164,99,TRUE,"exact","ZZ0123456789ABCD",0.3
"long_title.tiles","long_title","tiles","ZZ0123456789","Chrome 640px light page @2x","Chrome screenshot",2560,1188,1280,NA,TRUE,164,102,TRUE,"exact","ZZ0123456789",2.66
"coord_polar.dots","coord_polar","dots","K7Q2M9XD","Chrome 640px light page @2x","Chrome screenshot",2560,1552,1280,NA,TRUE,108,108,TRUE,"exact","K7Q2M9XD",0.24
"coord_polar.tiles","coord_polar","tiles","RUN-42","Chrome 640px light page @2x","Chrome screenshot",2560,1552,1280,NA,TRUE,108,108,FALSE,"NULL",NA,4.7
"text_heavy.dots","text_heavy","dots","Zürich-δ✓","Chrome 640px light page @2x","Chrome screenshot",2560,1188,1280,NA,TRUE,164,94,TRUE,"exact","Zürich-δ✓",0.19
"text_heavy.tiles","text_heavy","tiles","café-δ","Chrome 640px light page @2x","Chrome screenshot",2560,1188,1280,NA,TRUE,164,97,TRUE,"exact","café-δ",3.9
"baseline.dots","baseline","dots","K7Q2M9XD","Chrome 480px light page @2x","Chrome screenshot",2560,958,960,NA,TRUE,164,111,TRUE,"exact","K7Q2M9XD",0.14
"baseline.tiles","baseline","tiles","K7Q2M9XD","Chrome 480px light page @2x","Chrome screenshot",2560,958,960,NA,TRUE,164,114,TRUE,"exact","K7Q2M9XD",1.89
"facets_3x4.dots","facets_3x4","dots","K7Q2M9XD","Chrome 480px light page @2x","Chrome screenshot",2560,912,960,NA,TRUE,176,124,TRUE,"NULL",NA,2.48
"facet_wrap_1x2.dots","facet_wrap_1x2","dots","RUN-42","Chrome 480px light page @2x","Chrome screenshot",2560,806,960,NA,TRUE,215,105,TRUE,"NULL",NA,1.79
"facet_wrap_1x2.tiles","facet_wrap_1x2","tiles","K7Q2M9XD","Chrome 480px light page @2x","Chrome screenshot",2560,806,960,NA,TRUE,215,108,FALSE,"exact","K7Q2M9XD",2.38
"legend_caption.dots","legend_caption","dots","ZZ0123456789ABCD","Chrome 480px light page @2x","Chrome screenshot",2560,992,960,NA,TRUE,189,85,TRUE,"exact","ZZ0123456789ABCD",0.27
"legend_caption.tiles","legend_caption","tiles","K7Q2M9XD","Chrome 480px light page @2x","Chrome screenshot",2560,992,960,NA,TRUE,189,88,FALSE,"exact","K7Q2M9XD",7.97
"rug_outside.dots","rug_outside","dots","Zürich-δ✓","Chrome 480px light page @2x","Chrome screenshot",2560,958,960,NA,TRUE,164,111,TRUE,"exact","Zürich-δ✓",0.27
"rug_outside.tiles","rug_outside","tiles","café-δ","Chrome 480px light page @2x","Chrome screenshot",2560,958,960,NA,TRUE,164,114,TRUE,"NULL",NA,2.49
"heatmap_raster.dots","heatmap_raster","dots","f47ac10b-58cc-4372-a567-0e02b2c3d479","Chrome 480px light page @2x","Chrome screenshot",2560,958,960,NA,TRUE,144,109,TRUE,"exact","f47ac10b-58cc-4372-a567-0e02b2c3d479",1.05
"heatmap_raster.tiles","heatmap_raster","tiles","K7Q2M9XD","Chrome 480px light page @2x","Chrome screenshot",2560,958,960,NA,TRUE,144,114,FALSE,"NULL",NA,3.59
"dense_10k.dots","dense_10k","dots","K7Q2M9XD","Chrome 480px light page @2x","Chrome screenshot",2560,958,960,NA,TRUE,165,111,TRUE,"exact","K7Q2M9XD",0.18
"dense_10k.tiles","dense_10k","tiles","ZZ0123456789","Chrome 480px light page @2x","Chrome screenshot",2560,958,960,NA,TRUE,165,114,TRUE,"exact","ZZ0123456789",5.05
"dates_line.dots","dates_line","dots","f47ac10b-58cc-4372-a567-0e02b2c3d479","Chrome 480px light page @2x","Chrome screenshot",2560,812,960,NA,TRUE,184,96,TRUE,"exact","f47ac10b-58cc-4372-a567-0e02b2c3d479",2.02
"dates_line.tiles","dates_line","tiles","RUN-42","Chrome 480px light page @2x","Chrome screenshot",2560,812,960,NA,TRUE,184,101,FALSE,"NULL",NA,3.36
"theme_dark.dots","theme_dark","dots","RUN-42","Chrome 480px light page @2x","Chrome screenshot",2560,958,960,NA,TRUE,164,111,TRUE,"exact","RUN-42",0.26
"theme_dark.tiles","theme_dark","tiles","RUN-42","Chrome 480px light page @2x","Chrome screenshot",2560,958,960,NA,TRUE,164,114,TRUE,"exact","RUN-42",2.84
"black_bg.dots","black_bg","dots","K7Q2M9XD","Chrome 480px light page @2x","Chrome screenshot",2560,958,960,NA,TRUE,164,111,TRUE,"exact","K7Q2M9XD",0.91
"black_bg.tiles","black_bg","tiles","K7Q2M9XD","Chrome 480px light page @2x","Chrome screenshot",2560,958,960,NA,TRUE,164,114,TRUE,"NULL",NA,3.64
"theme_void.dots","theme_void","dots","f47ac10b-58cc-4372-a567-0e02b2c3d479","Chrome 480px light page @2x","Chrome screenshot",2560,958,960,NA,TRUE,178,120,TRUE,"exact","f47ac10b-58cc-4372-a567-0e02b2c3d479",0.83
"theme_void.tiles","theme_void","tiles","K7Q2M9XD","Chrome 480px light page @2x","Chrome screenshot",2560,958,960,NA,TRUE,178,127,TRUE,"exact","K7Q2M9XD",2.43
"tall_3x8.dots","tall_3x8","dots","K7Q2M9XD","Chrome 480px light page @2x","Chrome screenshot",2560,2832,960,NA,TRUE,38,187,TRUE,"exact","K7Q2M9XD",2.07
"tall_3x8.tiles","tall_3x8","tiles","RUN-42","Chrome 480px light page @2x","Chrome screenshot",2560,2832,960,NA,TRUE,38,190,FALSE,"NULL",NA,13.66
"wide_12x3.dots","wide_12x3","dots","f47ac10b-58cc-4372-a567-0e02b2c3d479","Chrome 480px light page @2x","Chrome screenshot",2560,512,960,NA,TRUE,291,58,TRUE,"NULL",NA,2.16
"wide_12x3.tiles","wide_12x3","tiles","K7Q2M9XD","Chrome 480px light page @2x","Chrome screenshot",2560,512,960,NA,TRUE,291,63,FALSE,"NULL",NA,1.48
"small_4x3_96dpi.dots","small_4x3_96dpi","dots","K7Q2M9XD","Chrome 480px light page @2x","Chrome screenshot",2560,992,960,NA,TRUE,88,60,TRUE,"exact","K7Q2M9XD",0.29
"small_4x3_96dpi.tiles","small_4x3_96dpi","tiles","RUN-42","Chrome 480px light page @2x","Chrome screenshot",2560,992,960,NA,TRUE,88,63,TRUE,"exact","RUN-42",1.89
"huge_14x10_300dpi.dots","huge_14x10_300dpi","dots","f47ac10b-58cc-4372-a567-0e02b2c3d479","Chrome 480px light page @2x","Chrome screenshot",2560,958,960,NA,TRUE,337,236,TRUE,"NULL",NA,1.72
"long_title.dots","long_title","dots","ZZ0123456789ABCD","Chrome 480px light page @2x","Chrome screenshot",2560,958,960,NA,TRUE,164,99,TRUE,"exact","ZZ0123456789ABCD",0.14
"long_title.tiles","long_title","tiles","ZZ0123456789","Chrome 480px light page @2x","Chrome screenshot",2560,958,960,NA,TRUE,164,102,TRUE,"exact","ZZ0123456789",2.1
"coord_polar.dots","coord_polar","dots","K7Q2M9XD","Chrome 480px light page @2x","Chrome screenshot",2560,1232,960,NA,TRUE,108,108,TRUE,"exact","K7Q2M9XD",0.36
"coord_polar.tiles","coord_polar","tiles","RUN-42","Chrome 480px light page @2x","Chrome screenshot",2560,1232,960,NA,TRUE,108,108,FALSE,"NULL",NA,3.56
"text_heavy.dots","text_heavy","dots","Zürich-δ✓","Chrome 480px light page @2x","Chrome screenshot",2560,958,960,NA,TRUE,164,94,TRUE,"exact","Zürich-δ✓",0.16
"text_heavy.tiles","text_heavy","tiles","café-δ","Chrome 480px light page @2x","Chrome screenshot",2560,958,960,NA,TRUE,164,97,TRUE,"exact","café-δ",1.72
"baseline.dots","baseline","dots","K7Q2M9XD","Chrome 360px light page @2x","Chrome screenshot",2560,788,720,NA,TRUE,164,111,TRUE,"NULL",NA,2.74
"baseline.tiles","baseline","tiles","K7Q2M9XD","Chrome 360px light page @2x","Chrome screenshot",2560,788,720,NA,TRUE,164,114,FALSE,"exact","K7Q2M9XD",2.13
"facets_3x4.dots","facets_3x4","dots","K7Q2M9XD","Chrome 360px light page @2x","Chrome screenshot",2560,752,720,NA,TRUE,176,124,TRUE,"NULL",NA,2.3
"facet_wrap_1x2.dots","facet_wrap_1x2","dots","RUN-42","Chrome 360px light page @2x","Chrome screenshot",2560,672,720,NA,TRUE,215,105,TRUE,"NULL",NA,2.37
"facet_wrap_1x2.tiles","facet_wrap_1x2","tiles","K7Q2M9XD","Chrome 360px light page @2x","Chrome screenshot",2560,672,720,NA,TRUE,215,108,FALSE,"exact","K7Q2M9XD",1.37
"legend_caption.dots","legend_caption","dots","ZZ0123456789ABCD","Chrome 360px light page @2x","Chrome screenshot",2560,812,720,NA,TRUE,189,85,TRUE,"NULL",NA,2.54
"legend_caption.tiles","legend_caption","tiles","K7Q2M9XD","Chrome 360px light page @2x","Chrome screenshot",2560,812,720,NA,TRUE,189,88,FALSE,"exact","K7Q2M9XD",3.44
"rug_outside.dots","rug_outside","dots","Zürich-δ✓","Chrome 360px light page @2x","Chrome screenshot",2560,788,720,NA,TRUE,164,111,TRUE,"NULL",NA,1.7
"rug_outside.tiles","rug_outside","tiles","café-δ","Chrome 360px light page @2x","Chrome screenshot",2560,788,720,NA,TRUE,164,114,FALSE,"NULL",NA,1.6
"heatmap_raster.dots","heatmap_raster","dots","f47ac10b-58cc-4372-a567-0e02b2c3d479","Chrome 360px light page @2x","Chrome screenshot",2560,788,720,NA,TRUE,144,109,TRUE,"NULL",NA,1.8
"heatmap_raster.tiles","heatmap_raster","tiles","K7Q2M9XD","Chrome 360px light page @2x","Chrome screenshot",2560,788,720,NA,TRUE,144,114,FALSE,"NULL",NA,3.4
"dense_10k.dots","dense_10k","dots","K7Q2M9XD","Chrome 360px light page @2x","Chrome screenshot",2560,788,720,NA,TRUE,165,111,TRUE,"NULL",NA,3.81
"dense_10k.tiles","dense_10k","tiles","ZZ0123456789","Chrome 360px light page @2x","Chrome screenshot",2560,788,720,NA,TRUE,165,114,FALSE,"exact","ZZ0123456789",2.36
"dates_line.dots","dates_line","dots","f47ac10b-58cc-4372-a567-0e02b2c3d479","Chrome 360px light page @2x","Chrome screenshot",2560,678,720,NA,TRUE,184,96,TRUE,"NULL",NA,1.59
"dates_line.tiles","dates_line","tiles","RUN-42","Chrome 360px light page @2x","Chrome screenshot",2560,678,720,NA,TRUE,184,101,FALSE,"NULL",NA,1.14
"theme_dark.dots","theme_dark","dots","RUN-42","Chrome 360px light page @2x","Chrome screenshot",2560,788,720,NA,TRUE,164,111,TRUE,"NULL",NA,1.87
"theme_dark.tiles","theme_dark","tiles","RUN-42","Chrome 360px light page @2x","Chrome screenshot",2560,788,720,NA,TRUE,164,114,FALSE,"exact","RUN-42",1.8
"black_bg.dots","black_bg","dots","K7Q2M9XD","Chrome 360px light page @2x","Chrome screenshot",2560,788,720,NA,TRUE,164,111,TRUE,"NULL",NA,2.89
"black_bg.tiles","black_bg","tiles","K7Q2M9XD","Chrome 360px light page @2x","Chrome screenshot",2560,788,720,NA,TRUE,164,114,FALSE,"NULL",NA,1.84
"theme_void.dots","theme_void","dots","f47ac10b-58cc-4372-a567-0e02b2c3d479","Chrome 360px light page @2x","Chrome screenshot",2560,788,720,NA,TRUE,178,120,TRUE,"NULL",NA,1.22
"theme_void.tiles","theme_void","tiles","K7Q2M9XD","Chrome 360px light page @2x","Chrome screenshot",2560,788,720,NA,TRUE,178,127,FALSE,"exact","K7Q2M9XD",1.15
"tall_3x8.dots","tall_3x8","dots","K7Q2M9XD","Chrome 360px light page @2x","Chrome screenshot",2560,2192,720,NA,TRUE,38,187,TRUE,"NULL",NA,5.63
"tall_3x8.tiles","tall_3x8","tiles","RUN-42","Chrome 360px light page @2x","Chrome screenshot",2560,2192,720,NA,TRUE,38,190,FALSE,"NULL",NA,5.66
"wide_12x3.dots","wide_12x3","dots","f47ac10b-58cc-4372-a567-0e02b2c3d479","Chrome 360px light page @2x","Chrome screenshot",2560,452,720,NA,TRUE,291,58,TRUE,"NULL",NA,1.08
"wide_12x3.tiles","wide_12x3","tiles","K7Q2M9XD","Chrome 360px light page @2x","Chrome screenshot",2560,452,720,NA,TRUE,291,63,FALSE,"NULL",NA,0.69
"small_4x3_96dpi.dots","small_4x3_96dpi","dots","K7Q2M9XD","Chrome 360px light page @2x","Chrome screenshot",2560,812,720,NA,TRUE,88,60,TRUE,"exact","K7Q2M9XD",0.11
"small_4x3_96dpi.tiles","small_4x3_96dpi","tiles","RUN-42","Chrome 360px light page @2x","Chrome screenshot",2560,812,720,NA,TRUE,88,63,FALSE,"exact","RUN-42",2.13
"huge_14x10_300dpi.dots","huge_14x10_300dpi","dots","f47ac10b-58cc-4372-a567-0e02b2c3d479","Chrome 360px light page @2x","Chrome screenshot",2560,788,720,NA,TRUE,337,236,TRUE,"NULL",NA,2.55
"long_title.dots","long_title","dots","ZZ0123456789ABCD","Chrome 360px light page @2x","Chrome screenshot",2560,788,720,NA,TRUE,164,99,TRUE,"NULL",NA,3.91
"long_title.tiles","long_title","tiles","ZZ0123456789","Chrome 360px light page @2x","Chrome screenshot",2560,788,720,NA,TRUE,164,102,FALSE,"exact","ZZ0123456789",3.67
"coord_polar.dots","coord_polar","dots","K7Q2M9XD","Chrome 360px light page @2x","Chrome screenshot",2560,992,720,NA,TRUE,108,108,TRUE,"NULL",NA,2.16
"coord_polar.tiles","coord_polar","tiles","RUN-42","Chrome 360px light page @2x","Chrome screenshot",2560,992,720,NA,TRUE,108,108,FALSE,"NULL",NA,3.22
"text_heavy.dots","text_heavy","dots","Zürich-δ✓","Chrome 360px light page @2x","Chrome screenshot",2560,788,720,NA,TRUE,164,94,TRUE,"NULL",NA,1.64
"text_heavy.tiles","text_heavy","tiles","café-δ","Chrome 360px light page @2x","Chrome screenshot",2560,788,720,NA,TRUE,164,97,FALSE,"exact","café-δ",1.4
"baseline.dots","baseline","dots","K7Q2M9XD","Chrome 100% dark page @1x","Chrome screenshot",1280,1016,1232,NA,TRUE,164,111,TRUE,"exact","K7Q2M9XD",0.09
"baseline.tiles","baseline","tiles","K7Q2M9XD","Chrome 100% dark page @1x","Chrome screenshot",1280,1016,1232,NA,TRUE,164,114,TRUE,"exact","K7Q2M9XD",1.95
"facets_3x4.dots","facets_3x4","dots","K7Q2M9XD","Chrome 100% dark page @1x","Chrome screenshot",1280,958,1232,NA,TRUE,176,124,TRUE,"exact","K7Q2M9XD",0.11
"facet_wrap_1x2.dots","facet_wrap_1x2","dots","RUN-42","Chrome 100% dark page @1x","Chrome screenshot",1280,821,1232,NA,TRUE,215,105,TRUE,"exact","RUN-42",0.13
"facet_wrap_1x2.tiles","facet_wrap_1x2","tiles","K7Q2M9XD","Chrome 100% dark page @1x","Chrome screenshot",1280,821,1232,NA,TRUE,215,108,TRUE,"exact","K7Q2M9XD",10.06
"legend_caption.dots","legend_caption","dots","ZZ0123456789ABCD","Chrome 100% dark page @1x","Chrome screenshot",1280,1060,1232,NA,TRUE,189,85,TRUE,"exact","ZZ0123456789ABCD",0.14
"legend_caption.tiles","legend_caption","tiles","K7Q2M9XD","Chrome 100% dark page @1x","Chrome screenshot",1280,1060,1232,NA,TRUE,189,88,TRUE,"exact","K7Q2M9XD",7.43
"rug_outside.dots","rug_outside","dots","Zürich-δ✓","Chrome 100% dark page @1x","Chrome screenshot",1280,1016,1232,NA,TRUE,164,111,TRUE,"exact","Zürich-δ✓",0.16
"rug_outside.tiles","rug_outside","tiles","café-δ","Chrome 100% dark page @1x","Chrome screenshot",1280,1016,1232,NA,TRUE,164,114,TRUE,"exact","café-δ",2.71
"heatmap_raster.dots","heatmap_raster","dots","f47ac10b-58cc-4372-a567-0e02b2c3d479","Chrome 100% dark page @1x","Chrome screenshot",1280,1016,1232,NA,TRUE,144,109,TRUE,"exact","f47ac10b-58cc-4372-a567-0e02b2c3d479",0.48
"heatmap_raster.tiles","heatmap_raster","tiles","K7Q2M9XD","Chrome 100% dark page @1x","Chrome screenshot",1280,1016,1232,NA,TRUE,144,114,FALSE,"NULL",NA,3.78
"dense_10k.dots","dense_10k","dots","K7Q2M9XD","Chrome 100% dark page @1x","Chrome screenshot",1280,1016,1232,NA,TRUE,165,111,TRUE,"exact","K7Q2M9XD",0.09
"dense_10k.tiles","dense_10k","tiles","ZZ0123456789","Chrome 100% dark page @1x","Chrome screenshot",1280,1016,1232,NA,TRUE,165,114,TRUE,"exact","ZZ0123456789",2.58
"dates_line.dots","dates_line","dots","f47ac10b-58cc-4372-a567-0e02b2c3d479","Chrome 100% dark page @1x","Chrome screenshot",1280,829,1232,NA,TRUE,184,96,TRUE,"exact","f47ac10b-58cc-4372-a567-0e02b2c3d479",0.51
"dates_line.tiles","dates_line","tiles","RUN-42","Chrome 100% dark page @1x","Chrome screenshot",1280,829,1232,NA,TRUE,184,101,TRUE,"exact","RUN-42",2.3
"theme_dark.dots","theme_dark","dots","RUN-42","Chrome 100% dark page @1x","Chrome screenshot",1280,1016,1232,NA,TRUE,164,111,TRUE,"exact","RUN-42",0.1
"theme_dark.tiles","theme_dark","tiles","RUN-42","Chrome 100% dark page @1x","Chrome screenshot",1280,1016,1232,NA,TRUE,164,114,TRUE,"exact","RUN-42",3.33
"black_bg.dots","black_bg","dots","K7Q2M9XD","Chrome 100% dark page @1x","Chrome screenshot",1280,1016,1232,NA,TRUE,164,111,TRUE,"exact","K7Q2M9XD",0.13
"black_bg.tiles","black_bg","tiles","K7Q2M9XD","Chrome 100% dark page @1x","Chrome screenshot",1280,1016,1232,NA,TRUE,164,114,TRUE,"exact","K7Q2M9XD",2.34
"theme_void.dots","theme_void","dots","f47ac10b-58cc-4372-a567-0e02b2c3d479","Chrome 100% dark page @1x","Chrome screenshot",1280,1016,1232,NA,TRUE,178,120,TRUE,"exact","f47ac10b-58cc-4372-a567-0e02b2c3d479",0.66
"theme_void.tiles","theme_void","tiles","K7Q2M9XD","Chrome 100% dark page @1x","Chrome screenshot",1280,1016,1232,NA,TRUE,178,127,TRUE,"exact","K7Q2M9XD",3.43
"tall_3x8.dots","tall_3x8","dots","K7Q2M9XD","Chrome 100% dark page @1x","Chrome screenshot",1280,3422,1232,NA,TRUE,38,187,TRUE,"exact","K7Q2M9XD",0.34
"tall_3x8.tiles","tall_3x8","tiles","RUN-42","Chrome 100% dark page @1x","Chrome screenshot",1280,3422,1232,NA,TRUE,38,190,FALSE,"NULL",NA,15.48
"wide_12x3.dots","wide_12x3","dots","f47ac10b-58cc-4372-a567-0e02b2c3d479","Chrome 100% dark page @1x","Chrome screenshot",1280,444,1232,NA,TRUE,291,58,TRUE,"exact","f47ac10b-58cc-4372-a567-0e02b2c3d479",0.63
"wide_12x3.tiles","wide_12x3","tiles","K7Q2M9XD","Chrome 100% dark page @1x","Chrome screenshot",1280,444,1232,NA,TRUE,291,63,FALSE,"exact","K7Q2M9XD",1.95
"small_4x3_96dpi.dots","small_4x3_96dpi","dots","K7Q2M9XD","Chrome 100% dark page @1x","Chrome screenshot",1280,1060,1232,NA,TRUE,88,60,TRUE,"exact","K7Q2M9XD",0.17
"small_4x3_96dpi.tiles","small_4x3_96dpi","tiles","RUN-42","Chrome 100% dark page @1x","Chrome screenshot",1280,1060,1232,NA,TRUE,88,63,TRUE,"exact","RUN-42",2.61
"huge_14x10_300dpi.dots","huge_14x10_300dpi","dots","f47ac10b-58cc-4372-a567-0e02b2c3d479","Chrome 100% dark page @1x","Chrome screenshot",1280,1016,1232,NA,TRUE,337,236,TRUE,"exact","f47ac10b-58cc-4372-a567-0e02b2c3d479",0.74
"long_title.dots","long_title","dots","ZZ0123456789ABCD","Chrome 100% dark page @1x","Chrome screenshot",1280,1016,1232,NA,TRUE,164,99,TRUE,"exact","ZZ0123456789ABCD",0.14
"long_title.tiles","long_title","tiles","ZZ0123456789","Chrome 100% dark page @1x","Chrome screenshot",1280,1016,1232,NA,TRUE,164,102,TRUE,"exact","ZZ0123456789",1.11
"coord_polar.dots","coord_polar","dots","K7Q2M9XD","Chrome 100% dark page @1x","Chrome screenshot",1280,1368,1232,NA,TRUE,108,108,TRUE,"exact","K7Q2M9XD",0.1
"coord_polar.tiles","coord_polar","tiles","RUN-42","Chrome 100% dark page @1x","Chrome screenshot",1280,1368,1232,NA,TRUE,108,108,FALSE,"NULL",NA,5.51
"text_heavy.dots","text_heavy","dots","Zürich-δ✓","Chrome 100% dark page @1x","Chrome screenshot",1280,1016,1232,NA,TRUE,164,94,TRUE,"exact","Zürich-δ✓",0.11
"text_heavy.tiles","text_heavy","tiles","café-δ","Chrome 100% dark page @1x","Chrome screenshot",1280,1016,1232,NA,TRUE,164,97,TRUE,"exact","café-δ",4.31
"baseline.dots","baseline","dots","K7Q2M9XD","Chrome 640px dark page @1x","Chrome screenshot",1280,594,640,NA,TRUE,164,111,TRUE,"exact","K7Q2M9XD",0.28
"baseline.tiles","baseline","tiles","K7Q2M9XD","Chrome 640px dark page @1x","Chrome screenshot",1280,594,640,NA,TRUE,164,114,FALSE,"exact","K7Q2M9XD",1.09
"facets_3x4.dots","facets_3x4","dots","K7Q2M9XD","Chrome 640px dark page @1x","Chrome screenshot",1280,563,640,NA,TRUE,176,124,TRUE,"exact","K7Q2M9XD",0.07
"facet_wrap_1x2.dots","facet_wrap_1x2","dots","RUN-42","Chrome 640px dark page @1x","Chrome screenshot",1280,492,640,NA,TRUE,215,105,TRUE,"exact","RUN-42",0.06
"facet_wrap_1x2.tiles","facet_wrap_1x2","tiles","K7Q2M9XD","Chrome 640px dark page @1x","Chrome screenshot",1280,492,640,NA,TRUE,215,108,FALSE,"exact","K7Q2M9XD",1.71
"legend_caption.dots","legend_caption","dots","ZZ0123456789ABCD","Chrome 640px dark page @1x","Chrome screenshot",1280,616,640,NA,TRUE,189,85,TRUE,"exact","ZZ0123456789ABCD",0.22
"legend_caption.tiles","legend_caption","tiles","K7Q2M9XD","Chrome 640px dark page @1x","Chrome screenshot",1280,616,640,NA,TRUE,189,88,FALSE,"exact","K7Q2M9XD",5.07
"rug_outside.dots","rug_outside","dots","Zürich-δ✓","Chrome 640px dark page @1x","Chrome screenshot",1280,594,640,NA,TRUE,164,111,TRUE,"exact","Zürich-δ✓",0.2
"rug_outside.tiles","rug_outside","tiles","café-δ","Chrome 640px dark page @1x","Chrome screenshot",1280,594,640,NA,TRUE,164,114,FALSE,"exact","café-δ",1.81
"heatmap_raster.dots","heatmap_raster","dots","f47ac10b-58cc-4372-a567-0e02b2c3d479","Chrome 640px dark page @1x","Chrome screenshot",1280,594,640,NA,TRUE,144,109,TRUE,"exact","f47ac10b-58cc-4372-a567-0e02b2c3d479",0.25
"heatmap_raster.tiles","heatmap_raster","tiles","K7Q2M9XD","Chrome 640px dark page @1x","Chrome screenshot",1280,594,640,NA,TRUE,144,114,FALSE,"NULL",NA,2.44
"dense_10k.dots","dense_10k","dots","K7Q2M9XD","Chrome 640px dark page @1x","Chrome screenshot",1280,594,640,NA,TRUE,165,111,TRUE,"exact","K7Q2M9XD",0.14
"dense_10k.tiles","dense_10k","tiles","ZZ0123456789","Chrome 640px dark page @1x","Chrome screenshot",1280,594,640,NA,TRUE,165,114,FALSE,"exact","ZZ0123456789",2.7
"dates_line.dots","dates_line","dots","f47ac10b-58cc-4372-a567-0e02b2c3d479","Chrome 640px dark page @1x","Chrome screenshot",1280,496,640,NA,TRUE,184,96,TRUE,"exact","f47ac10b-58cc-4372-a567-0e02b2c3d479",0.88
"dates_line.tiles","dates_line","tiles","RUN-42","Chrome 640px dark page @1x","Chrome screenshot",1280,496,640,NA,TRUE,184,101,FALSE,"NULL",NA,2.18
"theme_dark.dots","theme_dark","dots","RUN-42","Chrome 640px dark page @1x","Chrome screenshot",1280,594,640,NA,TRUE,164,111,TRUE,"exact","RUN-42",0.19
"theme_dark.tiles","theme_dark","tiles","RUN-42","Chrome 640px dark page @1x","Chrome screenshot",1280,594,640,NA,TRUE,164,114,FALSE,"exact","RUN-42",3.04
"black_bg.dots","black_bg","dots","K7Q2M9XD","Chrome 640px dark page @1x","Chrome screenshot",1280,594,640,NA,TRUE,164,111,TRUE,"exact","K7Q2M9XD",0.16
"black_bg.tiles","black_bg","tiles","K7Q2M9XD","Chrome 640px dark page @1x","Chrome screenshot",1280,594,640,NA,TRUE,164,114,FALSE,"NULL",NA,2.59
"theme_void.dots","theme_void","dots","f47ac10b-58cc-4372-a567-0e02b2c3d479","Chrome 640px dark page @1x","Chrome screenshot",1280,594,640,NA,TRUE,178,120,TRUE,"exact","f47ac10b-58cc-4372-a567-0e02b2c3d479",0.54
"theme_void.tiles","theme_void","tiles","K7Q2M9XD","Chrome 640px dark page @1x","Chrome screenshot",1280,594,640,NA,TRUE,178,127,FALSE,"exact","K7Q2M9XD",2.09
"tall_3x8.dots","tall_3x8","dots","K7Q2M9XD","Chrome 640px dark page @1x","Chrome screenshot",1280,1843,640,NA,TRUE,38,187,TRUE,"exact","K7Q2M9XD",0.35
"tall_3x8.tiles","tall_3x8","tiles","RUN-42","Chrome 640px dark page @1x","Chrome screenshot",1280,1843,640,NA,TRUE,38,190,FALSE,"NULL",NA,13.61
"wide_12x3.dots","wide_12x3","dots","f47ac10b-58cc-4372-a567-0e02b2c3d479","Chrome 640px dark page @1x","Chrome screenshot",1280,296,640,NA,TRUE,291,58,TRUE,"exact","f47ac10b-58cc-4372-a567-0e02b2c3d479",0.2
"wide_12x3.tiles","wide_12x3","tiles","K7Q2M9XD","Chrome 640px dark page @1x","Chrome screenshot",1280,296,640,NA,TRUE,291,63,FALSE,"NULL",NA,1.73
"small_4x3_96dpi.dots","small_4x3_96dpi","dots","K7Q2M9XD","Chrome 640px dark page @1x","Chrome screenshot",1280,616,640,NA,TRUE,88,60,TRUE,"exact","K7Q2M9XD",0.09
"small_4x3_96dpi.tiles","small_4x3_96dpi","tiles","RUN-42","Chrome 640px dark page @1x","Chrome screenshot",1280,616,640,NA,TRUE,88,63,FALSE,"exact","RUN-42",1.47
"huge_14x10_300dpi.dots","huge_14x10_300dpi","dots","f47ac10b-58cc-4372-a567-0e02b2c3d479","Chrome 640px dark page @1x","Chrome screenshot",1280,594,640,NA,TRUE,337,236,TRUE,"exact","f47ac10b-58cc-4372-a567-0e02b2c3d479",0.23
"long_title.dots","long_title","dots","ZZ0123456789ABCD","Chrome 640px dark page @1x","Chrome screenshot",1280,594,640,NA,TRUE,164,99,TRUE,"exact","ZZ0123456789ABCD",0.2
"long_title.tiles","long_title","tiles","ZZ0123456789","Chrome 640px dark page @1x","Chrome screenshot",1280,594,640,NA,TRUE,164,102,FALSE,"exact","ZZ0123456789",2.15
"coord_polar.dots","coord_polar","dots","K7Q2M9XD","Chrome 640px dark page @1x","Chrome screenshot",1280,776,640,NA,TRUE,108,108,TRUE,"exact","K7Q2M9XD",0.71
"coord_polar.tiles","coord_polar","tiles","RUN-42","Chrome 640px dark page @1x","Chrome screenshot",1280,776,640,NA,TRUE,108,108,FALSE,"NULL",NA,5.08
"text_heavy.dots","text_heavy","dots","Zürich-δ✓","Chrome 640px dark page @1x","Chrome screenshot",1280,594,640,NA,TRUE,164,94,TRUE,"exact","Zürich-δ✓",0.26
"text_heavy.tiles","text_heavy","tiles","café-δ","Chrome 640px dark page @1x","Chrome screenshot",1280,594,640,NA,TRUE,164,97,FALSE,"exact","café-δ",2.48
"baseline.dots","baseline","dots","K7Q2M9XD","Chrome 480px dark page @1x","Chrome screenshot",1280,479,480,NA,TRUE,164,111,TRUE,"exact","K7Q2M9XD",0.62
"baseline.tiles","baseline","tiles","K7Q2M9XD","Chrome 480px dark page @1x","Chrome screenshot",1280,479,480,NA,TRUE,164,114,FALSE,"exact","K7Q2M9XD",1.3
"facets_3x4.dots","facets_3x4","dots","K7Q2M9XD","Chrome 480px dark page @1x","Chrome screenshot",1280,456,480,NA,TRUE,176,124,TRUE,"exact","K7Q2M9XD",0.11
"facet_wrap_1x2.dots","facet_wrap_1x2","dots","RUN-42","Chrome 480px dark page @1x","Chrome screenshot",1280,403,480,NA,TRUE,215,105,TRUE,"NULL",NA,1.78
"facet_wrap_1x2.tiles","facet_wrap_1x2","tiles","K7Q2M9XD","Chrome 480px dark page @1x","Chrome screenshot",1280,403,480,NA,TRUE,215,108,FALSE,"exact","K7Q2M9XD",1.4
"legend_caption.dots","legend_caption","dots","ZZ0123456789ABCD","Chrome 480px dark page @1x","Chrome screenshot",1280,496,480,NA,TRUE,189,85,TRUE,"NULL",NA,2.98
"legend_caption.tiles","legend_caption","tiles","K7Q2M9XD","Chrome 480px dark page @1x","Chrome screenshot",1280,496,480,NA,TRUE,189,88,FALSE,"exact","K7Q2M9XD",2.42
"rug_outside.dots","rug_outside","dots","Zürich-δ✓","Chrome 480px dark page @1x","Chrome screenshot",1280,479,480,NA,TRUE,164,111,TRUE,"NULL",NA,1.83
"rug_outside.tiles","rug_outside","tiles","café-δ","Chrome 480px dark page @1x","Chrome screenshot",1280,479,480,NA,TRUE,164,114,FALSE,"NULL",NA,2.56
"heatmap_raster.dots","heatmap_raster","dots","f47ac10b-58cc-4372-a567-0e02b2c3d479","Chrome 480px dark page @1x","Chrome screenshot",1280,479,480,NA,TRUE,144,109,TRUE,"NULL",NA,3.19
"heatmap_raster.tiles","heatmap_raster","tiles","K7Q2M9XD","Chrome 480px dark page @1x","Chrome screenshot",1280,479,480,NA,TRUE,144,114,FALSE,"NULL",NA,2.22
"dense_10k.dots","dense_10k","dots","K7Q2M9XD","Chrome 480px dark page @1x","Chrome screenshot",1280,479,480,NA,TRUE,165,111,TRUE,"exact","K7Q2M9XD",0.06
"dense_10k.tiles","dense_10k","tiles","ZZ0123456789","Chrome 480px dark page @1x","Chrome screenshot",1280,479,480,NA,TRUE,165,114,FALSE,"exact","ZZ0123456789",2.09
"dates_line.dots","dates_line","dots","f47ac10b-58cc-4372-a567-0e02b2c3d479","Chrome 480px dark page @1x","Chrome screenshot",1280,406,480,NA,TRUE,184,96,TRUE,"NULL",NA,2.11
"dates_line.tiles","dates_line","tiles","RUN-42","Chrome 480px dark page @1x","Chrome screenshot",1280,406,480,NA,TRUE,184,101,FALSE,"NULL",NA,1.44
"theme_dark.dots","theme_dark","dots","RUN-42","Chrome 480px dark page @1x","Chrome screenshot",1280,479,480,NA,TRUE,164,111,TRUE,"NULL",NA,2.06
"theme_dark.tiles","theme_dark","tiles","RUN-42","Chrome 480px dark page @1x","Chrome screenshot",1280,479,480,NA,TRUE,164,114,FALSE,"exact","RUN-42",0.96
"black_bg.dots","black_bg","dots","K7Q2M9XD","Chrome 480px dark page @1x","Chrome screenshot",1280,479,480,NA,TRUE,164,111,TRUE,"exact","K7Q2M9XD",0.05
"black_bg.tiles","black_bg","tiles","K7Q2M9XD","Chrome 480px dark page @1x","Chrome screenshot",1280,479,480,NA,TRUE,164,114,FALSE,"NULL",NA,2.1
"theme_void.dots","theme_void","dots","f47ac10b-58cc-4372-a567-0e02b2c3d479","Chrome 480px dark page @1x","Chrome screenshot",1280,479,480,NA,TRUE,178,120,TRUE,"NULL",NA,2.04
"theme_void.tiles","theme_void","tiles","K7Q2M9XD","Chrome 480px dark page @1x","Chrome screenshot",1280,479,480,NA,TRUE,178,127,FALSE,"exact","K7Q2M9XD",0.62
"tall_3x8.dots","tall_3x8","dots","K7Q2M9XD","Chrome 480px dark page @1x","Chrome screenshot",1280,1416,480,NA,TRUE,38,187,TRUE,"exact","K7Q2M9XD",0.26
"tall_3x8.tiles","tall_3x8","tiles","RUN-42","Chrome 480px dark page @1x","Chrome screenshot",1280,1416,480,NA,TRUE,38,190,FALSE,"NULL",NA,4.28
"wide_12x3.dots","wide_12x3","dots","f47ac10b-58cc-4372-a567-0e02b2c3d479","Chrome 480px dark page @1x","Chrome screenshot",1280,256,480,NA,TRUE,291,58,TRUE,"NULL",NA,0.57
"wide_12x3.tiles","wide_12x3","tiles","K7Q2M9XD","Chrome 480px dark page @1x","Chrome screenshot",1280,256,480,NA,TRUE,291,63,FALSE,"NULL",NA,0.36
"small_4x3_96dpi.dots","small_4x3_96dpi","dots","K7Q2M9XD","Chrome 480px dark page @1x","Chrome screenshot",1280,496,480,NA,TRUE,88,60,TRUE,"exact","K7Q2M9XD",0.3
"small_4x3_96dpi.tiles","small_4x3_96dpi","tiles","RUN-42","Chrome 480px dark page @1x","Chrome screenshot",1280,496,480,NA,TRUE,88,63,FALSE,"exact","RUN-42",1.02
"huge_14x10_300dpi.dots","huge_14x10_300dpi","dots","f47ac10b-58cc-4372-a567-0e02b2c3d479","Chrome 480px dark page @1x","Chrome screenshot",1280,479,480,NA,TRUE,337,236,TRUE,"NULL",NA,1.67
"long_title.dots","long_title","dots","ZZ0123456789ABCD","Chrome 480px dark page @1x","Chrome screenshot",1280,479,480,NA,TRUE,164,99,TRUE,"NULL",NA,2.57
"long_title.tiles","long_title","tiles","ZZ0123456789","Chrome 480px dark page @1x","Chrome screenshot",1280,479,480,NA,TRUE,164,102,FALSE,"exact","ZZ0123456789",1.95
"coord_polar.dots","coord_polar","dots","K7Q2M9XD","Chrome 480px dark page @1x","Chrome screenshot",1280,616,480,NA,TRUE,108,108,TRUE,"NULL",NA,2.99
"coord_polar.tiles","coord_polar","tiles","RUN-42","Chrome 480px dark page @1x","Chrome screenshot",1280,616,480,NA,TRUE,108,108,FALSE,"NULL",NA,1.48
"text_heavy.dots","text_heavy","dots","Zürich-δ✓","Chrome 480px dark page @1x","Chrome screenshot",1280,479,480,NA,TRUE,164,94,TRUE,"NULL",NA,2.62
"text_heavy.tiles","text_heavy","tiles","café-δ","Chrome 480px dark page @1x","Chrome screenshot",1280,479,480,NA,TRUE,164,97,FALSE,"exact","café-δ",0.87
"baseline.dots","baseline","dots","K7Q2M9XD","Chrome 360px dark page @1x","Chrome screenshot",1280,394,360,NA,TRUE,164,111,TRUE,"NULL",NA,0.85
"baseline.tiles","baseline","tiles","K7Q2M9XD","Chrome 360px dark page @1x","Chrome screenshot",1280,394,360,NA,TRUE,164,114,FALSE,"exact","K7Q2M9XD",0.47
"facets_3x4.dots","facets_3x4","dots","K7Q2M9XD","Chrome 360px dark page @1x","Chrome screenshot",1280,376,360,NA,TRUE,176,124,TRUE,"NULL",NA,1.34
"facet_wrap_1x2.dots","facet_wrap_1x2","dots","RUN-42","Chrome 360px dark page @1x","Chrome screenshot",1280,336,360,NA,TRUE,215,105,TRUE,"NULL",NA,1.45
"facet_wrap_1x2.tiles","facet_wrap_1x2","tiles","K7Q2M9XD","Chrome 360px dark page @1x","Chrome screenshot",1280,336,360,NA,TRUE,215,108,FALSE,"exact","K7Q2M9XD",0.43
"legend_caption.dots","legend_caption","dots","ZZ0123456789ABCD","Chrome 360px dark page @1x","Chrome screenshot",1280,406,360,NA,TRUE,189,85,TRUE,"NULL",NA,2.56
"legend_caption.tiles","legend_caption","tiles","K7Q2M9XD","Chrome 360px dark page @1x","Chrome screenshot",1280,406,360,NA,TRUE,189,88,FALSE,"exact","K7Q2M9XD",1.23
"rug_outside.dots","rug_outside","dots","Zürich-δ✓","Chrome 360px dark page @1x","Chrome screenshot",1280,394,360,NA,TRUE,164,111,TRUE,"NULL",NA,1.49
"rug_outside.tiles","rug_outside","tiles","café-δ","Chrome 360px dark page @1x","Chrome screenshot",1280,394,360,NA,TRUE,164,114,FALSE,"NULL",NA,0.92
"heatmap_raster.dots","heatmap_raster","dots","f47ac10b-58cc-4372-a567-0e02b2c3d479","Chrome 360px dark page @1x","Chrome screenshot",1280,394,360,NA,TRUE,144,109,FALSE,"NULL",NA,2.79
"heatmap_raster.tiles","heatmap_raster","tiles","K7Q2M9XD","Chrome 360px dark page @1x","Chrome screenshot",1280,394,360,NA,TRUE,144,114,FALSE,"NULL",NA,1.94
"dense_10k.dots","dense_10k","dots","K7Q2M9XD","Chrome 360px dark page @1x","Chrome screenshot",1280,394,360,NA,TRUE,165,111,TRUE,"NULL",NA,3.55
"dense_10k.tiles","dense_10k","tiles","ZZ0123456789","Chrome 360px dark page @1x","Chrome screenshot",1280,394,360,NA,TRUE,165,114,FALSE,"exact","ZZ0123456789",2.84
"dates_line.dots","dates_line","dots","f47ac10b-58cc-4372-a567-0e02b2c3d479","Chrome 360px dark page @1x","Chrome screenshot",1280,339,360,NA,TRUE,184,96,FALSE,"NULL",NA,1.81
"dates_line.tiles","dates_line","tiles","RUN-42","Chrome 360px dark page @1x","Chrome screenshot",1280,339,360,NA,TRUE,184,101,FALSE,"NULL",NA,1.76
"theme_dark.dots","theme_dark","dots","RUN-42","Chrome 360px dark page @1x","Chrome screenshot",1280,394,360,NA,TRUE,164,111,TRUE,"NULL",NA,1.96
"theme_dark.tiles","theme_dark","tiles","RUN-42","Chrome 360px dark page @1x","Chrome screenshot",1280,394,360,NA,TRUE,164,114,FALSE,"exact","RUN-42",1.39
"black_bg.dots","black_bg","dots","K7Q2M9XD","Chrome 360px dark page @1x","Chrome screenshot",1280,394,360,NA,TRUE,164,111,TRUE,"NULL",NA,2.73
"black_bg.tiles","black_bg","tiles","K7Q2M9XD","Chrome 360px dark page @1x","Chrome screenshot",1280,394,360,NA,TRUE,164,114,FALSE,"NULL",NA,2.04
"theme_void.dots","theme_void","dots","f47ac10b-58cc-4372-a567-0e02b2c3d479","Chrome 360px dark page @1x","Chrome screenshot",1280,394,360,NA,TRUE,178,120,FALSE,"NULL",NA,2.1
"theme_void.tiles","theme_void","tiles","K7Q2M9XD","Chrome 360px dark page @1x","Chrome screenshot",1280,394,360,NA,TRUE,178,127,FALSE,"exact","K7Q2M9XD",1.13
"tall_3x8.dots","tall_3x8","dots","K7Q2M9XD","Chrome 360px dark page @1x","Chrome screenshot",1280,1096,360,NA,TRUE,38,187,TRUE,"NULL",NA,5.61
"tall_3x8.tiles","tall_3x8","tiles","RUN-42","Chrome 360px dark page @1x","Chrome screenshot",1280,1096,360,NA,TRUE,38,190,FALSE,"NULL",NA,5.36
"wide_12x3.dots","wide_12x3","dots","f47ac10b-58cc-4372-a567-0e02b2c3d479","Chrome 360px dark page @1x","Chrome screenshot",1280,226,360,NA,TRUE,291,58,FALSE,"NULL",NA,0.79
"wide_12x3.tiles","wide_12x3","tiles","K7Q2M9XD","Chrome 360px dark page @1x","Chrome screenshot",1280,226,360,NA,TRUE,291,63,FALSE,"NULL",NA,1.19
"small_4x3_96dpi.dots","small_4x3_96dpi","dots","K7Q2M9XD","Chrome 360px dark page @1x","Chrome screenshot",1280,406,360,NA,TRUE,88,60,TRUE,"NULL",NA,1.3
"small_4x3_96dpi.tiles","small_4x3_96dpi","tiles","RUN-42","Chrome 360px dark page @1x","Chrome screenshot",1280,406,360,NA,TRUE,88,63,FALSE,"NULL",NA,1.52
"huge_14x10_300dpi.dots","huge_14x10_300dpi","dots","f47ac10b-58cc-4372-a567-0e02b2c3d479","Chrome 360px dark page @1x","Chrome screenshot",1280,394,360,NA,TRUE,337,236,FALSE,"NULL",NA,1.5
"long_title.dots","long_title","dots","ZZ0123456789ABCD","Chrome 360px dark page @1x","Chrome screenshot",1280,394,360,NA,TRUE,164,99,TRUE,"NULL",NA,2.17
"long_title.tiles","long_title","tiles","ZZ0123456789","Chrome 360px dark page @1x","Chrome screenshot",1280,394,360,NA,TRUE,164,102,FALSE,"exact","ZZ0123456789",2.68
"coord_polar.dots","coord_polar","dots","K7Q2M9XD","Chrome 360px dark page @1x","Chrome screenshot",1280,496,360,NA,TRUE,108,108,TRUE,"NULL",NA,2.42
"coord_polar.tiles","coord_polar","tiles","RUN-42","Chrome 360px dark page @1x","Chrome screenshot",1280,496,360,NA,TRUE,108,108,FALSE,"NULL",NA,1.26
"text_heavy.dots","text_heavy","dots","Zürich-δ✓","Chrome 360px dark page @1x","Chrome screenshot",1280,394,360,NA,TRUE,164,94,TRUE,"NULL",NA,0.76
"text_heavy.tiles","text_heavy","tiles","café-δ","Chrome 360px dark page @1x","Chrome screenshot",1280,394,360,NA,TRUE,164,97,FALSE,"exact","café-δ",0.62
"baseline.dots","baseline","dots","K7Q2M9XD","Chrome 100% dark page @2x","Chrome screenshot",2560,2032,2464,NA,TRUE,164,111,TRUE,"exact","K7Q2M9XD",0.47
"baseline.tiles","baseline","tiles","K7Q2M9XD","Chrome 100% dark page @2x","Chrome screenshot",2560,2032,2464,NA,TRUE,164,114,TRUE,"exact","K7Q2M9XD",5.24
"facets_3x4.dots","facets_3x4","dots","K7Q2M9XD","Chrome 100% dark page @2x","Chrome screenshot",2560,1916,2464,NA,TRUE,176,124,TRUE,"exact","K7Q2M9XD",0.36
"facet_wrap_1x2.dots","facet_wrap_1x2","dots","RUN-42","Chrome 100% dark page @2x","Chrome screenshot",2560,1642,2464,NA,TRUE,215,105,TRUE,"exact","RUN-42",0.34
"facet_wrap_1x2.tiles","facet_wrap_1x2","tiles","K7Q2M9XD","Chrome 100% dark page @2x","Chrome screenshot",2560,1642,2464,NA,TRUE,215,108,TRUE,"exact","K7Q2M9XD",59.63
"legend_caption.dots","legend_caption","dots","ZZ0123456789ABCD","Chrome 100% dark page @2x","Chrome screenshot",2560,2120,2464,NA,TRUE,189,85,TRUE,"exact","ZZ0123456789ABCD",0.44
"legend_caption.tiles","legend_caption","tiles","K7Q2M9XD","Chrome 100% dark page @2x","Chrome screenshot",2560,2120,2464,NA,TRUE,189,88,TRUE,"exact","K7Q2M9XD",25.26
"rug_outside.dots","rug_outside","dots","Zürich-δ✓","Chrome 100% dark page @2x","Chrome screenshot",2560,2032,2464,NA,TRUE,164,111,TRUE,"exact","Zürich-δ✓",0.42
"rug_outside.tiles","rug_outside","tiles","café-δ","Chrome 100% dark page @2x","Chrome screenshot",2560,2032,2464,NA,TRUE,164,114,TRUE,"exact","café-δ",11.35
"heatmap_raster.dots","heatmap_raster","dots","f47ac10b-58cc-4372-a567-0e02b2c3d479","Chrome 100% dark page @2x","Chrome screenshot",2560,2032,2464,NA,TRUE,144,109,TRUE,"exact","f47ac10b-58cc-4372-a567-0e02b2c3d479",3.09
"heatmap_raster.tiles","heatmap_raster","tiles","K7Q2M9XD","Chrome 100% dark page @2x","Chrome screenshot",2560,2032,2464,NA,TRUE,144,114,FALSE,"NULL",NA,8.86
"dense_10k.dots","dense_10k","dots","K7Q2M9XD","Chrome 100% dark page @2x","Chrome screenshot",2560,2032,2464,NA,TRUE,165,111,TRUE,"exact","K7Q2M9XD",0.59
"dense_10k.tiles","dense_10k","tiles","ZZ0123456789","Chrome 100% dark page @2x","Chrome screenshot",2560,2032,2464,NA,TRUE,165,114,TRUE,"exact","ZZ0123456789",7.72
"dates_line.dots","dates_line","dots","f47ac10b-58cc-4372-a567-0e02b2c3d479","Chrome 100% dark page @2x","Chrome screenshot",2560,1658,2464,NA,TRUE,184,96,TRUE,"exact","f47ac10b-58cc-4372-a567-0e02b2c3d479",2.7
"dates_line.tiles","dates_line","tiles","RUN-42","Chrome 100% dark page @2x","Chrome screenshot",2560,1658,2464,NA,TRUE,184,101,TRUE,"exact","RUN-42",10.99
"theme_dark.dots","theme_dark","dots","RUN-42","Chrome 100% dark page @2x","Chrome screenshot",2560,2032,2464,NA,TRUE,164,111,TRUE,"exact","RUN-42",0.72
"theme_dark.tiles","theme_dark","tiles","RUN-42","Chrome 100% dark page @2x","Chrome screenshot",2560,2032,2464,NA,TRUE,164,114,TRUE,"exact","RUN-42",7.14
"black_bg.dots","black_bg","dots","K7Q2M9XD","Chrome 100% dark page @2x","Chrome screenshot",2560,2032,2464,NA,TRUE,164,111,TRUE,"exact","K7Q2M9XD",0.88
"black_bg.tiles","black_bg","tiles","K7Q2M9XD","Chrome 100% dark page @2x","Chrome screenshot",2560,2032,2464,NA,TRUE,164,114,TRUE,"exact","K7Q2M9XD",6.64
"theme_void.dots","theme_void","dots","f47ac10b-58cc-4372-a567-0e02b2c3d479","Chrome 100% dark page @2x","Chrome screenshot",2560,2032,2464,NA,TRUE,178,120,TRUE,"exact","f47ac10b-58cc-4372-a567-0e02b2c3d479",3.95
"theme_void.tiles","theme_void","tiles","K7Q2M9XD","Chrome 100% dark page @2x","Chrome screenshot",2560,2032,2464,NA,TRUE,178,127,TRUE,"exact","K7Q2M9XD",13.03
"tall_3x8.dots","tall_3x8","dots","K7Q2M9XD","Chrome 100% dark page @2x","Chrome screenshot",2560,6844,2464,NA,TRUE,38,187,TRUE,"exact","K7Q2M9XD",6.48
"tall_3x8.tiles","tall_3x8","tiles","RUN-42","Chrome 100% dark page @2x","Chrome screenshot",2560,6844,2464,NA,TRUE,38,190,FALSE,"NULL",NA,88.79
"wide_12x3.dots","wide_12x3","dots","f47ac10b-58cc-4372-a567-0e02b2c3d479","Chrome 100% dark page @2x","Chrome screenshot",2560,888,2464,NA,TRUE,291,58,TRUE,"exact","f47ac10b-58cc-4372-a567-0e02b2c3d479",1.81
"wide_12x3.tiles","wide_12x3","tiles","K7Q2M9XD","Chrome 100% dark page @2x","Chrome screenshot",2560,888,2464,NA,TRUE,291,63,FALSE,"exact","K7Q2M9XD",4.35
"small_4x3_96dpi.dots","small_4x3_96dpi","dots","K7Q2M9XD","Chrome 100% dark page @2x","Chrome screenshot",2560,2120,2464,NA,TRUE,88,60,TRUE,"exact","K7Q2M9XD",0.57
"small_4x3_96dpi.tiles","small_4x3_96dpi","tiles","RUN-42","Chrome 100% dark page @2x","Chrome screenshot",2560,2120,2464,NA,TRUE,88,63,TRUE,"exact","RUN-42",16.2
"huge_14x10_300dpi.dots","huge_14x10_300dpi","dots","f47ac10b-58cc-4372-a567-0e02b2c3d479","Chrome 100% dark page @2x","Chrome screenshot",2560,2032,2464,NA,TRUE,337,236,TRUE,"exact","f47ac10b-58cc-4372-a567-0e02b2c3d479",4.2
"long_title.dots","long_title","dots","ZZ0123456789ABCD","Chrome 100% dark page @2x","Chrome screenshot",2560,2032,2464,NA,TRUE,164,99,TRUE,"exact","ZZ0123456789ABCD",0.67
"long_title.tiles","long_title","tiles","ZZ0123456789","Chrome 100% dark page @2x","Chrome screenshot",2560,2032,2464,NA,TRUE,164,102,TRUE,"exact","ZZ0123456789",6.49
"coord_polar.dots","coord_polar","dots","K7Q2M9XD","Chrome 100% dark page @2x","Chrome screenshot",2560,2736,2464,NA,TRUE,108,108,TRUE,"exact","K7Q2M9XD",2.21
"coord_polar.tiles","coord_polar","tiles","RUN-42","Chrome 100% dark page @2x","Chrome screenshot",2560,2736,2464,NA,TRUE,108,108,FALSE,"NULL",NA,13.03
"text_heavy.dots","text_heavy","dots","Zürich-δ✓","Chrome 100% dark page @2x","Chrome screenshot",2560,2032,2464,NA,TRUE,164,94,TRUE,"exact","Zürich-δ✓",0.55
"text_heavy.tiles","text_heavy","tiles","café-δ","Chrome 100% dark page @2x","Chrome screenshot",2560,2032,2464,NA,TRUE,164,97,TRUE,"exact","café-δ",17.53
"baseline.dots","baseline","dots","K7Q2M9XD","Chrome 640px dark page @2x","Chrome screenshot",2560,1188,1280,NA,TRUE,164,111,TRUE,"exact","K7Q2M9XD",0.33
"baseline.tiles","baseline","tiles","K7Q2M9XD","Chrome 640px dark page @2x","Chrome screenshot",2560,1188,1280,NA,TRUE,164,114,TRUE,"exact","K7Q2M9XD",2.86
"facets_3x4.dots","facets_3x4","dots","K7Q2M9XD","Chrome 640px dark page @2x","Chrome screenshot",2560,1126,1280,NA,TRUE,176,124,TRUE,"exact","K7Q2M9XD",0.38
"facet_wrap_1x2.dots","facet_wrap_1x2","dots","RUN-42","Chrome 640px dark page @2x","Chrome screenshot",2560,984,1280,NA,TRUE,215,105,TRUE,"exact","RUN-42",0.31
"facet_wrap_1x2.tiles","facet_wrap_1x2","tiles","K7Q2M9XD","Chrome 640px dark page @2x","Chrome screenshot",2560,984,1280,NA,TRUE,215,108,TRUE,"exact","K7Q2M9XD",3.01
"legend_caption.dots","legend_caption","dots","ZZ0123456789ABCD","Chrome 640px dark page @2x","Chrome screenshot",2560,1232,1280,NA,TRUE,189,85,TRUE,"exact","ZZ0123456789ABCD",0.47
"legend_caption.tiles","legend_caption","tiles","K7Q2M9XD","Chrome 640px dark page @2x","Chrome screenshot",2560,1232,1280,NA,TRUE,189,88,TRUE,"exact","K7Q2M9XD",11.71
"rug_outside.dots","rug_outside","dots","Zürich-δ✓","Chrome 640px dark page @2x","Chrome screenshot",2560,1188,1280,NA,TRUE,164,111,TRUE,"exact","Zürich-δ✓",0.26
"rug_outside.tiles","rug_outside","tiles","café-δ","Chrome 640px dark page @2x","Chrome screenshot",2560,1188,1280,NA,TRUE,164,114,TRUE,"exact","café-δ",3.71
"heatmap_raster.dots","heatmap_raster","dots","f47ac10b-58cc-4372-a567-0e02b2c3d479","Chrome 640px dark page @2x","Chrome screenshot",2560,1188,1280,NA,TRUE,144,109,TRUE,"exact","f47ac10b-58cc-4372-a567-0e02b2c3d479",1.67
"heatmap_raster.tiles","heatmap_raster","tiles","K7Q2M9XD","Chrome 640px dark page @2x","Chrome screenshot",2560,1188,1280,NA,TRUE,144,114,FALSE,"NULL",NA,5.99
"dense_10k.dots","dense_10k","dots","K7Q2M9XD","Chrome 640px dark page @2x","Chrome screenshot",2560,1188,1280,NA,TRUE,165,111,TRUE,"exact","K7Q2M9XD",1.01
"dense_10k.tiles","dense_10k","tiles","ZZ0123456789","Chrome 640px dark page @2x","Chrome screenshot",2560,1188,1280,NA,TRUE,165,114,TRUE,"exact","ZZ0123456789",3.98
"dates_line.dots","dates_line","dots","f47ac10b-58cc-4372-a567-0e02b2c3d479","Chrome 640px dark page @2x","Chrome screenshot",2560,992,1280,NA,TRUE,184,96,TRUE,"exact","f47ac10b-58cc-4372-a567-0e02b2c3d479",1.1
"dates_line.tiles","dates_line","tiles","RUN-42","Chrome 640px dark page @2x","Chrome screenshot",2560,992,1280,NA,TRUE,184,101,TRUE,"NULL",NA,3.02
"theme_dark.dots","theme_dark","dots","RUN-42","Chrome 640px dark page @2x","Chrome screenshot",2560,1188,1280,NA,TRUE,164,111,TRUE,"exact","RUN-42",0.31
"theme_dark.tiles","theme_dark","tiles","RUN-42","Chrome 640px dark page @2x","Chrome screenshot",2560,1188,1280,NA,TRUE,164,114,TRUE,"exact","RUN-42",2.52
"black_bg.dots","black_bg","dots","K7Q2M9XD","Chrome 640px dark page @2x","Chrome screenshot",2560,1188,1280,NA,TRUE,164,111,TRUE,"exact","K7Q2M9XD",0.31
"black_bg.tiles","black_bg","tiles","K7Q2M9XD","Chrome 640px dark page @2x","Chrome screenshot",2560,1188,1280,NA,TRUE,164,114,TRUE,"NULL",NA,4.53
"theme_void.dots","theme_void","dots","f47ac10b-58cc-4372-a567-0e02b2c3d479","Chrome 640px dark page @2x","Chrome screenshot",2560,1188,1280,NA,TRUE,178,120,TRUE,"exact","f47ac10b-58cc-4372-a567-0e02b2c3d479",1.64
"theme_void.tiles","theme_void","tiles","K7Q2M9XD","Chrome 640px dark page @2x","Chrome screenshot",2560,1188,1280,NA,TRUE,178,127,TRUE,"exact","K7Q2M9XD",3.99
"tall_3x8.dots","tall_3x8","dots","K7Q2M9XD","Chrome 640px dark page @2x","Chrome screenshot",2560,3686,1280,NA,TRUE,38,187,TRUE,"exact","K7Q2M9XD",2.23
"tall_3x8.tiles","tall_3x8","tiles","RUN-42","Chrome 640px dark page @2x","Chrome screenshot",2560,3686,1280,NA,TRUE,38,190,FALSE,"NULL",NA,28.16
"wide_12x3.dots","wide_12x3","dots","f47ac10b-58cc-4372-a567-0e02b2c3d479","Chrome 640px dark page @2x","Chrome screenshot",2560,592,1280,NA,TRUE,291,58,TRUE,"exact","f47ac10b-58cc-4372-a567-0e02b2c3d479",1.15
"wide_12x3.tiles","wide_12x3","tiles","K7Q2M9XD","Chrome 640px dark page @2x","Chrome screenshot",2560,592,1280,NA,TRUE,291,63,FALSE,"NULL",NA,1.49
"small_4x3_96dpi.dots","small_4x3_96dpi","dots","K7Q2M9XD","Chrome 640px dark page @2x","Chrome screenshot",2560,1232,1280,NA,TRUE,88,60,TRUE,"exact","K7Q2M9XD",0.24
"small_4x3_96dpi.tiles","small_4x3_96dpi","tiles","RUN-42","Chrome 640px dark page @2x","Chrome screenshot",2560,1232,1280,NA,TRUE,88,63,TRUE,"exact","RUN-42",2.6
"huge_14x10_300dpi.dots","huge_14x10_300dpi","dots","f47ac10b-58cc-4372-a567-0e02b2c3d479","Chrome 640px dark page @2x","Chrome screenshot",2560,1188,1280,NA,TRUE,337,236,TRUE,"exact","f47ac10b-58cc-4372-a567-0e02b2c3d479",1.68
"long_title.dots","long_title","dots","ZZ0123456789ABCD","Chrome 640px dark page @2x","Chrome screenshot",2560,1188,1280,NA,TRUE,164,99,TRUE,"exact","ZZ0123456789ABCD",0.28
"long_title.tiles","long_title","tiles","ZZ0123456789","Chrome 640px dark page @2x","Chrome screenshot",2560,1188,1280,NA,TRUE,164,102,TRUE,"exact","ZZ0123456789",2.76
"coord_polar.dots","coord_polar","dots","K7Q2M9XD","Chrome 640px dark page @2x","Chrome screenshot",2560,1552,1280,NA,TRUE,108,108,TRUE,"exact","K7Q2M9XD",0.52
"coord_polar.tiles","coord_polar","tiles","RUN-42","Chrome 640px dark page @2x","Chrome screenshot",2560,1552,1280,NA,TRUE,108,108,FALSE,"NULL",NA,4.9
"text_heavy.dots","text_heavy","dots","Zürich-δ✓","Chrome 640px dark page @2x","Chrome screenshot",2560,1188,1280,NA,TRUE,164,94,TRUE,"exact","Zürich-δ✓",0.2
"text_heavy.tiles","text_heavy","tiles","café-δ","Chrome 640px dark page @2x","Chrome screenshot",2560,1188,1280,NA,TRUE,164,97,TRUE,"exact","café-δ",5.09
"baseline.dots","baseline","dots","K7Q2M9XD","Chrome 480px dark page @2x","Chrome screenshot",2560,958,960,NA,TRUE,164,111,TRUE,"exact","K7Q2M9XD",0.75
"baseline.tiles","baseline","tiles","K7Q2M9XD","Chrome 480px dark page @2x","Chrome screenshot",2560,958,960,NA,TRUE,164,114,TRUE,"exact","K7Q2M9XD",1.99
"baseline.both","baseline","both","K7Q2M9XD","Chrome 480px dark page @2x","Chrome screenshot",2560,958,960,NA,TRUE,164,111,TRUE,"exact","K7Q2M9XD",1.46
"baseline.none","baseline","none",NA,"Chrome 480px dark page @2x","Chrome screenshot",2560,958,960,NA,TRUE,164,114,FALSE,"NULL",NA,3.82
"facets_3x4.dots","facets_3x4","dots","K7Q2M9XD","Chrome 480px dark page @2x","Chrome screenshot",2560,912,960,NA,TRUE,176,124,TRUE,"NULL",NA,38.78
"facets_3x4.tiles","facets_3x4","tiles","RUN-42","Chrome 480px dark page @2x","Chrome screenshot",2560,912,960,NA,TRUE,176,127,FALSE,"NULL",NA,25.13
"facets_3x4.both","facets_3x4","both","RUN-42","Chrome 480px dark page @2x","Chrome screenshot",2560,912,960,NA,TRUE,176,124,TRUE,"NULL",NA,27.65
"facets_3x4.none","facets_3x4","none",NA,"Chrome 480px dark page @2x","Chrome screenshot",2560,912,960,NA,TRUE,176,127,FALSE,"NULL",NA,48.15
"facet_wrap_1x2.dots","facet_wrap_1x2","dots","RUN-42","Chrome 480px dark page @2x","Chrome screenshot",2560,806,960,NA,TRUE,215,105,TRUE,"exact","RUN-42",0.4
"facet_wrap_1x2.tiles","facet_wrap_1x2","tiles","K7Q2M9XD","Chrome 480px dark page @2x","Chrome screenshot",2560,806,960,NA,TRUE,215,108,FALSE,"exact","K7Q2M9XD",1.85
"facet_wrap_1x2.both","facet_wrap_1x2","both","K7Q2M9XD","Chrome 480px dark page @2x","Chrome screenshot",2560,806,960,NA,TRUE,215,105,TRUE,"exact","K7Q2M9XD",2.42
"facet_wrap_1x2.none","facet_wrap_1x2","none",NA,"Chrome 480px dark page @2x","Chrome screenshot",2560,806,960,NA,TRUE,215,108,FALSE,"NULL",NA,1.65
"legend_caption.dots","legend_caption","dots","ZZ0123456789ABCD","Chrome 480px dark page @2x","Chrome screenshot",2560,992,960,NA,TRUE,189,85,TRUE,"exact","ZZ0123456789ABCD",5.48
"legend_caption.tiles","legend_caption","tiles","K7Q2M9XD","Chrome 480px dark page @2x","Chrome screenshot",2560,992,960,NA,TRUE,189,88,FALSE,"exact","K7Q2M9XD",8.97
"legend_caption.both","legend_caption","both","K7Q2M9XD","Chrome 480px dark page @2x","Chrome screenshot",2560,992,960,NA,TRUE,189,85,TRUE,"exact","K7Q2M9XD",3.74
"legend_caption.none","legend_caption","none",NA,"Chrome 480px dark page @2x","Chrome screenshot",2560,992,960,NA,TRUE,189,88,FALSE,"NULL",NA,8.95
"rug_outside.dots","rug_outside","dots","Zürich-δ✓","Chrome 480px dark page @2x","Chrome screenshot",2560,958,960,NA,TRUE,164,111,TRUE,"exact","Zürich-δ✓",0.4
"rug_outside.tiles","rug_outside","tiles","café-δ","Chrome 480px dark page @2x","Chrome screenshot",2560,958,960,NA,TRUE,164,114,TRUE,"NULL",NA,1.93
"rug_outside.both","rug_outside","both","café-δ","Chrome 480px dark page @2x","Chrome screenshot",2560,958,960,NA,TRUE,164,111,TRUE,"exact","café-δ",1.12
"rug_outside.none","rug_outside","none",NA,"Chrome 480px dark page @2x","Chrome screenshot",2560,958,960,NA,TRUE,164,114,FALSE,"NULL",NA,2.01
"heatmap_raster.dots","heatmap_raster","dots","f47ac10b-58cc-4372-a567-0e02b2c3d479","Chrome 480px dark page @2x","Chrome screenshot",2560,958,960,NA,TRUE,144,109,TRUE,"exact","f47ac10b-58cc-4372-a567-0e02b2c3d479",0.51
"heatmap_raster.tiles","heatmap_raster","tiles","K7Q2M9XD","Chrome 480px dark page @2x","Chrome screenshot",2560,958,960,NA,TRUE,144,114,FALSE,"NULL",NA,2.77
"heatmap_raster.both","heatmap_raster","both","K7Q2M9XD","Chrome 480px dark page @2x","Chrome screenshot",2560,958,960,NA,TRUE,144,111,TRUE,"exact","K7Q2M9XD",1.34
"heatmap_raster.none","heatmap_raster","none",NA,"Chrome 480px dark page @2x","Chrome screenshot",2560,958,960,NA,TRUE,144,114,FALSE,"NULL",NA,3.03
"dense_10k.dots","dense_10k","dots","K7Q2M9XD","Chrome 480px dark page @2x","Chrome screenshot",2560,958,960,NA,TRUE,165,111,TRUE,"exact","K7Q2M9XD",2.38
"dense_10k.tiles","dense_10k","tiles","ZZ0123456789","Chrome 480px dark page @2x","Chrome screenshot",2560,958,960,NA,TRUE,165,114,TRUE,"exact","ZZ0123456789",5.38
"dense_10k.both","dense_10k","both","ZZ0123456789","Chrome 480px dark page @2x","Chrome screenshot",2560,958,960,NA,TRUE,165,111,TRUE,"exact","ZZ0123456789",6.1
"dense_10k.none","dense_10k","none",NA,"Chrome 480px dark page @2x","Chrome screenshot",2560,958,960,NA,TRUE,165,114,FALSE,"NULL",NA,7.41
"dates_line.dots","dates_line","dots","f47ac10b-58cc-4372-a567-0e02b2c3d479","Chrome 480px dark page @2x","Chrome screenshot",2560,812,960,NA,TRUE,184,96,TRUE,"exact","f47ac10b-58cc-4372-a567-0e02b2c3d479",3.8
"dates_line.tiles","dates_line","tiles","RUN-42","Chrome 480px dark page @2x","Chrome screenshot",2560,812,960,NA,TRUE,184,101,FALSE,"NULL",NA,2.41
"dates_line.both","dates_line","both","RUN-42","Chrome 480px dark page @2x","Chrome screenshot",2560,812,960,NA,TRUE,184,98,TRUE,"exact","RUN-42",0.47
"dates_line.none","dates_line","none",NA,"Chrome 480px dark page @2x","Chrome screenshot",2560,812,960,NA,TRUE,184,101,FALSE,"NULL",NA,2.14
"theme_dark.dots","theme_dark","dots","RUN-42","Chrome 480px dark page @2x","Chrome screenshot",2560,958,960,NA,TRUE,164,111,TRUE,"exact","RUN-42",1.13
"theme_dark.tiles","theme_dark","tiles","RUN-42","Chrome 480px dark page @2x","Chrome screenshot",2560,958,960,NA,TRUE,164,114,TRUE,"exact","RUN-42",3.32
"theme_dark.both","theme_dark","both","RUN-42","Chrome 480px dark page @2x","Chrome screenshot",2560,958,960,NA,TRUE,164,111,TRUE,"exact","RUN-42",1.46
"theme_dark.none","theme_dark","none",NA,"Chrome 480px dark page @2x","Chrome screenshot",2560,958,960,NA,TRUE,164,114,FALSE,"NULL",NA,2.86
"black_bg.dots","black_bg","dots","K7Q2M9XD","Chrome 480px dark page @2x","Chrome screenshot",2560,958,960,NA,TRUE,164,111,TRUE,"exact","K7Q2M9XD",0.17
"black_bg.tiles","black_bg","tiles","K7Q2M9XD","Chrome 480px dark page @2x","Chrome screenshot",2560,958,960,NA,TRUE,164,114,TRUE,"NULL",NA,2.88
"black_bg.both","black_bg","both","K7Q2M9XD","Chrome 480px dark page @2x","Chrome screenshot",2560,958,960,NA,TRUE,164,111,TRUE,"exact","K7Q2M9XD",0.23
"black_bg.none","black_bg","none",NA,"Chrome 480px dark page @2x","Chrome screenshot",2560,958,960,NA,TRUE,164,114,FALSE,"NULL",NA,2.91
"theme_void.dots","theme_void","dots","f47ac10b-58cc-4372-a567-0e02b2c3d479","Chrome 480px dark page @2x","Chrome screenshot",2560,958,960,NA,TRUE,178,120,TRUE,"exact","f47ac10b-58cc-4372-a567-0e02b2c3d479",0.95
"theme_void.tiles","theme_void","tiles","K7Q2M9XD","Chrome 480px dark page @2x","Chrome screenshot",2560,958,960,NA,TRUE,178,127,TRUE,"exact","K7Q2M9XD",2.7
"theme_void.both","theme_void","both","K7Q2M9XD","Chrome 480px dark page @2x","Chrome screenshot",2560,958,960,NA,TRUE,178,122,TRUE,"exact","K7Q2M9XD",1.23
"theme_void.none","theme_void","none",NA,"Chrome 480px dark page @2x","Chrome screenshot",2560,958,960,NA,TRUE,178,127,FALSE,"NULL",NA,3.95
"tall_3x8.dots","tall_3x8","dots","K7Q2M9XD","Chrome 480px dark page @2x","Chrome screenshot",2560,2832,960,NA,TRUE,38,187,TRUE,"exact","K7Q2M9XD",2
"tall_3x8.tiles","tall_3x8","tiles","RUN-42","Chrome 480px dark page @2x","Chrome screenshot",2560,2832,960,NA,TRUE,38,190,FALSE,"NULL",NA,19.46
"tall_3x8.both","tall_3x8","both","RUN-42","Chrome 480px dark page @2x","Chrome screenshot",2560,2832,960,NA,TRUE,38,187,TRUE,"exact","RUN-42",1.99
"tall_3x8.none","tall_3x8","none",NA,"Chrome 480px dark page @2x","Chrome screenshot",2560,2832,960,NA,TRUE,38,190,FALSE,"NULL",NA,17.55
"wide_12x3.dots","wide_12x3","dots","f47ac10b-58cc-4372-a567-0e02b2c3d479","Chrome 480px dark page @2x","Chrome screenshot",2560,512,960,NA,TRUE,291,58,TRUE,"NULL",NA,1.89
"wide_12x3.tiles","wide_12x3","tiles","K7Q2M9XD","Chrome 480px dark page @2x","Chrome screenshot",2560,512,960,NA,TRUE,291,63,FALSE,"NULL",NA,1.81
"wide_12x3.both","wide_12x3","both","K7Q2M9XD","Chrome 480px dark page @2x","Chrome screenshot",2560,512,960,NA,TRUE,291,60,TRUE,"NULL",NA,1.73
"wide_12x3.none","wide_12x3","none",NA,"Chrome 480px dark page @2x","Chrome screenshot",2560,512,960,NA,TRUE,291,63,FALSE,"NULL",NA,1.8
"small_4x3_96dpi.dots","small_4x3_96dpi","dots","K7Q2M9XD","Chrome 480px dark page @2x","Chrome screenshot",2560,992,960,NA,TRUE,88,60,TRUE,"exact","K7Q2M9XD",0.36
"small_4x3_96dpi.tiles","small_4x3_96dpi","tiles","RUN-42","Chrome 480px dark page @2x","Chrome screenshot",2560,992,960,NA,TRUE,88,63,TRUE,"exact","RUN-42",3.69
"small_4x3_96dpi.both","small_4x3_96dpi","both","RUN-42","Chrome 480px dark page @2x","Chrome screenshot",2560,992,960,NA,TRUE,88,60,TRUE,"exact","RUN-42",0.32
"small_4x3_96dpi.none","small_4x3_96dpi","none",NA,"Chrome 480px dark page @2x","Chrome screenshot",2560,992,960,NA,TRUE,88,63,FALSE,"NULL",NA,3.65
"huge_14x10_300dpi.dots","huge_14x10_300dpi","dots","f47ac10b-58cc-4372-a567-0e02b2c3d479","Chrome 480px dark page @2x","Chrome screenshot",2560,958,960,NA,TRUE,337,236,TRUE,"NULL",NA,2.91
"huge_14x10_300dpi.tiles","huge_14x10_300dpi","tiles","K7Q2M9XD","Chrome 480px dark page @2x","Chrome screenshot",2560,958,960,NA,TRUE,337,241,FALSE,"exact","K7Q2M9XD",1.99
"huge_14x10_300dpi.both","huge_14x10_300dpi","both","K7Q2M9XD","Chrome 480px dark page @2x","Chrome screenshot",2560,958,960,NA,TRUE,337,238,TRUE,"exact","K7Q2M9XD",1.81
"huge_14x10_300dpi.none","huge_14x10_300dpi","none",NA,"Chrome 480px dark page @2x","Chrome screenshot",2560,958,960,NA,TRUE,337,241,FALSE,"NULL",NA,2.25
"long_title.dots","long_title","dots","ZZ0123456789ABCD","Chrome 480px dark page @2x","Chrome screenshot",2560,958,960,NA,TRUE,164,99,TRUE,"exact","ZZ0123456789ABCD",0.53
"long_title.tiles","long_title","tiles","ZZ0123456789","Chrome 480px dark page @2x","Chrome screenshot",2560,958,960,NA,TRUE,164,102,TRUE,"exact","ZZ0123456789",2.28
"long_title.both","long_title","both","ZZ0123456789","Chrome 480px dark page @2x","Chrome screenshot",2560,958,960,NA,TRUE,164,99,TRUE,"exact","ZZ0123456789",2.67
"long_title.none","long_title","none",NA,"Chrome 480px dark page @2x","Chrome screenshot",2560,958,960,NA,TRUE,164,102,FALSE,"NULL",NA,2.81
"coord_polar.dots","coord_polar","dots","K7Q2M9XD","Chrome 480px dark page @2x","Chrome screenshot",2560,1232,960,NA,TRUE,108,108,TRUE,"exact","K7Q2M9XD",0.24
"coord_polar.tiles","coord_polar","tiles","RUN-42","Chrome 480px dark page @2x","Chrome screenshot",2560,1232,960,NA,TRUE,108,108,FALSE,"NULL",NA,5.37
"coord_polar.both","coord_polar","both","RUN-42","Chrome 480px dark page @2x","Chrome screenshot",2560,1232,960,NA,TRUE,108,108,TRUE,"exact","RUN-42",0.47
"coord_polar.none","coord_polar","none",NA,"Chrome 480px dark page @2x","Chrome screenshot",2560,1232,960,NA,TRUE,108,108,FALSE,"NULL",NA,6.61
"text_heavy.dots","text_heavy","dots","Zürich-δ✓","Chrome 480px dark page @2x","Chrome screenshot",2560,958,960,NA,TRUE,164,94,TRUE,"exact","Zürich-δ✓",0.28
"text_heavy.tiles","text_heavy","tiles","café-δ","Chrome 480px dark page @2x","Chrome screenshot",2560,958,960,NA,TRUE,164,97,TRUE,"exact","café-δ",4.34
"text_heavy.both","text_heavy","both","café-δ","Chrome 480px dark page @2x","Chrome screenshot",2560,958,960,NA,TRUE,164,94,TRUE,"exact","café-δ",2.5
"text_heavy.none","text_heavy","none",NA,"Chrome 480px dark page @2x","Chrome screenshot",2560,958,960,NA,TRUE,164,97,FALSE,"NULL",NA,4.56
"baseline.dots","baseline","dots","K7Q2M9XD","Chrome 360px dark page @2x","Chrome screenshot",2560,788,720,NA,TRUE,164,111,TRUE,"NULL",NA,1.64
"baseline.tiles","baseline","tiles","K7Q2M9XD","Chrome 360px dark page @2x","Chrome screenshot",2560,788,720,NA,TRUE,164,114,FALSE,"exact","K7Q2M9XD",1.43
"facets_3x4.dots","facets_3x4","dots","K7Q2M9XD","Chrome 360px dark page @2x","Chrome screenshot",2560,752,720,NA,TRUE,176,124,TRUE,"NULL",NA,1.56
"facet_wrap_1x2.dots","facet_wrap_1x2","dots","RUN-42","Chrome 360px dark page @2x","Chrome screenshot",2560,672,720,NA,TRUE,215,105,TRUE,"NULL",NA,1.45
"facet_wrap_1x2.tiles","facet_wrap_1x2","tiles","K7Q2M9XD","Chrome 360px dark page @2x","Chrome screenshot",2560,672,720,NA,TRUE,215,108,FALSE,"exact","K7Q2M9XD",0.62
"legend_caption.dots","legend_caption","dots","ZZ0123456789ABCD","Chrome 360px dark page @2x","Chrome screenshot",2560,812,720,NA,TRUE,189,85,TRUE,"NULL",NA,4.57
"legend_caption.tiles","legend_caption","tiles","K7Q2M9XD","Chrome 360px dark page @2x","Chrome screenshot",2560,812,720,NA,TRUE,189,88,FALSE,"exact","K7Q2M9XD",2.87
"rug_outside.dots","rug_outside","dots","Zürich-δ✓","Chrome 360px dark page @2x","Chrome screenshot",2560,788,720,NA,TRUE,164,111,TRUE,"NULL",NA,2.14
"rug_outside.tiles","rug_outside","tiles","café-δ","Chrome 360px dark page @2x","Chrome screenshot",2560,788,720,NA,TRUE,164,114,FALSE,"NULL",NA,1.84
"heatmap_raster.dots","heatmap_raster","dots","f47ac10b-58cc-4372-a567-0e02b2c3d479","Chrome 360px dark page @2x","Chrome screenshot",2560,788,720,NA,TRUE,144,109,TRUE,"NULL",NA,3.63
"heatmap_raster.tiles","heatmap_raster","tiles","K7Q2M9XD","Chrome 360px dark page @2x","Chrome screenshot",2560,788,720,NA,TRUE,144,114,FALSE,"NULL",NA,1.94
"dense_10k.dots","dense_10k","dots","K7Q2M9XD","Chrome 360px dark page @2x","Chrome screenshot",2560,788,720,NA,TRUE,165,111,TRUE,"NULL",NA,3.97
"dense_10k.tiles","dense_10k","tiles","ZZ0123456789","Chrome 360px dark page @2x","Chrome screenshot",2560,788,720,NA,TRUE,165,114,FALSE,"exact","ZZ0123456789",3.52
"dates_line.dots","dates_line","dots","f47ac10b-58cc-4372-a567-0e02b2c3d479","Chrome 360px dark page @2x","Chrome screenshot",2560,678,720,NA,TRUE,184,96,TRUE,"NULL",NA,2.71
"dates_line.tiles","dates_line","tiles","RUN-42","Chrome 360px dark page @2x","Chrome screenshot",2560,678,720,NA,TRUE,184,101,FALSE,"NULL",NA,1.33
"theme_dark.dots","theme_dark","dots","RUN-42","Chrome 360px dark page @2x","Chrome screenshot",2560,788,720,NA,TRUE,164,111,TRUE,"NULL",NA,2.61
"theme_dark.tiles","theme_dark","tiles","RUN-42","Chrome 360px dark page @2x","Chrome screenshot",2560,788,720,NA,TRUE,164,114,FALSE,"exact","RUN-42",1.3
"black_bg.dots","black_bg","dots","K7Q2M9XD","Chrome 360px dark page @2x","Chrome screenshot",2560,788,720,NA,TRUE,164,111,TRUE,"NULL",NA,1.89
"black_bg.tiles","black_bg","tiles","K7Q2M9XD","Chrome 360px dark page @2x","Chrome screenshot",2560,788,720,NA,TRUE,164,114,FALSE,"NULL",NA,2.26
"theme_void.dots","theme_void","dots","f47ac10b-58cc-4372-a567-0e02b2c3d479","Chrome 360px dark page @2x","Chrome screenshot",2560,788,720,NA,TRUE,178,120,TRUE,"NULL",NA,2.64
"theme_void.tiles","theme_void","tiles","K7Q2M9XD","Chrome 360px dark page @2x","Chrome screenshot",2560,788,720,NA,TRUE,178,127,FALSE,"exact","K7Q2M9XD",1.12
"tall_3x8.dots","tall_3x8","dots","K7Q2M9XD","Chrome 360px dark page @2x","Chrome screenshot",2560,2192,720,NA,TRUE,38,187,TRUE,"NULL",NA,10.98
"tall_3x8.tiles","tall_3x8","tiles","RUN-42","Chrome 360px dark page @2x","Chrome screenshot",2560,2192,720,NA,TRUE,38,190,FALSE,"NULL",NA,11.75
"wide_12x3.dots","wide_12x3","dots","f47ac10b-58cc-4372-a567-0e02b2c3d479","Chrome 360px dark page @2x","Chrome screenshot",2560,452,720,NA,TRUE,291,58,TRUE,"NULL",NA,0.8
"wide_12x3.tiles","wide_12x3","tiles","K7Q2M9XD","Chrome 360px dark page @2x","Chrome screenshot",2560,452,720,NA,TRUE,291,63,FALSE,"NULL",NA,0.9
"small_4x3_96dpi.dots","small_4x3_96dpi","dots","K7Q2M9XD","Chrome 360px dark page @2x","Chrome screenshot",2560,812,720,NA,TRUE,88,60,TRUE,"NULL",NA,2.49
"small_4x3_96dpi.tiles","small_4x3_96dpi","tiles","RUN-42","Chrome 360px dark page @2x","Chrome screenshot",2560,812,720,NA,TRUE,88,63,FALSE,"exact","RUN-42",1.88
"huge_14x10_300dpi.dots","huge_14x10_300dpi","dots","f47ac10b-58cc-4372-a567-0e02b2c3d479","Chrome 360px dark page @2x","Chrome screenshot",2560,788,720,NA,TRUE,337,236,TRUE,"NULL",NA,2.59
"long_title.dots","long_title","dots","ZZ0123456789ABCD","Chrome 360px dark page @2x","Chrome screenshot",2560,788,720,NA,TRUE,164,99,TRUE,"NULL",NA,3.05
"long_title.tiles","long_title","tiles","ZZ0123456789","Chrome 360px dark page @2x","Chrome screenshot",2560,788,720,NA,TRUE,164,102,FALSE,"exact","ZZ0123456789",2.53
"coord_polar.dots","coord_polar","dots","K7Q2M9XD","Chrome 360px dark page @2x","Chrome screenshot",2560,992,720,NA,TRUE,108,108,TRUE,"NULL",NA,3.52
"coord_polar.tiles","coord_polar","tiles","RUN-42","Chrome 360px dark page @2x","Chrome screenshot",2560,992,720,NA,TRUE,108,108,FALSE,"NULL",NA,2.21
"text_heavy.dots","text_heavy","dots","Zürich-δ✓","Chrome 360px dark page @2x","Chrome screenshot",2560,788,720,NA,TRUE,164,94,TRUE,"NULL",NA,2.02
"text_heavy.tiles","text_heavy","tiles","café-δ","Chrome 360px dark page @2x","Chrome screenshot",2560,788,720,NA,TRUE,164,97,FALSE,"exact","café-δ",1.31
"baseline.dots","baseline","dots","K7Q2M9XD","SVG in Chrome 100% @1x","PDF / SVG",1280,1016,1232,NA,TRUE,164,111,TRUE,"exact","K7Q2M9XD",0.1
"baseline.tiles","baseline","tiles","K7Q2M9XD","SVG in Chrome 100% @1x","PDF / SVG",1280,1016,1232,NA,TRUE,164,114,TRUE,"exact","K7Q2M9XD",2.81
"facets_3x4.dots","facets_3x4","dots","K7Q2M9XD","SVG in Chrome 100% @1x","PDF / SVG",1280,958,1232,NA,TRUE,176,124,TRUE,"exact","K7Q2M9XD",0.14
"facet_wrap_1x2.dots","facet_wrap_1x2","dots","RUN-42","SVG in Chrome 100% @1x","PDF / SVG",1280,821,1232,NA,TRUE,215,105,TRUE,"exact","RUN-42",0.12
"facet_wrap_1x2.tiles","facet_wrap_1x2","tiles","K7Q2M9XD","SVG in Chrome 100% @1x","PDF / SVG",1280,821,1232,NA,TRUE,215,108,TRUE,"exact","K7Q2M9XD",2.69
"legend_caption.dots","legend_caption","dots","ZZ0123456789ABCD","SVG in Chrome 100% @1x","PDF / SVG",1280,1060,1232,NA,TRUE,189,85,TRUE,"exact","ZZ0123456789ABCD",0.11
"legend_caption.tiles","legend_caption","tiles","K7Q2M9XD","SVG in Chrome 100% @1x","PDF / SVG",1280,1060,1232,NA,TRUE,189,88,TRUE,"exact","K7Q2M9XD",11.6
"rug_outside.dots","rug_outside","dots","Zürich-δ✓","SVG in Chrome 100% @1x","PDF / SVG",1280,1016,1232,NA,TRUE,164,111,TRUE,"exact","Zürich-δ✓",0.14
"rug_outside.tiles","rug_outside","tiles","café-δ","SVG in Chrome 100% @1x","PDF / SVG",1280,1016,1232,NA,TRUE,164,114,TRUE,"exact","café-δ",4.5
"heatmap_raster.dots","heatmap_raster","dots","f47ac10b-58cc-4372-a567-0e02b2c3d479","SVG in Chrome 100% @1x","PDF / SVG",1280,1016,1232,NA,TRUE,144,109,TRUE,"exact","f47ac10b-58cc-4372-a567-0e02b2c3d479",1.1
"heatmap_raster.tiles","heatmap_raster","tiles","K7Q2M9XD","SVG in Chrome 100% @1x","PDF / SVG",1280,1016,1232,NA,TRUE,144,114,FALSE,"NULL",NA,4.33
"dense_10k.dots","dense_10k","dots","K7Q2M9XD","SVG in Chrome 100% @1x","PDF / SVG",1280,1016,1232,NA,TRUE,165,111,TRUE,"exact","K7Q2M9XD",0.1
"dense_10k.tiles","dense_10k","tiles","ZZ0123456789","SVG in Chrome 100% @1x","PDF / SVG",1280,1016,1232,NA,TRUE,165,114,TRUE,"exact","ZZ0123456789",3.66
"dates_line.dots","dates_line","dots","f47ac10b-58cc-4372-a567-0e02b2c3d479","SVG in Chrome 100% @1x","PDF / SVG",1280,829,1232,NA,TRUE,184,96,TRUE,"exact","f47ac10b-58cc-4372-a567-0e02b2c3d479",1.12
"dates_line.tiles","dates_line","tiles","RUN-42","SVG in Chrome 100% @1x","PDF / SVG",1280,829,1232,NA,TRUE,184,101,TRUE,"exact","RUN-42",3.11
"theme_dark.dots","theme_dark","dots","RUN-42","SVG in Chrome 100% @1x","PDF / SVG",1280,1016,1232,NA,TRUE,164,111,TRUE,"exact","RUN-42",0.12
"theme_dark.tiles","theme_dark","tiles","RUN-42","SVG in Chrome 100% @1x","PDF / SVG",1280,1016,1232,NA,TRUE,164,114,TRUE,"exact","RUN-42",3.79
"black_bg.dots","black_bg","dots","K7Q2M9XD","SVG in Chrome 100% @1x","PDF / SVG",1280,1016,1232,NA,TRUE,164,111,TRUE,"exact","K7Q2M9XD",0.15
"black_bg.tiles","black_bg","tiles","K7Q2M9XD","SVG in Chrome 100% @1x","PDF / SVG",1280,1016,1232,NA,TRUE,164,114,TRUE,"exact","K7Q2M9XD",5.25
"theme_void.dots","theme_void","dots","f47ac10b-58cc-4372-a567-0e02b2c3d479","SVG in Chrome 100% @1x","PDF / SVG",1280,1016,1232,NA,TRUE,178,120,TRUE,"exact","f47ac10b-58cc-4372-a567-0e02b2c3d479",0.96
"theme_void.tiles","theme_void","tiles","K7Q2M9XD","SVG in Chrome 100% @1x","PDF / SVG",1280,1016,1232,NA,TRUE,178,127,TRUE,"exact","K7Q2M9XD",3.64
"tall_3x8.dots","tall_3x8","dots","K7Q2M9XD","SVG in Chrome 100% @1x","PDF / SVG",1280,3422,1232,NA,TRUE,38,187,TRUE,"exact","K7Q2M9XD",1.29
"tall_3x8.tiles","tall_3x8","tiles","RUN-42","SVG in Chrome 100% @1x","PDF / SVG",1280,3422,1232,NA,TRUE,38,190,FALSE,"NULL",NA,17.27
"wide_12x3.dots","wide_12x3","dots","f47ac10b-58cc-4372-a567-0e02b2c3d479","SVG in Chrome 100% @1x","PDF / SVG",1280,444,1232,NA,TRUE,291,58,TRUE,"exact","f47ac10b-58cc-4372-a567-0e02b2c3d479",0.82
"wide_12x3.tiles","wide_12x3","tiles","K7Q2M9XD","SVG in Chrome 100% @1x","PDF / SVG",1280,444,1232,NA,TRUE,291,63,FALSE,"exact","K7Q2M9XD",2.06
"small_4x3_96dpi.dots","small_4x3_96dpi","dots","K7Q2M9XD","SVG in Chrome 100% @1x","PDF / SVG",1280,1060,1232,NA,TRUE,88,60,TRUE,"exact","K7Q2M9XD",0.16
"small_4x3_96dpi.tiles","small_4x3_96dpi","tiles","RUN-42","SVG in Chrome 100% @1x","PDF / SVG",1280,1060,1232,NA,TRUE,88,63,TRUE,"exact","RUN-42",2.95
"huge_14x10_300dpi.dots","huge_14x10_300dpi","dots","f47ac10b-58cc-4372-a567-0e02b2c3d479","SVG in Chrome 100% @1x","PDF / SVG",1280,1016,1232,NA,TRUE,337,236,TRUE,"exact","f47ac10b-58cc-4372-a567-0e02b2c3d479",0.69
"long_title.dots","long_title","dots","ZZ0123456789ABCD","SVG in Chrome 100% @1x","PDF / SVG",1280,1016,1232,NA,TRUE,164,99,TRUE,"exact","ZZ0123456789ABCD",0.24
"long_title.tiles","long_title","tiles","ZZ0123456789","SVG in Chrome 100% @1x","PDF / SVG",1280,1016,1232,NA,TRUE,164,102,TRUE,"exact","ZZ0123456789",2.15
"coord_polar.dots","coord_polar","dots","K7Q2M9XD","SVG in Chrome 100% @1x","PDF / SVG",1280,1368,1232,NA,TRUE,108,108,TRUE,"exact","K7Q2M9XD",0.26
"coord_polar.tiles","coord_polar","tiles","RUN-42","SVG in Chrome 100% @1x","PDF / SVG",1280,1368,1232,NA,TRUE,108,108,FALSE,"NULL",NA,7.43
"text_heavy.dots","text_heavy","dots","Zürich-δ✓","SVG in Chrome 100% @1x","PDF / SVG",1280,1016,1232,NA,TRUE,164,94,TRUE,"exact","Zürich-δ✓",0.1
"text_heavy.tiles","text_heavy","tiles","café-δ","SVG in Chrome 100% @1x","PDF / SVG",1280,1016,1232,NA,TRUE,164,97,TRUE,"exact","café-δ",4
"baseline.dots","baseline","dots","K7Q2M9XD","SVG in Chrome 640px @2x","PDF / SVG",2560,1188,1280,NA,TRUE,164,111,TRUE,"exact","K7Q2M9XD",0.28
"baseline.tiles","baseline","tiles","K7Q2M9XD","SVG in Chrome 640px @2x","PDF / SVG",2560,1188,1280,NA,TRUE,164,114,TRUE,"exact","K7Q2M9XD",2.93
"baseline.both","baseline","both","K7Q2M9XD","SVG in Chrome 640px @2x","PDF / SVG",2560,1188,1280,NA,TRUE,164,111,TRUE,"exact","K7Q2M9XD",0.4
"baseline.none","baseline","none",NA,"SVG in Chrome 640px @2x","PDF / SVG",2560,1188,1280,NA,TRUE,164,114,FALSE,"NULL",NA,4.07
"facets_3x4.dots","facets_3x4","dots","K7Q2M9XD","SVG in Chrome 640px @2x","PDF / SVG",2560,1126,1280,NA,TRUE,176,124,TRUE,"exact","K7Q2M9XD",0.21
"facets_3x4.tiles","facets_3x4","tiles","RUN-42","SVG in Chrome 640px @2x","PDF / SVG",2560,1126,1280,NA,TRUE,176,127,TRUE,"NULL",NA,14.61
"facets_3x4.both","facets_3x4","both","RUN-42","SVG in Chrome 640px @2x","PDF / SVG",2560,1126,1280,NA,TRUE,176,124,TRUE,"exact","RUN-42",0.22
"facets_3x4.none","facets_3x4","none",NA,"SVG in Chrome 640px @2x","PDF / SVG",2560,1126,1280,NA,TRUE,176,127,FALSE,"NULL",NA,14.93
"facet_wrap_1x2.dots","facet_wrap_1x2","dots","RUN-42","SVG in Chrome 640px @2x","PDF / SVG",2560,984,1280,NA,TRUE,215,105,TRUE,"exact","RUN-42",0.29
"facet_wrap_1x2.tiles","facet_wrap_1x2","tiles","K7Q2M9XD","SVG in Chrome 640px @2x","PDF / SVG",2560,984,1280,NA,TRUE,215,108,TRUE,"exact","K7Q2M9XD",2.82
"facet_wrap_1x2.both","facet_wrap_1x2","both","K7Q2M9XD","SVG in Chrome 640px @2x","PDF / SVG",2560,984,1280,NA,TRUE,215,105,TRUE,"exact","K7Q2M9XD",0.26
"facet_wrap_1x2.none","facet_wrap_1x2","none",NA,"SVG in Chrome 640px @2x","PDF / SVG",2560,984,1280,NA,TRUE,215,108,FALSE,"NULL",NA,1.71
"legend_caption.dots","legend_caption","dots","ZZ0123456789ABCD","SVG in Chrome 640px @2x","PDF / SVG",2560,1232,1280,NA,TRUE,189,85,TRUE,"exact","ZZ0123456789ABCD",0.41
"legend_caption.tiles","legend_caption","tiles","K7Q2M9XD","SVG in Chrome 640px @2x","PDF / SVG",2560,1232,1280,NA,TRUE,189,88,TRUE,"exact","K7Q2M9XD",10.17
"legend_caption.both","legend_caption","both","K7Q2M9XD","SVG in Chrome 640px @2x","PDF / SVG",2560,1232,1280,NA,TRUE,189,85,TRUE,"exact","K7Q2M9XD",0.16
"legend_caption.none","legend_caption","none",NA,"SVG in Chrome 640px @2x","PDF / SVG",2560,1232,1280,NA,TRUE,189,88,FALSE,"NULL",NA,10.36
"rug_outside.dots","rug_outside","dots","Zürich-δ✓","SVG in Chrome 640px @2x","PDF / SVG",2560,1188,1280,NA,TRUE,164,111,TRUE,"exact","Zürich-δ✓",0.2
"rug_outside.tiles","rug_outside","tiles","café-δ","SVG in Chrome 640px @2x","PDF / SVG",2560,1188,1280,NA,TRUE,164,114,TRUE,"exact","café-δ",2.91
"rug_outside.both","rug_outside","both","café-δ","SVG in Chrome 640px @2x","PDF / SVG",2560,1188,1280,NA,TRUE,164,111,TRUE,"exact","café-δ",0.31
"rug_outside.none","rug_outside","none",NA,"SVG in Chrome 640px @2x","PDF / SVG",2560,1188,1280,NA,TRUE,164,114,FALSE,"NULL",NA,3.71
"heatmap_raster.dots","heatmap_raster","dots","f47ac10b-58cc-4372-a567-0e02b2c3d479","SVG in Chrome 640px @2x","PDF / SVG",2560,1188,1280,NA,TRUE,144,109,TRUE,"exact","f47ac10b-58cc-4372-a567-0e02b2c3d479",0.89
"heatmap_raster.tiles","heatmap_raster","tiles","K7Q2M9XD","SVG in Chrome 640px @2x","PDF / SVG",2560,1188,1280,NA,TRUE,144,114,FALSE,"NULL",NA,3.59
"heatmap_raster.both","heatmap_raster","both","K7Q2M9XD","SVG in Chrome 640px @2x","PDF / SVG",2560,1188,1280,NA,TRUE,144,111,TRUE,"exact","K7Q2M9XD",0.42
"heatmap_raster.none","heatmap_raster","none",NA,"SVG in Chrome 640px @2x","PDF / SVG",2560,1188,1280,NA,TRUE,144,114,FALSE,"NULL",NA,2.49
"dense_10k.dots","dense_10k","dots","K7Q2M9XD","SVG in Chrome 640px @2x","PDF / SVG",2560,1188,1280,NA,TRUE,165,111,TRUE,"exact","K7Q2M9XD",0.21
"dense_10k.tiles","dense_10k","tiles","ZZ0123456789","SVG in Chrome 640px @2x","PDF / SVG",2560,1188,1280,NA,TRUE,165,114,TRUE,"exact","ZZ0123456789",4.65
"dense_10k.both","dense_10k","both","ZZ0123456789","SVG in Chrome 640px @2x","PDF / SVG",2560,1188,1280,NA,TRUE,165,111,TRUE,"exact","ZZ0123456789",0.24
"dense_10k.none","dense_10k","none",NA,"SVG in Chrome 640px @2x","PDF / SVG",2560,1188,1280,NA,TRUE,165,114,FALSE,"NULL",NA,4.28
"dates_line.dots","dates_line","dots","f47ac10b-58cc-4372-a567-0e02b2c3d479","SVG in Chrome 640px @2x","PDF / SVG",2560,992,1280,NA,TRUE,184,96,TRUE,"exact","f47ac10b-58cc-4372-a567-0e02b2c3d479",1.65
"dates_line.tiles","dates_line","tiles","RUN-42","SVG in Chrome 640px @2x","PDF / SVG",2560,992,1280,NA,TRUE,184,101,TRUE,"exact","RUN-42",2.01
"dates_line.both","dates_line","both","RUN-42","SVG in Chrome 640px @2x","PDF / SVG",2560,992,1280,NA,TRUE,184,98,TRUE,"exact","RUN-42",0.29
"dates_line.none","dates_line","none",NA,"SVG in Chrome 640px @2x","PDF / SVG",2560,992,1280,NA,TRUE,184,101,FALSE,"NULL",NA,1.76
"theme_dark.dots","theme_dark","dots","RUN-42","SVG in Chrome 640px @2x","PDF / SVG",2560,1188,1280,NA,TRUE,164,111,TRUE,"exact","RUN-42",0.38
"theme_dark.tiles","theme_dark","tiles","RUN-42","SVG in Chrome 640px @2x","PDF / SVG",2560,1188,1280,NA,TRUE,164,114,TRUE,"exact","RUN-42",3.36
"theme_dark.both","theme_dark","both","RUN-42","SVG in Chrome 640px @2x","PDF / SVG",2560,1188,1280,NA,TRUE,164,111,TRUE,"exact","RUN-42",0.29
"theme_dark.none","theme_dark","none",NA,"SVG in Chrome 640px @2x","PDF / SVG",2560,1188,1280,NA,TRUE,164,114,FALSE,"NULL",NA,2.11
"black_bg.dots","black_bg","dots","K7Q2M9XD","SVG in Chrome 640px @2x","PDF / SVG",2560,1188,1280,NA,TRUE,164,111,TRUE,"exact","K7Q2M9XD",0.26
"black_bg.tiles","black_bg","tiles","K7Q2M9XD","SVG in Chrome 640px @2x","PDF / SVG",2560,1188,1280,NA,TRUE,164,114,TRUE,"NULL",NA,3.42
"black_bg.both","black_bg","both","K7Q2M9XD","SVG in Chrome 640px @2x","PDF / SVG",2560,1188,1280,NA,TRUE,164,111,TRUE,"exact","K7Q2M9XD",0.25
"black_bg.none","black_bg","none",NA,"SVG in Chrome 640px @2x","PDF / SVG",2560,1188,1280,NA,TRUE,164,114,FALSE,"NULL",NA,3.02
"theme_void.dots","theme_void","dots","f47ac10b-58cc-4372-a567-0e02b2c3d479","SVG in Chrome 640px @2x","PDF / SVG",2560,1188,1280,NA,TRUE,178,120,TRUE,"exact","f47ac10b-58cc-4372-a567-0e02b2c3d479",1.19
"theme_void.tiles","theme_void","tiles","K7Q2M9XD","SVG in Chrome 640px @2x","PDF / SVG",2560,1188,1280,NA,TRUE,178,127,TRUE,"exact","K7Q2M9XD",2.2
"theme_void.both","theme_void","both","K7Q2M9XD","SVG in Chrome 640px @2x","PDF / SVG",2560,1188,1280,NA,TRUE,178,122,TRUE,"exact","K7Q2M9XD",0.33
"theme_void.none","theme_void","none",NA,"SVG in Chrome 640px @2x","PDF / SVG",2560,1188,1280,NA,TRUE,178,127,FALSE,"NULL",NA,2.59
"tall_3x8.dots","tall_3x8","dots","K7Q2M9XD","SVG in Chrome 640px @2x","PDF / SVG",2560,3686,1280,NA,TRUE,38,187,TRUE,"exact","K7Q2M9XD",0.95
"tall_3x8.tiles","tall_3x8","tiles","RUN-42","SVG in Chrome 640px @2x","PDF / SVG",2560,3686,1280,NA,TRUE,38,190,FALSE,"NULL",NA,20.42
"tall_3x8.both","tall_3x8","both","RUN-42","SVG in Chrome 640px @2x","PDF / SVG",2560,3686,1280,NA,TRUE,38,187,TRUE,"exact","RUN-42",1.63
"tall_3x8.none","tall_3x8","none",NA,"SVG in Chrome 640px @2x","PDF / SVG",2560,3686,1280,NA,TRUE,38,190,FALSE,"NULL",NA,19.64
"wide_12x3.dots","wide_12x3","dots","f47ac10b-58cc-4372-a567-0e02b2c3d479","SVG in Chrome 640px @2x","PDF / SVG",2560,592,1280,NA,TRUE,291,58,TRUE,"NULL",NA,2.01
"wide_12x3.tiles","wide_12x3","tiles","K7Q2M9XD","SVG in Chrome 640px @2x","PDF / SVG",2560,592,1280,NA,TRUE,291,63,FALSE,"NULL",NA,2.11
"wide_12x3.both","wide_12x3","both","K7Q2M9XD","SVG in Chrome 640px @2x","PDF / SVG",2560,592,1280,NA,TRUE,291,60,TRUE,"NULL",NA,2.01
"wide_12x3.none","wide_12x3","none",NA,"SVG in Chrome 640px @2x","PDF / SVG",2560,592,1280,NA,TRUE,291,63,FALSE,"NULL",NA,2.13
"small_4x3_96dpi.dots","small_4x3_96dpi","dots","K7Q2M9XD","SVG in Chrome 640px @2x","PDF / SVG",2560,1232,1280,NA,TRUE,88,60,TRUE,"exact","K7Q2M9XD",0.19
"small_4x3_96dpi.tiles","small_4x3_96dpi","tiles","RUN-42","SVG in Chrome 640px @2x","PDF / SVG",2560,1232,1280,NA,TRUE,88,63,TRUE,"exact","RUN-42",2.46
"small_4x3_96dpi.both","small_4x3_96dpi","both","RUN-42","SVG in Chrome 640px @2x","PDF / SVG",2560,1232,1280,NA,TRUE,88,60,TRUE,"exact","RUN-42",0.17
"small_4x3_96dpi.none","small_4x3_96dpi","none",NA,"SVG in Chrome 640px @2x","PDF / SVG",2560,1232,1280,NA,TRUE,88,63,FALSE,"NULL",NA,3.56
"huge_14x10_300dpi.dots","huge_14x10_300dpi","dots","f47ac10b-58cc-4372-a567-0e02b2c3d479","SVG in Chrome 640px @2x","PDF / SVG",2560,1188,1280,NA,TRUE,337,236,TRUE,"NULL",NA,2.79
"huge_14x10_300dpi.tiles","huge_14x10_300dpi","tiles","K7Q2M9XD","SVG in Chrome 640px @2x","PDF / SVG",2560,1188,1280,NA,TRUE,337,241,FALSE,"exact","K7Q2M9XD",4.35
"huge_14x10_300dpi.both","huge_14x10_300dpi","both","K7Q2M9XD","SVG in Chrome 640px @2x","PDF / SVG",2560,1188,1280,NA,TRUE,337,238,TRUE,"exact","K7Q2M9XD",4.01
"huge_14x10_300dpi.none","huge_14x10_300dpi","none",NA,"SVG in Chrome 640px @2x","PDF / SVG",2560,1188,1280,NA,TRUE,337,241,FALSE,"NULL",NA,3.01
"long_title.dots","long_title","dots","ZZ0123456789ABCD","SVG in Chrome 640px @2x","PDF / SVG",2560,1188,1280,NA,TRUE,164,99,TRUE,"exact","ZZ0123456789ABCD",0.35
"long_title.tiles","long_title","tiles","ZZ0123456789","SVG in Chrome 640px @2x","PDF / SVG",2560,1188,1280,NA,TRUE,164,102,TRUE,"exact","ZZ0123456789",4.32
"long_title.both","long_title","both","ZZ0123456789","SVG in Chrome 640px @2x","PDF / SVG",2560,1188,1280,NA,TRUE,164,99,TRUE,"exact","ZZ0123456789",0.82
"long_title.none","long_title","none",NA,"SVG in Chrome 640px @2x","PDF / SVG",2560,1188,1280,NA,TRUE,164,102,FALSE,"NULL",NA,5.76
"coord_polar.dots","coord_polar","dots","K7Q2M9XD","SVG in Chrome 640px @2x","PDF / SVG",2560,1552,1280,NA,TRUE,108,108,TRUE,"exact","K7Q2M9XD",1.6
"coord_polar.tiles","coord_polar","tiles","RUN-42","SVG in Chrome 640px @2x","PDF / SVG",2560,1552,1280,NA,TRUE,108,108,FALSE,"NULL",NA,7.41
"coord_polar.both","coord_polar","both","RUN-42","SVG in Chrome 640px @2x","PDF / SVG",2560,1552,1280,NA,TRUE,108,108,TRUE,"exact","RUN-42",0.85
"coord_polar.none","coord_polar","none",NA,"SVG in Chrome 640px @2x","PDF / SVG",2560,1552,1280,NA,TRUE,108,108,FALSE,"NULL",NA,7.25
"text_heavy.dots","text_heavy","dots","Zürich-δ✓","SVG in Chrome 640px @2x","PDF / SVG",2560,1188,1280,NA,TRUE,164,94,TRUE,"exact","Zürich-δ✓",0.3
"text_heavy.tiles","text_heavy","tiles","café-δ","SVG in Chrome 640px @2x","PDF / SVG",2560,1188,1280,NA,TRUE,164,97,TRUE,"exact","café-δ",5.38
"text_heavy.both","text_heavy","both","café-δ","SVG in Chrome 640px @2x","PDF / SVG",2560,1188,1280,NA,TRUE,164,94,TRUE,"exact","café-δ",0.24
"text_heavy.none","text_heavy","none",NA,"SVG in Chrome 640px @2x","PDF / SVG",2560,1188,1280,NA,TRUE,164,97,FALSE,"NULL",NA,6.47
"baseline.dots","baseline","dots","K7Q2M9XD","SVG in Chrome 480px @1x","PDF / SVG",1280,479,480,NA,TRUE,164,111,TRUE,"exact","K7Q2M9XD",0.08
"baseline.tiles","baseline","tiles","K7Q2M9XD","SVG in Chrome 480px @1x","PDF / SVG",1280,479,480,NA,TRUE,164,114,FALSE,"exact","K7Q2M9XD",1.31
"facets_3x4.dots","facets_3x4","dots","K7Q2M9XD","SVG in Chrome 480px @1x","PDF / SVG",1280,456,480,NA,TRUE,176,124,TRUE,"NULL",NA,4.45
"facet_wrap_1x2.dots","facet_wrap_1x2","dots","RUN-42","SVG in Chrome 480px @1x","PDF / SVG",1280,403,480,NA,TRUE,215,105,TRUE,"NULL",NA,1.3
"facet_wrap_1x2.tiles","facet_wrap_1x2","tiles","K7Q2M9XD","SVG in Chrome 480px @1x","PDF / SVG",1280,403,480,NA,TRUE,215,108,FALSE,"exact","K7Q2M9XD",1.66
"legend_caption.dots","legend_caption","dots","ZZ0123456789ABCD","SVG in Chrome 480px @1x","PDF / SVG",1280,496,480,NA,TRUE,189,85,TRUE,"exact","ZZ0123456789ABCD",0.09
"legend_caption.tiles","legend_caption","tiles","K7Q2M9XD","SVG in Chrome 480px @1x","PDF / SVG",1280,496,480,NA,TRUE,189,88,FALSE,"exact","K7Q2M9XD",2.42
"rug_outside.dots","rug_outside","dots","Zürich-δ✓","SVG in Chrome 480px @1x","PDF / SVG",1280,479,480,NA,TRUE,164,111,TRUE,"exact","Zürich-δ✓",0.18
"rug_outside.tiles","rug_outside","tiles","café-δ","SVG in Chrome 480px @1x","PDF / SVG",1280,479,480,NA,TRUE,164,114,FALSE,"NULL",NA,1.85
"heatmap_raster.dots","heatmap_raster","dots","f47ac10b-58cc-4372-a567-0e02b2c3d479","SVG in Chrome 480px @1x","PDF / SVG",1280,479,480,NA,TRUE,144,109,TRUE,"exact","f47ac10b-58cc-4372-a567-0e02b2c3d479",0.28
"heatmap_raster.tiles","heatmap_raster","tiles","K7Q2M9XD","SVG in Chrome 480px @1x","PDF / SVG",1280,479,480,NA,TRUE,144,114,FALSE,"NULL",NA,3.03
"dense_10k.dots","dense_10k","dots","K7Q2M9XD","SVG in Chrome 480px @1x","PDF / SVG",1280,479,480,NA,TRUE,165,111,TRUE,"exact","K7Q2M9XD",0.07
"dense_10k.tiles","dense_10k","tiles","ZZ0123456789","SVG in Chrome 480px @1x","PDF / SVG",1280,479,480,NA,TRUE,165,114,FALSE,"exact","ZZ0123456789",3.01
"dates_line.dots","dates_line","dots","f47ac10b-58cc-4372-a567-0e02b2c3d479","SVG in Chrome 480px @1x","PDF / SVG",1280,406,480,NA,TRUE,184,96,TRUE,"exact","f47ac10b-58cc-4372-a567-0e02b2c3d479",0.34
"dates_line.tiles","dates_line","tiles","RUN-42","SVG in Chrome 480px @1x","PDF / SVG",1280,406,480,NA,TRUE,184,101,FALSE,"NULL",NA,1.71
"theme_dark.dots","theme_dark","dots","RUN-42","SVG in Chrome 480px @1x","PDF / SVG",1280,479,480,NA,TRUE,164,111,TRUE,"exact","RUN-42",0.04
"theme_dark.tiles","theme_dark","tiles","RUN-42","SVG in Chrome 480px @1x","PDF / SVG",1280,479,480,NA,TRUE,164,114,FALSE,"exact","RUN-42",1.79
"black_bg.dots","black_bg","dots","K7Q2M9XD","SVG in Chrome 480px @1x","PDF / SVG",1280,479,480,NA,TRUE,164,111,TRUE,"exact","K7Q2M9XD",0.58
"black_bg.tiles","black_bg","tiles","K7Q2M9XD","SVG in Chrome 480px @1x","PDF / SVG",1280,479,480,NA,TRUE,164,114,FALSE,"NULL",NA,2.11
"theme_void.dots","theme_void","dots","f47ac10b-58cc-4372-a567-0e02b2c3d479","SVG in Chrome 480px @1x","PDF / SVG",1280,479,480,NA,TRUE,178,120,TRUE,"exact","f47ac10b-58cc-4372-a567-0e02b2c3d479",0.3
"theme_void.tiles","theme_void","tiles","K7Q2M9XD","SVG in Chrome 480px @1x","PDF / SVG",1280,479,480,NA,TRUE,178,127,FALSE,"exact","K7Q2M9XD",1.79
"tall_3x8.dots","tall_3x8","dots","K7Q2M9XD","SVG in Chrome 480px @1x","PDF / SVG",1280,1416,480,NA,TRUE,38,187,TRUE,"exact","K7Q2M9XD",0.24
"tall_3x8.tiles","tall_3x8","tiles","RUN-42","SVG in Chrome 480px @1x","PDF / SVG",1280,1416,480,NA,TRUE,38,190,FALSE,"NULL",NA,7.32
"wide_12x3.dots","wide_12x3","dots","f47ac10b-58cc-4372-a567-0e02b2c3d479","SVG in Chrome 480px @1x","PDF / SVG",1280,256,480,NA,TRUE,291,58,TRUE,"NULL",NA,1.39
"wide_12x3.tiles","wide_12x3","tiles","K7Q2M9XD","SVG in Chrome 480px @1x","PDF / SVG",1280,256,480,NA,TRUE,291,63,FALSE,"NULL",NA,1.41
"small_4x3_96dpi.dots","small_4x3_96dpi","dots","K7Q2M9XD","SVG in Chrome 480px @1x","PDF / SVG",1280,496,480,NA,TRUE,88,60,TRUE,"exact","K7Q2M9XD",0.06
"small_4x3_96dpi.tiles","small_4x3_96dpi","tiles","RUN-42","SVG in Chrome 480px @1x","PDF / SVG",1280,496,480,NA,TRUE,88,63,FALSE,"exact","RUN-42",1.37
"huge_14x10_300dpi.dots","huge_14x10_300dpi","dots","f47ac10b-58cc-4372-a567-0e02b2c3d479","SVG in Chrome 480px @1x","PDF / SVG",1280,479,480,NA,TRUE,337,236,TRUE,"NULL",NA,2.39
"long_title.dots","long_title","dots","ZZ0123456789ABCD","SVG in Chrome 480px @1x","PDF / SVG",1280,479,480,NA,TRUE,164,99,TRUE,"exact","ZZ0123456789ABCD",0.04
"long_title.tiles","long_title","tiles","ZZ0123456789","SVG in Chrome 480px @1x","PDF / SVG",1280,479,480,NA,TRUE,164,102,FALSE,"exact","ZZ0123456789",2.97
"coord_polar.dots","coord_polar","dots","K7Q2M9XD","SVG in Chrome 480px @1x","PDF / SVG",1280,616,480,NA,TRUE,108,108,TRUE,"exact","K7Q2M9XD",0.13
"coord_polar.tiles","coord_polar","tiles","RUN-42","SVG in Chrome 480px @1x","PDF / SVG",1280,616,480,NA,TRUE,108,108,FALSE,"NULL",NA,3
"text_heavy.dots","text_heavy","dots","Zürich-δ✓","SVG in Chrome 480px @1x","PDF / SVG",1280,479,480,NA,TRUE,164,94,TRUE,"exact","Zürich-δ✓",0.08
"text_heavy.tiles","text_heavy","tiles","café-δ","SVG in Chrome 480px @1x","PDF / SVG",1280,479,480,NA,TRUE,164,97,FALSE,"NULL",NA,3.1
"baseline.dots","baseline","dots","K7Q2M9XD","Transparent in Chrome dark page 640px @2x","Transparent PNG",2560,1188,1280,NA,TRUE,164,111,TRUE,"exact","K7Q2M9XD",0.39
"baseline.tiles","baseline","tiles","K7Q2M9XD","Transparent in Chrome dark page 640px @2x","Transparent PNG",2560,1188,1280,NA,TRUE,164,114,TRUE,"exact","K7Q2M9XD",3.9
"facets_3x4.dots","facets_3x4","dots","K7Q2M9XD","Transparent in Chrome dark page 640px @2x","Transparent PNG",2560,1126,1280,NA,TRUE,176,124,TRUE,"NULL",NA,45.13
"facet_wrap_1x2.dots","facet_wrap_1x2","dots","RUN-42","Transparent in Chrome dark page 640px @2x","Transparent PNG",2560,984,1280,NA,TRUE,215,105,TRUE,"exact","RUN-42",0.25
"facet_wrap_1x2.tiles","facet_wrap_1x2","tiles","K7Q2M9XD","Transparent in Chrome dark page 640px @2x","Transparent PNG",2560,984,1280,NA,TRUE,215,108,TRUE,"exact","K7Q2M9XD",3.25
"legend_caption.dots","legend_caption","dots","ZZ0123456789ABCD","Transparent in Chrome dark page 640px @2x","Transparent PNG",2560,1232,1280,NA,TRUE,189,85,TRUE,"exact","ZZ0123456789ABCD",0.21
"legend_caption.tiles","legend_caption","tiles","K7Q2M9XD","Transparent in Chrome dark page 640px @2x","Transparent PNG",2560,1232,1280,NA,TRUE,189,88,TRUE,"exact","K7Q2M9XD",9.07
"rug_outside.dots","rug_outside","dots","Zürich-δ✓","Transparent in Chrome dark page 640px @2x","Transparent PNG",2560,1188,1280,NA,TRUE,164,111,TRUE,"exact","Zürich-δ✓",0.28
"rug_outside.tiles","rug_outside","tiles","café-δ","Transparent in Chrome dark page 640px @2x","Transparent PNG",2560,1188,1280,NA,TRUE,164,114,TRUE,"NULL",NA,5.63
"heatmap_raster.dots","heatmap_raster","dots","f47ac10b-58cc-4372-a567-0e02b2c3d479","Transparent in Chrome dark page 640px @2x","Transparent PNG",2560,1188,1280,NA,TRUE,144,109,TRUE,"exact","f47ac10b-58cc-4372-a567-0e02b2c3d479",1.06
"heatmap_raster.tiles","heatmap_raster","tiles","K7Q2M9XD","Transparent in Chrome dark page 640px @2x","Transparent PNG",2560,1188,1280,NA,TRUE,144,114,FALSE,"NULL",NA,2.58
"dense_10k.dots","dense_10k","dots","K7Q2M9XD","Transparent in Chrome dark page 640px @2x","Transparent PNG",2560,1188,1280,NA,TRUE,165,111,TRUE,"exact","K7Q2M9XD",0.31
"dense_10k.tiles","dense_10k","tiles","ZZ0123456789","Transparent in Chrome dark page 640px @2x","Transparent PNG",2560,1188,1280,NA,TRUE,165,114,TRUE,"exact","ZZ0123456789",4.42
"dates_line.dots","dates_line","dots","f47ac10b-58cc-4372-a567-0e02b2c3d479","Transparent in Chrome dark page 640px @2x","Transparent PNG",2560,992,1280,NA,TRUE,184,96,TRUE,"exact","f47ac10b-58cc-4372-a567-0e02b2c3d479",1.66
"dates_line.tiles","dates_line","tiles","RUN-42","Transparent in Chrome dark page 640px @2x","Transparent PNG",2560,992,1280,NA,TRUE,184,101,TRUE,"NULL",NA,2.15
"theme_dark.dots","theme_dark","dots","RUN-42","Transparent in Chrome dark page 640px @2x","Transparent PNG",2560,1188,1280,NA,TRUE,164,111,TRUE,"exact","RUN-42",0.32
"theme_dark.tiles","theme_dark","tiles","RUN-42","Transparent in Chrome dark page 640px @2x","Transparent PNG",2560,1188,1280,NA,TRUE,164,114,TRUE,"exact","RUN-42",2.32
"black_bg.dots","black_bg","dots","K7Q2M9XD","Transparent in Chrome dark page 640px @2x","Transparent PNG",2560,1188,1280,NA,TRUE,164,111,TRUE,"exact","K7Q2M9XD",0.43
"black_bg.tiles","black_bg","tiles","K7Q2M9XD","Transparent in Chrome dark page 640px @2x","Transparent PNG",NA,NA,NA,NA,NA,NA,NA,FALSE,"PIPELINE-ERROR",NA,NA
"theme_void.dots","theme_void","dots","f47ac10b-58cc-4372-a567-0e02b2c3d479","Transparent in Chrome dark page 640px @2x","Transparent PNG",2560,1188,1280,NA,TRUE,178,120,TRUE,"exact","f47ac10b-58cc-4372-a567-0e02b2c3d479",1.48
"theme_void.tiles","theme_void","tiles","K7Q2M9XD","Transparent in Chrome dark page 640px @2x","Transparent PNG",2560,1188,1280,NA,TRUE,178,127,TRUE,"exact","K7Q2M9XD",1.95
"tall_3x8.dots","tall_3x8","dots","K7Q2M9XD","Transparent in Chrome dark page 640px @2x","Transparent PNG",2560,3686,1280,NA,TRUE,38,187,TRUE,"exact","K7Q2M9XD",1.28
"tall_3x8.tiles","tall_3x8","tiles","RUN-42","Transparent in Chrome dark page 640px @2x","Transparent PNG",2560,3686,1280,NA,TRUE,38,190,FALSE,"NULL",NA,23.47
"wide_12x3.dots","wide_12x3","dots","f47ac10b-58cc-4372-a567-0e02b2c3d479","Transparent in Chrome dark page 640px @2x","Transparent PNG",2560,592,1280,NA,TRUE,291,58,TRUE,"NULL",NA,1.92
"wide_12x3.tiles","wide_12x3","tiles","K7Q2M9XD","Transparent in Chrome dark page 640px @2x","Transparent PNG",2560,592,1280,NA,TRUE,291,63,FALSE,"NULL",NA,2.1
"small_4x3_96dpi.dots","small_4x3_96dpi","dots","K7Q2M9XD","Transparent in Chrome dark page 640px @2x","Transparent PNG",2560,1232,1280,NA,TRUE,88,60,TRUE,"exact","K7Q2M9XD",0.3
"small_4x3_96dpi.tiles","small_4x3_96dpi","tiles","RUN-42","Transparent in Chrome dark page 640px @2x","Transparent PNG",2560,1232,1280,NA,TRUE,88,63,TRUE,"exact","RUN-42",1.96
"huge_14x10_300dpi.dots","huge_14x10_300dpi","dots","f47ac10b-58cc-4372-a567-0e02b2c3d479","Transparent in Chrome dark page 640px @2x","Transparent PNG",2560,1188,1280,NA,TRUE,337,236,TRUE,"NULL",NA,2.16
"long_title.dots","long_title","dots","ZZ0123456789ABCD","Transparent in Chrome dark page 640px @2x","Transparent PNG",2560,1188,1280,NA,TRUE,164,99,TRUE,"exact","ZZ0123456789ABCD",0.28
"long_title.tiles","long_title","tiles","ZZ0123456789","Transparent in Chrome dark page 640px @2x","Transparent PNG",2560,1188,1280,NA,TRUE,164,102,TRUE,"exact","ZZ0123456789",2.51
"coord_polar.dots","coord_polar","dots","K7Q2M9XD","Transparent in Chrome dark page 640px @2x","Transparent PNG",2560,1552,1280,NA,TRUE,108,108,TRUE,"exact","K7Q2M9XD",0.46
"coord_polar.tiles","coord_polar","tiles","RUN-42","Transparent in Chrome dark page 640px @2x","Transparent PNG",2560,1552,1280,NA,TRUE,108,108,FALSE,"NULL",NA,3.72
"text_heavy.dots","text_heavy","dots","Zürich-δ✓","Transparent in Chrome dark page 640px @2x","Transparent PNG",2560,1188,1280,NA,TRUE,164,94,TRUE,"exact","Zürich-δ✓",0.15
"text_heavy.tiles","text_heavy","tiles","café-δ","Transparent in Chrome dark page 640px @2x","Transparent PNG",2560,1188,1280,NA,TRUE,164,97,TRUE,"exact","café-δ",3.07
"baseline.dots","baseline","dots","K7Q2M9XD","Crop: tight panels of Chrome 640px @2x shot","Crops",1183,800,1280,NA,FALSE,164,111,FALSE,"NULL",NA,2.58
"baseline.tiles","baseline","tiles","K7Q2M9XD","Crop: tight panels of Chrome 640px @2x shot","Crops",1183,822,1280,NA,FALSE,164,114,TRUE,"exact","K7Q2M9XD",2.07
"facets_3x4.dots","facets_3x4","dots","K7Q2M9XD","Crop: tight panels of Chrome 640px @2x shot","Crops",989,696,1280,NA,FALSE,176,124,FALSE,"NULL",NA,57.88
"facet_wrap_1x2.dots","facet_wrap_1x2","dots","RUN-42","Crop: tight panels of Chrome 640px @2x shot","Crops",1205,588,1280,NA,FALSE,215,105,FALSE,"NULL",NA,1.8
"facet_wrap_1x2.tiles","facet_wrap_1x2","tiles","K7Q2M9XD","Crop: tight panels of Chrome 640px @2x shot","Crops",1205,605,1280,NA,FALSE,215,108,TRUE,"exact","K7Q2M9XD",1.43
"legend_caption.dots","legend_caption","dots","ZZ0123456789ABCD","Crop: tight panels of Chrome 640px @2x shot","Crops",1194,539,1280,NA,FALSE,189,85,FALSE,"NULL",NA,1.04
"legend_caption.tiles","legend_caption","tiles","K7Q2M9XD","Crop: tight panels of Chrome 640px @2x shot","Crops",1194,558,1280,NA,FALSE,189,88,TRUE,"exact","K7Q2M9XD",1.56
"rug_outside.dots","rug_outside","dots","Zürich-δ✓","Crop: tight panels of Chrome 640px @2x shot","Crops",1183,800,1280,NA,FALSE,164,111,FALSE,"NULL",NA,2.59
"rug_outside.tiles","rug_outside","tiles","café-δ","Crop: tight panels of Chrome 640px @2x shot","Crops",1183,822,1280,NA,FALSE,164,114,TRUE,"exact","café-δ",1.83
"heatmap_raster.dots","heatmap_raster","dots","f47ac10b-58cc-4372-a567-0e02b2c3d479","Crop: tight panels of Chrome 640px @2x shot","Crops",1038,785,1280,NA,FALSE,144,109,FALSE,"NULL",NA,1.13
"heatmap_raster.tiles","heatmap_raster","tiles","K7Q2M9XD","Crop: tight panels of Chrome 640px @2x shot","Crops",1038,822,1280,NA,FALSE,144,114,FALSE,"NULL",NA,1.21
"dense_10k.dots","dense_10k","dots","K7Q2M9XD","Crop: tight panels of Chrome 640px @2x shot","Crops",1187,800,1280,NA,FALSE,165,111,FALSE,"NULL",NA,2.9
"dense_10k.tiles","dense_10k","tiles","ZZ0123456789","Crop: tight panels of Chrome 640px @2x shot","Crops",1187,821,1280,NA,FALSE,165,114,TRUE,"exact","ZZ0123456789",2.96
"dates_line.dots","dates_line","dots","f47ac10b-58cc-4372-a567-0e02b2c3d479","Crop: tight panels of Chrome 640px @2x shot","Crops",1162,607,1280,NA,FALSE,184,96,FALSE,"NULL",NA,1.03
"dates_line.tiles","dates_line","tiles","RUN-42","Crop: tight panels of Chrome 640px @2x shot","Crops",1162,639,1280,NA,FALSE,184,101,TRUE,"exact","RUN-42",1.79
"theme_dark.dots","theme_dark","dots","RUN-42","Crop: tight panels of Chrome 640px @2x shot","Crops",1183,800,1280,NA,FALSE,164,111,FALSE,"NULL",NA,2.8
"theme_dark.tiles","theme_dark","tiles","RUN-42","Crop: tight panels of Chrome 640px @2x shot","Crops",1183,822,1280,NA,FALSE,164,114,TRUE,"exact","RUN-42",3.14
"black_bg.dots","black_bg","dots","K7Q2M9XD","Crop: tight panels of Chrome 640px @2x shot","Crops",1183,800,1280,NA,FALSE,164,111,FALSE,"NULL",NA,1.78
"black_bg.tiles","black_bg","tiles","K7Q2M9XD","Crop: tight panels of Chrome 640px @2x shot","Crops",1183,822,1280,NA,FALSE,164,114,TRUE,"exact","K7Q2M9XD",2.04
"theme_void.dots","theme_void","dots","f47ac10b-58cc-4372-a567-0e02b2c3d479","Crop: tight panels of Chrome 640px @2x shot","Crops",1280,864,1280,NA,FALSE,178,120,FALSE,"NULL",NA,3.39
"theme_void.tiles","theme_void","tiles","K7Q2M9XD","Crop: tight panels of Chrome 640px @2x shot","Crops",1280,914,1280,NA,TRUE,178,127,TRUE,"exact","K7Q2M9XD",3.3
"tall_3x8.dots","tall_3x8","dots","K7Q2M9XD","Crop: tight panels of Chrome 640px @2x shot","Crops",640,3146,1280,NA,FALSE,38,187,FALSE,"NULL",NA,8.57
"tall_3x8.tiles","tall_3x8","tiles","RUN-42","Crop: tight panels of Chrome 640px @2x shot","Crops",640,3197,1280,NA,FALSE,38,190,FALSE,"NULL",NA,9.67
"wide_12x3.dots","wide_12x3","dots","f47ac10b-58cc-4372-a567-0e02b2c3d479","Crop: tight panels of Chrome 640px @2x shot","Crops",1223,244,1280,NA,FALSE,291,58,FALSE,"NULL",NA,1.26
"wide_12x3.tiles","wide_12x3","tiles","K7Q2M9XD","Crop: tight panels of Chrome 640px @2x shot","Crops",1223,266,1280,NA,FALSE,291,63,FALSE,"NULL",NA,1.57
"small_4x3_96dpi.dots","small_4x3_96dpi","dots","K7Q2M9XD","Crop: tight panels of Chrome 640px @2x shot","Crops",1110,760,1280,NA,FALSE,88,60,FALSE,"NULL",NA,1.91
"small_4x3_96dpi.tiles","small_4x3_96dpi","tiles","RUN-42","Crop: tight panels of Chrome 640px @2x shot","Crops",1110,800,1280,NA,FALSE,88,63,TRUE,"exact","RUN-42",2.21
"huge_14x10_300dpi.dots","huge_14x10_300dpi","dots","f47ac10b-58cc-4372-a567-0e02b2c3d479","Crop: tight panels of Chrome 640px @2x shot","Crops",1212,849,1280,NA,FALSE,337,236,FALSE,"NULL",NA,2.09
"long_title.dots","long_title","dots","ZZ0123456789ABCD","Crop: tight panels of Chrome 640px @2x shot","Crops",1183,715,1280,NA,FALSE,164,99,FALSE,"NULL",NA,2.21
"long_title.tiles","long_title","tiles","ZZ0123456789","Crop: tight panels of Chrome 640px @2x shot","Crops",1183,737,1280,NA,FALSE,164,102,TRUE,"exact","ZZ0123456789",2.32
"coord_polar.dots","coord_polar","dots","K7Q2M9XD","Crop: tight panels of Chrome 640px @2x shot","Crops",909,908,1280,NA,FALSE,108,108,FALSE,"NULL",NA,1.99
"coord_polar.tiles","coord_polar","tiles","RUN-42","Crop: tight panels of Chrome 640px @2x shot","Crops",909,909,1280,NA,FALSE,108,108,FALSE,"NULL",NA,3.19
"text_heavy.dots","text_heavy","dots","Zürich-δ✓","Crop: tight panels of Chrome 640px @2x shot","Crops",1183,681,1280,NA,FALSE,164,94,FALSE,"NULL",NA,2.7
"text_heavy.tiles","text_heavy","tiles","café-δ","Crop: tight panels of Chrome 640px @2x shot","Crops",1183,702,1280,NA,FALSE,164,97,TRUE,"exact","café-δ",2.15
"baseline.dots","baseline","dots","K7Q2M9XD","sips JPEG q90","sips (macOS)",1050,750,1050,90,TRUE,164,111,TRUE,"exact","K7Q2M9XD",0.08
"baseline.tiles","baseline","tiles","K7Q2M9XD","sips JPEG q90","sips (macOS)",1050,750,1050,90,TRUE,164,114,TRUE,"exact","K7Q2M9XD",1
"facets_3x4.dots","facets_3x4","dots","K7Q2M9XD","sips JPEG q90","sips (macOS)",1350,900,1350,90,TRUE,176,124,TRUE,"exact","K7Q2M9XD",0.06
"facet_wrap_1x2.dots","facet_wrap_1x2","dots","RUN-42","sips JPEG q90","sips (macOS)",1350,750,1350,90,TRUE,215,105,TRUE,"exact","RUN-42",0.05
"facet_wrap_1x2.tiles","facet_wrap_1x2","tiles","K7Q2M9XD","sips JPEG q90","sips (macOS)",1350,750,1350,90,TRUE,215,108,TRUE,"exact","K7Q2M9XD",1.27
"legend_caption.dots","legend_caption","dots","ZZ0123456789ABCD","sips JPEG q90","sips (macOS)",1200,900,1200,90,TRUE,189,85,TRUE,"exact","ZZ0123456789ABCD",0.05
"legend_caption.tiles","legend_caption","tiles","K7Q2M9XD","sips JPEG q90","sips (macOS)",1200,900,1200,90,TRUE,189,88,TRUE,"exact","K7Q2M9XD",4.94
"rug_outside.dots","rug_outside","dots","Zürich-δ✓","sips JPEG q90","sips (macOS)",1050,750,1050,90,TRUE,164,111,TRUE,"exact","Zürich-δ✓",0.05
"rug_outside.tiles","rug_outside","tiles","café-δ","sips JPEG q90","sips (macOS)",1050,750,1050,90,TRUE,164,114,TRUE,"exact","café-δ",1.32
"heatmap_raster.dots","heatmap_raster","dots","f47ac10b-58cc-4372-a567-0e02b2c3d479","sips JPEG q90","sips (macOS)",1050,750,1050,90,TRUE,144,109,TRUE,"exact","f47ac10b-58cc-4372-a567-0e02b2c3d479",0.3
"heatmap_raster.tiles","heatmap_raster","tiles","K7Q2M9XD","sips JPEG q90","sips (macOS)",1050,750,1050,90,TRUE,144,114,FALSE,"NULL",NA,1.42
"dense_10k.dots","dense_10k","dots","K7Q2M9XD","sips JPEG q90","sips (macOS)",1400,1000,1400,90,TRUE,165,111,TRUE,"exact","K7Q2M9XD",0.07
"dense_10k.tiles","dense_10k","tiles","ZZ0123456789","sips JPEG q90","sips (macOS)",1400,1000,1400,90,TRUE,165,114,TRUE,"exact","ZZ0123456789",1.62
"dates_line.dots","dates_line","dots","f47ac10b-58cc-4372-a567-0e02b2c3d479","sips JPEG q90","sips (macOS)",1200,675,1200,90,TRUE,184,96,TRUE,"exact","f47ac10b-58cc-4372-a567-0e02b2c3d479",0.42
"dates_line.tiles","dates_line","tiles","RUN-42","sips JPEG q90","sips (macOS)",1200,675,1200,90,TRUE,184,101,TRUE,"NULL",NA,1.94
"theme_dark.dots","theme_dark","dots","RUN-42","sips JPEG q90","sips (macOS)",1050,750,1050,90,TRUE,164,111,TRUE,"exact","RUN-42",0.03
"theme_dark.tiles","theme_dark","tiles","RUN-42","sips JPEG q90","sips (macOS)",1050,750,1050,90,TRUE,164,114,TRUE,"exact","RUN-42",1.28
"black_bg.dots","black_bg","dots","K7Q2M9XD","sips JPEG q90","sips (macOS)",1050,750,1050,90,TRUE,164,111,TRUE,"exact","K7Q2M9XD",0.04
"black_bg.tiles","black_bg","tiles","K7Q2M9XD","sips JPEG q90","sips (macOS)",1050,750,1050,90,TRUE,164,114,TRUE,"exact","K7Q2M9XD",1.46
"theme_void.dots","theme_void","dots","f47ac10b-58cc-4372-a567-0e02b2c3d479","sips JPEG q90","sips (macOS)",1050,750,1050,90,TRUE,178,120,TRUE,"exact","f47ac10b-58cc-4372-a567-0e02b2c3d479",0.4
"theme_void.tiles","theme_void","tiles","K7Q2M9XD","sips JPEG q90","sips (macOS)",1050,750,1050,90,TRUE,178,127,TRUE,"exact","K7Q2M9XD",1.08
"tall_3x8.dots","tall_3x8","dots","K7Q2M9XD","sips JPEG q90","sips (macOS)",450,1200,450,90,TRUE,38,187,FALSE,"exact","K7Q2M9XD",0.03
"tall_3x8.tiles","tall_3x8","tiles","RUN-42","sips JPEG q90","sips (macOS)",450,1200,450,90,TRUE,38,190,FALSE,"NULL",NA,3.37
"wide_12x3.dots","wide_12x3","dots","f47ac10b-58cc-4372-a567-0e02b2c3d479","sips JPEG q90","sips (macOS)",1800,450,1800,90,TRUE,291,58,TRUE,"exact","f47ac10b-58cc-4372-a567-0e02b2c3d479",0.56
"wide_12x3.tiles","wide_12x3","tiles","K7Q2M9XD","sips JPEG q90","sips (macOS)",1800,450,1800,90,TRUE,291,63,FALSE,"NULL",NA,1.92
"small_4x3_96dpi.dots","small_4x3_96dpi","dots","K7Q2M9XD","sips JPEG q90","sips (macOS)",384,288,384,90,TRUE,88,60,FALSE,"exact","K7Q2M9XD",0.01
"small_4x3_96dpi.tiles","small_4x3_96dpi","tiles","RUN-42","sips JPEG q90","sips (macOS)",384,288,384,90,TRUE,88,63,FALSE,"NULL",NA,0.28
"huge_14x10_300dpi.dots","huge_14x10_300dpi","dots","f47ac10b-58cc-4372-a567-0e02b2c3d479","sips JPEG q90","sips (macOS)",4200,3000,4200,90,TRUE,337,236,TRUE,"exact","f47ac10b-58cc-4372-a567-0e02b2c3d479",3.41
"long_title.dots","long_title","dots","ZZ0123456789ABCD","sips JPEG q90","sips (macOS)",1050,750,1050,90,TRUE,164,99,TRUE,"exact","ZZ0123456789ABCD",0.04
"long_title.tiles","long_title","tiles","ZZ0123456789","sips JPEG q90","sips (macOS)",1050,750,1050,90,TRUE,164,102,TRUE,"exact","ZZ0123456789",1.09
"coord_polar.dots","coord_polar","dots","K7Q2M9XD","sips JPEG q90","sips (macOS)",900,900,900,90,TRUE,108,108,TRUE,"exact","K7Q2M9XD",0.04
"coord_polar.tiles","coord_polar","tiles","RUN-42","sips JPEG q90","sips (macOS)",900,900,900,90,TRUE,108,108,FALSE,"NULL",NA,1.78
"text_heavy.dots","text_heavy","dots","Zürich-δ✓","sips JPEG q90","sips (macOS)",1050,750,1050,90,TRUE,164,94,TRUE,"exact","Zürich-δ✓",0.04
"text_heavy.tiles","text_heavy","tiles","café-δ","sips JPEG q90","sips (macOS)",1050,750,1050,90,TRUE,164,97,TRUE,"exact","café-δ",2.1
"baseline.dots","baseline","dots","K7Q2M9XD","sips JPEG q70","sips (macOS)",1050,750,1050,70,TRUE,164,111,TRUE,"exact","K7Q2M9XD",0.04
"baseline.tiles","baseline","tiles","K7Q2M9XD","sips JPEG q70","sips (macOS)",1050,750,1050,70,TRUE,164,114,FALSE,"exact","K7Q2M9XD",1.05
"baseline.both","baseline","both","K7Q2M9XD","sips JPEG q70","sips (macOS)",1050,750,1050,70,TRUE,164,111,TRUE,"exact","K7Q2M9XD",0.05
"baseline.none","baseline","none",NA,"sips JPEG q70","sips (macOS)",1050,750,1050,70,TRUE,164,114,FALSE,"NULL",NA,1.4
"facets_3x4.dots","facets_3x4","dots","K7Q2M9XD","sips JPEG q70","sips (macOS)",1350,900,1350,70,TRUE,176,124,TRUE,"exact","K7Q2M9XD",0.06
"facets_3x4.tiles","facets_3x4","tiles","RUN-42","sips JPEG q70","sips (macOS)",1350,900,1350,70,TRUE,176,127,FALSE,"NULL",NA,41.98
"facets_3x4.both","facets_3x4","both","RUN-42","sips JPEG q70","sips (macOS)",1350,900,1350,70,TRUE,176,124,TRUE,"exact","RUN-42",0.06
"facets_3x4.none","facets_3x4","none",NA,"sips JPEG q70","sips (macOS)",1350,900,1350,70,TRUE,176,127,FALSE,"NULL",NA,50.9
"facet_wrap_1x2.dots","facet_wrap_1x2","dots","RUN-42","sips JPEG q70","sips (macOS)",1350,750,1350,70,TRUE,215,105,TRUE,"exact","RUN-42",0.05
"facet_wrap_1x2.tiles","facet_wrap_1x2","tiles","K7Q2M9XD","sips JPEG q70","sips (macOS)",1350,750,1350,70,TRUE,215,108,FALSE,"exact","K7Q2M9XD",1.33
"facet_wrap_1x2.both","facet_wrap_1x2","both","K7Q2M9XD","sips JPEG q70","sips (macOS)",1350,750,1350,70,TRUE,215,105,TRUE,"exact","K7Q2M9XD",0.06
"facet_wrap_1x2.none","facet_wrap_1x2","none",NA,"sips JPEG q70","sips (macOS)",1350,750,1350,70,TRUE,215,108,FALSE,"NULL",NA,2.16
"legend_caption.dots","legend_caption","dots","ZZ0123456789ABCD","sips JPEG q70","sips (macOS)",1200,900,1200,70,TRUE,189,85,TRUE,"exact","ZZ0123456789ABCD",0.06
"legend_caption.tiles","legend_caption","tiles","K7Q2M9XD","sips JPEG q70","sips (macOS)",1200,900,1200,70,TRUE,189,88,FALSE,"exact","K7Q2M9XD",5.42
"legend_caption.both","legend_caption","both","K7Q2M9XD","sips JPEG q70","sips (macOS)",1200,900,1200,70,TRUE,189,85,TRUE,"exact","K7Q2M9XD",0.04
"legend_caption.none","legend_caption","none",NA,"sips JPEG q70","sips (macOS)",1200,900,1200,70,TRUE,189,88,FALSE,"NULL",NA,5.95
"rug_outside.dots","rug_outside","dots","Zürich-δ✓","sips JPEG q70","sips (macOS)",1050,750,1050,70,TRUE,164,111,TRUE,"exact","Zürich-δ✓",0.04
"rug_outside.tiles","rug_outside","tiles","café-δ","sips JPEG q70","sips (macOS)",1050,750,1050,70,TRUE,164,114,FALSE,"exact","café-δ",2.12
"rug_outside.both","rug_outside","both","café-δ","sips JPEG q70","sips (macOS)",1050,750,1050,70,TRUE,164,111,TRUE,"exact","café-δ",0.05
"rug_outside.none","rug_outside","none",NA,"sips JPEG q70","sips (macOS)",1050,750,1050,70,TRUE,164,114,FALSE,"NULL",NA,2.22
"heatmap_raster.dots","heatmap_raster","dots","f47ac10b-58cc-4372-a567-0e02b2c3d479","sips JPEG q70","sips (macOS)",1050,750,1050,70,TRUE,144,109,TRUE,"exact","f47ac10b-58cc-4372-a567-0e02b2c3d479",0.33
"heatmap_raster.tiles","heatmap_raster","tiles","K7Q2M9XD","sips JPEG q70","sips (macOS)",1050,750,1050,70,TRUE,144,114,FALSE,"NULL",NA,2.4
"heatmap_raster.both","heatmap_raster","both","K7Q2M9XD","sips JPEG q70","sips (macOS)",1050,750,1050,70,TRUE,144,111,TRUE,"exact","K7Q2M9XD",0.05
"heatmap_raster.none","heatmap_raster","none",NA,"sips JPEG q70","sips (macOS)",1050,750,1050,70,TRUE,144,114,FALSE,"NULL",NA,1.87
"dense_10k.dots","dense_10k","dots","K7Q2M9XD","sips JPEG q70","sips (macOS)",1400,1000,1400,70,TRUE,165,111,TRUE,"exact","K7Q2M9XD",0.05
"dense_10k.tiles","dense_10k","tiles","ZZ0123456789","sips JPEG q70","sips (macOS)",1400,1000,1400,70,TRUE,165,114,FALSE,"exact","ZZ0123456789",2.06
"dense_10k.both","dense_10k","both","ZZ0123456789","sips JPEG q70","sips (macOS)",1400,1000,1400,70,TRUE,165,111,TRUE,"exact","ZZ0123456789",0.07
"dense_10k.none","dense_10k","none",NA,"sips JPEG q70","sips (macOS)",1400,1000,1400,70,TRUE,165,114,FALSE,"NULL",NA,4.1
"dates_line.dots","dates_line","dots","f47ac10b-58cc-4372-a567-0e02b2c3d479","sips JPEG q70","sips (macOS)",1200,675,1200,70,TRUE,184,96,TRUE,"exact","f47ac10b-58cc-4372-a567-0e02b2c3d479",0.31
"dates_line.tiles","dates_line","tiles","RUN-42","sips JPEG q70","sips (macOS)",1200,675,1200,70,TRUE,184,101,FALSE,"NULL",NA,3.44
"dates_line.both","dates_line","both","RUN-42","sips JPEG q70","sips (macOS)",1200,675,1200,70,TRUE,184,98,TRUE,"exact","RUN-42",0.04
"dates_line.none","dates_line","none",NA,"sips JPEG q70","sips (macOS)",1200,675,1200,70,TRUE,184,101,FALSE,"NULL",NA,3.04
"theme_dark.dots","theme_dark","dots","RUN-42","sips JPEG q70","sips (macOS)",1050,750,1050,70,TRUE,164,111,TRUE,"exact","RUN-42",0.05
"theme_dark.tiles","theme_dark","tiles","RUN-42","sips JPEG q70","sips (macOS)",1050,750,1050,70,TRUE,164,114,FALSE,"exact","RUN-42",1.59
"theme_dark.both","theme_dark","both","RUN-42","sips JPEG q70","sips (macOS)",1050,750,1050,70,TRUE,164,111,TRUE,"exact","RUN-42",0.06
"theme_dark.none","theme_dark","none",NA,"sips JPEG q70","sips (macOS)",1050,750,1050,70,TRUE,164,114,FALSE,"NULL",NA,1.12
"black_bg.dots","black_bg","dots","K7Q2M9XD","sips JPEG q70","sips (macOS)",1050,750,1050,70,TRUE,164,111,TRUE,"exact","K7Q2M9XD",0.06
"black_bg.tiles","black_bg","tiles","K7Q2M9XD","sips JPEG q70","sips (macOS)",1050,750,1050,70,TRUE,164,114,FALSE,"exact","K7Q2M9XD",1.39
"black_bg.both","black_bg","both","K7Q2M9XD","sips JPEG q70","sips (macOS)",1050,750,1050,70,TRUE,164,111,TRUE,"exact","K7Q2M9XD",0.04
"black_bg.none","black_bg","none",NA,"sips JPEG q70","sips (macOS)",1050,750,1050,70,TRUE,164,114,FALSE,"NULL",NA,1.06
"theme_void.dots","theme_void","dots","f47ac10b-58cc-4372-a567-0e02b2c3d479","sips JPEG q70","sips (macOS)",1050,750,1050,70,TRUE,178,120,TRUE,"exact","f47ac10b-58cc-4372-a567-0e02b2c3d479",0.29
"theme_void.tiles","theme_void","tiles","K7Q2M9XD","sips JPEG q70","sips (macOS)",1050,750,1050,70,TRUE,178,127,FALSE,"exact","K7Q2M9XD",1.11
"theme_void.both","theme_void","both","K7Q2M9XD","sips JPEG q70","sips (macOS)",1050,750,1050,70,TRUE,178,122,TRUE,"exact","K7Q2M9XD",0.05
"theme_void.none","theme_void","none",NA,"sips JPEG q70","sips (macOS)",1050,750,1050,70,TRUE,178,127,FALSE,"NULL",NA,0.7
"tall_3x8.dots","tall_3x8","dots","K7Q2M9XD","sips JPEG q70","sips (macOS)",450,1200,450,70,TRUE,38,187,FALSE,"exact","K7Q2M9XD",0.06
"tall_3x8.tiles","tall_3x8","tiles","RUN-42","sips JPEG q70","sips (macOS)",450,1200,450,70,TRUE,38,190,FALSE,"NULL",NA,3.04
"tall_3x8.both","tall_3x8","both","RUN-42","sips JPEG q70","sips (macOS)",450,1200,450,70,TRUE,38,187,FALSE,"exact","RUN-42",0.02
"tall_3x8.none","tall_3x8","none",NA,"sips JPEG q70","sips (macOS)",450,1200,450,70,TRUE,38,190,FALSE,"NULL",NA,3.25
"wide_12x3.dots","wide_12x3","dots","f47ac10b-58cc-4372-a567-0e02b2c3d479","sips JPEG q70","sips (macOS)",1800,450,1800,70,TRUE,291,58,TRUE,"exact","f47ac10b-58cc-4372-a567-0e02b2c3d479",0.38
"wide_12x3.tiles","wide_12x3","tiles","K7Q2M9XD","sips JPEG q70","sips (macOS)",1800,450,1800,70,TRUE,291,63,FALSE,"NULL",NA,1.51
"wide_12x3.both","wide_12x3","both","K7Q2M9XD","sips JPEG q70","sips (macOS)",1800,450,1800,70,TRUE,291,60,TRUE,"exact","K7Q2M9XD",0.04
"wide_12x3.none","wide_12x3","none",NA,"sips JPEG q70","sips (macOS)",1800,450,1800,70,TRUE,291,63,FALSE,"NULL",NA,1.36
"small_4x3_96dpi.dots","small_4x3_96dpi","dots","K7Q2M9XD","sips JPEG q70","sips (macOS)",384,288,384,70,TRUE,88,60,FALSE,"exact","K7Q2M9XD",0.02
"small_4x3_96dpi.tiles","small_4x3_96dpi","tiles","RUN-42","sips JPEG q70","sips (macOS)",384,288,384,70,TRUE,88,63,FALSE,"NULL",NA,0.38
"small_4x3_96dpi.both","small_4x3_96dpi","both","RUN-42","sips JPEG q70","sips (macOS)",384,288,384,70,TRUE,88,60,FALSE,"exact","RUN-42",0.01
"small_4x3_96dpi.none","small_4x3_96dpi","none",NA,"sips JPEG q70","sips (macOS)",384,288,384,70,TRUE,88,63,FALSE,"NULL",NA,0.33
"huge_14x10_300dpi.dots","huge_14x10_300dpi","dots","f47ac10b-58cc-4372-a567-0e02b2c3d479","sips JPEG q70","sips (macOS)",4200,3000,4200,70,TRUE,337,236,TRUE,"exact","f47ac10b-58cc-4372-a567-0e02b2c3d479",9.74
"huge_14x10_300dpi.tiles","huge_14x10_300dpi","tiles","K7Q2M9XD","sips JPEG q70","sips (macOS)",4200,3000,4200,70,TRUE,337,241,FALSE,"exact","K7Q2M9XD",30.24
"huge_14x10_300dpi.both","huge_14x10_300dpi","both","K7Q2M9XD","sips JPEG q70","sips (macOS)",4200,3000,4200,70,TRUE,337,238,TRUE,"exact","K7Q2M9XD",4
"huge_14x10_300dpi.none","huge_14x10_300dpi","none",NA,"sips JPEG q70","sips (macOS)",4200,3000,4200,70,TRUE,337,241,FALSE,"NULL",NA,21.36
"long_title.dots","long_title","dots","ZZ0123456789ABCD","sips JPEG q70","sips (macOS)",1050,750,1050,70,TRUE,164,99,TRUE,"exact","ZZ0123456789ABCD",0.14
"long_title.tiles","long_title","tiles","ZZ0123456789","sips JPEG q70","sips (macOS)",1050,750,1050,70,TRUE,164,102,FALSE,"exact","ZZ0123456789",4.35
"long_title.both","long_title","both","ZZ0123456789","sips JPEG q70","sips (macOS)",1050,750,1050,70,TRUE,164,99,TRUE,"exact","ZZ0123456789",0.04
"long_title.none","long_title","none",NA,"sips JPEG q70","sips (macOS)",1050,750,1050,70,TRUE,164,102,FALSE,"NULL",NA,4.26
"coord_polar.dots","coord_polar","dots","K7Q2M9XD","sips JPEG q70","sips (macOS)",900,900,900,70,TRUE,108,108,TRUE,"exact","K7Q2M9XD",0.16
"coord_polar.tiles","coord_polar","tiles","RUN-42","sips JPEG q70","sips (macOS)",900,900,900,70,TRUE,108,108,FALSE,"NULL",NA,3.73
"coord_polar.both","coord_polar","both","RUN-42","sips JPEG q70","sips (macOS)",900,900,900,70,TRUE,108,108,TRUE,"exact","RUN-42",0.07
"coord_polar.none","coord_polar","none",NA,"sips JPEG q70","sips (macOS)",900,900,900,70,TRUE,108,108,FALSE,"NULL",NA,3.42
"text_heavy.dots","text_heavy","dots","Zürich-δ✓","sips JPEG q70","sips (macOS)",1050,750,1050,70,TRUE,164,94,TRUE,"exact","Zürich-δ✓",0.06
"text_heavy.tiles","text_heavy","tiles","café-δ","sips JPEG q70","sips (macOS)",1050,750,1050,70,TRUE,164,97,FALSE,"exact","café-δ",7.92
"text_heavy.both","text_heavy","both","café-δ","sips JPEG q70","sips (macOS)",1050,750,1050,70,TRUE,164,94,TRUE,"exact","café-δ",0.06
"text_heavy.none","text_heavy","none",NA,"sips JPEG q70","sips (macOS)",1050,750,1050,70,TRUE,164,97,FALSE,"NULL",NA,7.68
"baseline.dots","baseline","dots","K7Q2M9XD","sips JPEG q50","sips (macOS)",1050,750,1050,50,TRUE,164,111,TRUE,"exact","K7Q2M9XD",0.05
"baseline.tiles","baseline","tiles","K7Q2M9XD","sips JPEG q50","sips (macOS)",1050,750,1050,50,TRUE,164,114,FALSE,"exact","K7Q2M9XD",3.99
"facets_3x4.dots","facets_3x4","dots","K7Q2M9XD","sips JPEG q50","sips (macOS)",1350,900,1350,50,TRUE,176,124,TRUE,"exact","K7Q2M9XD",0.12
"facet_wrap_1x2.dots","facet_wrap_1x2","dots","RUN-42","sips JPEG q50","sips (macOS)",1350,750,1350,50,TRUE,215,105,TRUE,"exact","RUN-42",0.05
"facet_wrap_1x2.tiles","facet_wrap_1x2","tiles","K7Q2M9XD","sips JPEG q50","sips (macOS)",1350,750,1350,50,TRUE,215,108,FALSE,"exact","K7Q2M9XD",3.41
"legend_caption.dots","legend_caption","dots","ZZ0123456789ABCD","sips JPEG q50","sips (macOS)",1200,900,1200,50,TRUE,189,85,TRUE,"exact","ZZ0123456789ABCD",0.07
"legend_caption.tiles","legend_caption","tiles","K7Q2M9XD","sips JPEG q50","sips (macOS)",1200,900,1200,50,TRUE,189,88,FALSE,"exact","K7Q2M9XD",7.72
"rug_outside.dots","rug_outside","dots","Zürich-δ✓","sips JPEG q50","sips (macOS)",1050,750,1050,50,TRUE,164,111,TRUE,"exact","Zürich-δ✓",0.06
"rug_outside.tiles","rug_outside","tiles","café-δ","sips JPEG q50","sips (macOS)",1050,750,1050,50,TRUE,164,114,FALSE,"exact","café-δ",1.98
"heatmap_raster.dots","heatmap_raster","dots","f47ac10b-58cc-4372-a567-0e02b2c3d479","sips JPEG q50","sips (macOS)",1050,750,1050,50,TRUE,144,109,TRUE,"exact","f47ac10b-58cc-4372-a567-0e02b2c3d479",0.57
"heatmap_raster.tiles","heatmap_raster","tiles","K7Q2M9XD","sips JPEG q50","sips (macOS)",1050,750,1050,50,TRUE,144,114,FALSE,"NULL",NA,1.73
"dense_10k.dots","dense_10k","dots","K7Q2M9XD","sips JPEG q50","sips (macOS)",1400,1000,1400,50,TRUE,165,111,TRUE,"exact","K7Q2M9XD",0.07
"dense_10k.tiles","dense_10k","tiles","ZZ0123456789","sips JPEG q50","sips (macOS)",1400,1000,1400,50,TRUE,165,114,FALSE,"exact","ZZ0123456789",1.67
"dates_line.dots","dates_line","dots","f47ac10b-58cc-4372-a567-0e02b2c3d479","sips JPEG q50","sips (macOS)",1200,675,1200,50,TRUE,184,96,TRUE,"exact","f47ac10b-58cc-4372-a567-0e02b2c3d479",0.36
"dates_line.tiles","dates_line","tiles","RUN-42","sips JPEG q50","sips (macOS)",1200,675,1200,50,TRUE,184,101,FALSE,"NULL",NA,2.67
"theme_dark.dots","theme_dark","dots","RUN-42","sips JPEG q50","sips (macOS)",1050,750,1050,50,TRUE,164,111,TRUE,"exact","RUN-42",0.05
"theme_dark.tiles","theme_dark","tiles","RUN-42","sips JPEG q50","sips (macOS)",1050,750,1050,50,TRUE,164,114,FALSE,"exact","RUN-42",1.18
"black_bg.dots","black_bg","dots","K7Q2M9XD","sips JPEG q50","sips (macOS)",1050,750,1050,50,TRUE,164,111,TRUE,"exact","K7Q2M9XD",0.05
"black_bg.tiles","black_bg","tiles","K7Q2M9XD","sips JPEG q50","sips (macOS)",1050,750,1050,50,TRUE,164,114,FALSE,"exact","K7Q2M9XD",1.34
"theme_void.dots","theme_void","dots","f47ac10b-58cc-4372-a567-0e02b2c3d479","sips JPEG q50","sips (macOS)",1050,750,1050,50,TRUE,178,120,TRUE,"exact","f47ac10b-58cc-4372-a567-0e02b2c3d479",0.36
"theme_void.tiles","theme_void","tiles","K7Q2M9XD","sips JPEG q50","sips (macOS)",1050,750,1050,50,TRUE,178,127,FALSE,"exact","K7Q2M9XD",0.97
"tall_3x8.dots","tall_3x8","dots","K7Q2M9XD","sips JPEG q50","sips (macOS)",450,1200,450,50,TRUE,38,187,FALSE,"exact","K7Q2M9XD",0.03
"tall_3x8.tiles","tall_3x8","tiles","RUN-42","sips JPEG q50","sips (macOS)",450,1200,450,50,TRUE,38,190,FALSE,"NULL",NA,4.52
"wide_12x3.dots","wide_12x3","dots","f47ac10b-58cc-4372-a567-0e02b2c3d479","sips JPEG q50","sips (macOS)",1800,450,1800,50,TRUE,291,58,TRUE,"exact","f47ac10b-58cc-4372-a567-0e02b2c3d479",0.45
"wide_12x3.tiles","wide_12x3","tiles","K7Q2M9XD","sips JPEG q50","sips (macOS)",1800,450,1800,50,TRUE,291,63,FALSE,"NULL",NA,1.29
"small_4x3_96dpi.dots","small_4x3_96dpi","dots","K7Q2M9XD","sips JPEG q50","sips (macOS)",384,288,384,50,TRUE,88,60,FALSE,"exact","K7Q2M9XD",0.02
"small_4x3_96dpi.tiles","small_4x3_96dpi","tiles","RUN-42","sips JPEG q50","sips (macOS)",384,288,384,50,TRUE,88,63,FALSE,"NULL",NA,0.36
"huge_14x10_300dpi.dots","huge_14x10_300dpi","dots","f47ac10b-58cc-4372-a567-0e02b2c3d479","sips JPEG q50","sips (macOS)",4200,3000,4200,50,TRUE,337,236,TRUE,"exact","f47ac10b-58cc-4372-a567-0e02b2c3d479",3.8
"long_title.dots","long_title","dots","ZZ0123456789ABCD","sips JPEG q50","sips (macOS)",1050,750,1050,50,TRUE,164,99,TRUE,"exact","ZZ0123456789ABCD",0.04
"long_title.tiles","long_title","tiles","ZZ0123456789","sips JPEG q50","sips (macOS)",1050,750,1050,50,TRUE,164,102,FALSE,"exact","ZZ0123456789",1.33
"coord_polar.dots","coord_polar","dots","K7Q2M9XD","sips JPEG q50","sips (macOS)",900,900,900,50,TRUE,108,108,TRUE,"exact","K7Q2M9XD",0.05
"coord_polar.tiles","coord_polar","tiles","RUN-42","sips JPEG q50","sips (macOS)",900,900,900,50,TRUE,108,108,FALSE,"NULL",NA,1.98
"text_heavy.dots","text_heavy","dots","Zürich-δ✓","sips JPEG q50","sips (macOS)",1050,750,1050,50,TRUE,164,94,TRUE,"exact","Zürich-δ✓",0.06
"text_heavy.tiles","text_heavy","tiles","café-δ","sips JPEG q50","sips (macOS)",1050,750,1050,50,TRUE,164,97,FALSE,"exact","café-δ",3.02
"baseline.dots","baseline","dots","K7Q2M9XD","sips JPEG q30","sips (macOS)",1050,750,1050,30,TRUE,164,111,FALSE,"exact","K7Q2M9XD",0.06
"baseline.tiles","baseline","tiles","K7Q2M9XD","sips JPEG q30","sips (macOS)",1050,750,1050,30,TRUE,164,114,FALSE,"exact","K7Q2M9XD",1.55
"facets_3x4.dots","facets_3x4","dots","K7Q2M9XD","sips JPEG q30","sips (macOS)",1350,900,1350,30,TRUE,176,124,FALSE,"exact","K7Q2M9XD",0.09
"facet_wrap_1x2.dots","facet_wrap_1x2","dots","RUN-42","sips JPEG q30","sips (macOS)",1350,750,1350,30,TRUE,215,105,FALSE,"exact","RUN-42",0.08
"facet_wrap_1x2.tiles","facet_wrap_1x2","tiles","K7Q2M9XD","sips JPEG q30","sips (macOS)",1350,750,1350,30,TRUE,215,108,FALSE,"exact","K7Q2M9XD",1.85
"legend_caption.dots","legend_caption","dots","ZZ0123456789ABCD","sips JPEG q30","sips (macOS)",1200,900,1200,30,TRUE,189,85,FALSE,"exact","ZZ0123456789ABCD",0.06
"legend_caption.tiles","legend_caption","tiles","K7Q2M9XD","sips JPEG q30","sips (macOS)",1200,900,1200,30,TRUE,189,88,FALSE,"exact","K7Q2M9XD",5.66
"rug_outside.dots","rug_outside","dots","Zürich-δ✓","sips JPEG q30","sips (macOS)",1050,750,1050,30,TRUE,164,111,FALSE,"exact","Zürich-δ✓",0.07
"rug_outside.tiles","rug_outside","tiles","café-δ","sips JPEG q30","sips (macOS)",1050,750,1050,30,TRUE,164,114,FALSE,"exact","café-δ",1.61
"heatmap_raster.dots","heatmap_raster","dots","f47ac10b-58cc-4372-a567-0e02b2c3d479","sips JPEG q30","sips (macOS)",1050,750,1050,30,TRUE,144,109,FALSE,"exact","f47ac10b-58cc-4372-a567-0e02b2c3d479",0.41
"heatmap_raster.tiles","heatmap_raster","tiles","K7Q2M9XD","sips JPEG q30","sips (macOS)",1050,750,1050,30,TRUE,144,114,FALSE,"NULL",NA,1.83
"dense_10k.dots","dense_10k","dots","K7Q2M9XD","sips JPEG q30","sips (macOS)",1400,1000,1400,30,TRUE,165,111,FALSE,"exact","K7Q2M9XD",0.05
"dense_10k.tiles","dense_10k","tiles","ZZ0123456789","sips JPEG q30","sips (macOS)",1400,1000,1400,30,TRUE,165,114,FALSE,"exact","ZZ0123456789",1.65
"dates_line.dots","dates_line","dots","f47ac10b-58cc-4372-a567-0e02b2c3d479","sips JPEG q30","sips (macOS)",1200,675,1200,30,TRUE,184,96,FALSE,"exact","f47ac10b-58cc-4372-a567-0e02b2c3d479",0.32
"dates_line.tiles","dates_line","tiles","RUN-42","sips JPEG q30","sips (macOS)",1200,675,1200,30,TRUE,184,101,FALSE,"NULL",NA,2.2
"theme_dark.dots","theme_dark","dots","RUN-42","sips JPEG q30","sips (macOS)",1050,750,1050,30,TRUE,164,111,FALSE,"exact","RUN-42",0.04
"theme_dark.tiles","theme_dark","tiles","RUN-42","sips JPEG q30","sips (macOS)",1050,750,1050,30,TRUE,164,114,FALSE,"exact","RUN-42",1.21
"black_bg.dots","black_bg","dots","K7Q2M9XD","sips JPEG q30","sips (macOS)",1050,750,1050,30,TRUE,164,111,FALSE,"exact","K7Q2M9XD",0.04
"black_bg.tiles","black_bg","tiles","K7Q2M9XD","sips JPEG q30","sips (macOS)",1050,750,1050,30,TRUE,164,114,FALSE,"exact","K7Q2M9XD",1.63
"theme_void.dots","theme_void","dots","f47ac10b-58cc-4372-a567-0e02b2c3d479","sips JPEG q30","sips (macOS)",1050,750,1050,30,TRUE,178,120,FALSE,"exact","f47ac10b-58cc-4372-a567-0e02b2c3d479",0.35
"theme_void.tiles","theme_void","tiles","K7Q2M9XD","sips JPEG q30","sips (macOS)",1050,750,1050,30,TRUE,178,127,FALSE,"exact","K7Q2M9XD",0.9
"tall_3x8.dots","tall_3x8","dots","K7Q2M9XD","sips JPEG q30","sips (macOS)",450,1200,450,30,TRUE,38,187,FALSE,"exact","K7Q2M9XD",0.03
"tall_3x8.tiles","tall_3x8","tiles","RUN-42","sips JPEG q30","sips (macOS)",450,1200,450,30,TRUE,38,190,FALSE,"NULL",NA,3.8
"wide_12x3.dots","wide_12x3","dots","f47ac10b-58cc-4372-a567-0e02b2c3d479","sips JPEG q30","sips (macOS)",1800,450,1800,30,TRUE,291,58,FALSE,"exact","f47ac10b-58cc-4372-a567-0e02b2c3d479",0.42
"wide_12x3.tiles","wide_12x3","tiles","K7Q2M9XD","sips JPEG q30","sips (macOS)",1800,450,1800,30,TRUE,291,63,FALSE,"NULL",NA,2
"small_4x3_96dpi.dots","small_4x3_96dpi","dots","K7Q2M9XD","sips JPEG q30","sips (macOS)",384,288,384,30,TRUE,88,60,FALSE,"exact","K7Q2M9XD",0.02
"small_4x3_96dpi.tiles","small_4x3_96dpi","tiles","RUN-42","sips JPEG q30","sips (macOS)",384,288,384,30,TRUE,88,63,FALSE,"NULL",NA,0.3
"huge_14x10_300dpi.dots","huge_14x10_300dpi","dots","f47ac10b-58cc-4372-a567-0e02b2c3d479","sips JPEG q30","sips (macOS)",4200,3000,4200,30,TRUE,337,236,FALSE,"exact","f47ac10b-58cc-4372-a567-0e02b2c3d479",2.82
"long_title.dots","long_title","dots","ZZ0123456789ABCD","sips JPEG q30","sips (macOS)",1050,750,1050,30,TRUE,164,99,FALSE,"exact","ZZ0123456789ABCD",0.06
"long_title.tiles","long_title","tiles","ZZ0123456789","sips JPEG q30","sips (macOS)",1050,750,1050,30,TRUE,164,102,FALSE,"exact","ZZ0123456789",1.73
"coord_polar.dots","coord_polar","dots","K7Q2M9XD","sips JPEG q30","sips (macOS)",900,900,900,30,TRUE,108,108,FALSE,"exact","K7Q2M9XD",0.06
"coord_polar.tiles","coord_polar","tiles","RUN-42","sips JPEG q30","sips (macOS)",900,900,900,30,TRUE,108,108,FALSE,"NULL",NA,1.88
"text_heavy.dots","text_heavy","dots","Zürich-δ✓","sips JPEG q30","sips (macOS)",1050,750,1050,30,TRUE,164,94,FALSE,"exact","Zürich-δ✓",0.05
"text_heavy.tiles","text_heavy","tiles","café-δ","sips JPEG q30","sips (macOS)",1050,750,1050,30,TRUE,164,97,FALSE,"exact","café-δ",2.21
"baseline.dots","baseline","dots","K7Q2M9XD","sips HEIC (iPhone/Photos)","sips (macOS)",1050,750,1050,80,TRUE,164,111,TRUE,"exact","K7Q2M9XD",0.03
"baseline.tiles","baseline","tiles","K7Q2M9XD","sips HEIC (iPhone/Photos)","sips (macOS)",1050,750,1050,80,TRUE,164,114,TRUE,"exact","K7Q2M9XD",0.71
"baseline.both","baseline","both","K7Q2M9XD","sips HEIC (iPhone/Photos)","sips (macOS)",1050,750,1050,80,TRUE,164,111,TRUE,"exact","K7Q2M9XD",0.04
"baseline.none","baseline","none",NA,"sips HEIC (iPhone/Photos)","sips (macOS)",1050,750,1050,80,TRUE,164,114,FALSE,"NULL",NA,1.32
"facets_3x4.dots","facets_3x4","dots","K7Q2M9XD","sips HEIC (iPhone/Photos)","sips (macOS)",1350,900,1350,80,TRUE,176,124,TRUE,"exact","K7Q2M9XD",0.06
"facets_3x4.tiles","facets_3x4","tiles","RUN-42","sips HEIC (iPhone/Photos)","sips (macOS)",1350,900,1350,80,TRUE,176,127,TRUE,"NULL",NA,35.94
"facets_3x4.both","facets_3x4","both","RUN-42","sips HEIC (iPhone/Photos)","sips (macOS)",1350,900,1350,80,TRUE,176,124,TRUE,"exact","RUN-42",0.06
"facets_3x4.none","facets_3x4","none",NA,"sips HEIC (iPhone/Photos)","sips (macOS)",1350,900,1350,80,TRUE,176,127,FALSE,"NULL",NA,46.88
"facet_wrap_1x2.dots","facet_wrap_1x2","dots","RUN-42","sips HEIC (iPhone/Photos)","sips (macOS)",1350,750,1350,80,TRUE,215,105,TRUE,"exact","RUN-42",0.04
"facet_wrap_1x2.tiles","facet_wrap_1x2","tiles","K7Q2M9XD","sips HEIC (iPhone/Photos)","sips (macOS)",1350,750,1350,80,TRUE,215,108,TRUE,"exact","K7Q2M9XD",0.91
"facet_wrap_1x2.both","facet_wrap_1x2","both","K7Q2M9XD","sips HEIC (iPhone/Photos)","sips (macOS)",1350,750,1350,80,TRUE,215,105,TRUE,"exact","K7Q2M9XD",0.04
"facet_wrap_1x2.none","facet_wrap_1x2","none",NA,"sips HEIC (iPhone/Photos)","sips (macOS)",1350,750,1350,80,TRUE,215,108,FALSE,"NULL",NA,1.84
"legend_caption.dots","legend_caption","dots","ZZ0123456789ABCD","sips HEIC (iPhone/Photos)","sips (macOS)",1200,900,1200,80,TRUE,189,85,TRUE,"exact","ZZ0123456789ABCD",0.04
"legend_caption.tiles","legend_caption","tiles","K7Q2M9XD","sips HEIC (iPhone/Photos)","sips (macOS)",1200,900,1200,80,TRUE,189,88,TRUE,"exact","K7Q2M9XD",4.18
"legend_caption.both","legend_caption","both","K7Q2M9XD","sips HEIC (iPhone/Photos)","sips (macOS)",1200,900,1200,80,TRUE,189,85,TRUE,"exact","K7Q2M9XD",0.05
"legend_caption.none","legend_caption","none",NA,"sips HEIC (iPhone/Photos)","sips (macOS)",1200,900,1200,80,TRUE,189,88,FALSE,"NULL",NA,4.58
"rug_outside.dots","rug_outside","dots","Zürich-δ✓","sips HEIC (iPhone/Photos)","sips (macOS)",1050,750,1050,80,TRUE,164,111,TRUE,"exact","Zürich-δ✓",0.04
"rug_outside.tiles","rug_outside","tiles","café-δ","sips HEIC (iPhone/Photos)","sips (macOS)",1050,750,1050,80,TRUE,164,114,TRUE,"exact","café-δ",1.25
"rug_outside.both","rug_outside","both","café-δ","sips HEIC (iPhone/Photos)","sips (macOS)",1050,750,1050,80,TRUE,164,111,TRUE,"exact","café-δ",0.04
"rug_outside.none","rug_outside","none",NA,"sips HEIC (iPhone/Photos)","sips (macOS)",1050,750,1050,80,TRUE,164,114,FALSE,"NULL",NA,1.83
"heatmap_raster.dots","heatmap_raster","dots","f47ac10b-58cc-4372-a567-0e02b2c3d479","sips HEIC (iPhone/Photos)","sips (macOS)",1050,750,1050,80,TRUE,144,109,TRUE,"exact","f47ac10b-58cc-4372-a567-0e02b2c3d479",0.29
"heatmap_raster.tiles","heatmap_raster","tiles","K7Q2M9XD","sips HEIC (iPhone/Photos)","sips (macOS)",1050,750,1050,80,TRUE,144,114,FALSE,"NULL",NA,1.29
"heatmap_raster.both","heatmap_raster","both","K7Q2M9XD","sips HEIC (iPhone/Photos)","sips (macOS)",1050,750,1050,80,TRUE,144,111,TRUE,"exact","K7Q2M9XD",0.04
"heatmap_raster.none","heatmap_raster","none",NA,"sips HEIC (iPhone/Photos)","sips (macOS)",1050,750,1050,80,TRUE,144,114,FALSE,"NULL",NA,1.39
"dense_10k.dots","dense_10k","dots","K7Q2M9XD","sips HEIC (iPhone/Photos)","sips (macOS)",1400,1000,1400,80,TRUE,165,111,TRUE,"exact","K7Q2M9XD",0.06
"dense_10k.tiles","dense_10k","tiles","ZZ0123456789","sips HEIC (iPhone/Photos)","sips (macOS)",1400,1000,1400,80,TRUE,165,114,TRUE,"exact","ZZ0123456789",1.51
"dense_10k.both","dense_10k","both","ZZ0123456789","sips HEIC (iPhone/Photos)","sips (macOS)",1400,1000,1400,80,TRUE,165,111,TRUE,"exact","ZZ0123456789",0.07
"dense_10k.none","dense_10k","none",NA,"sips HEIC (iPhone/Photos)","sips (macOS)",1400,1000,1400,80,TRUE,165,114,FALSE,"NULL",NA,2.72
"dates_line.dots","dates_line","dots","f47ac10b-58cc-4372-a567-0e02b2c3d479","sips HEIC (iPhone/Photos)","sips (macOS)",1200,675,1200,80,TRUE,184,96,TRUE,"exact","f47ac10b-58cc-4372-a567-0e02b2c3d479",0.32
"dates_line.tiles","dates_line","tiles","RUN-42","sips HEIC (iPhone/Photos)","sips (macOS)",1200,675,1200,80,TRUE,184,101,TRUE,"NULL",NA,2.25
"dates_line.both","dates_line","both","RUN-42","sips HEIC (iPhone/Photos)","sips (macOS)",1200,675,1200,80,TRUE,184,98,TRUE,"exact","RUN-42",0.03
"dates_line.none","dates_line","none",NA,"sips HEIC (iPhone/Photos)","sips (macOS)",1200,675,1200,80,TRUE,184,101,FALSE,"NULL",NA,1.81
"theme_dark.dots","theme_dark","dots","RUN-42","sips HEIC (iPhone/Photos)","sips (macOS)",1050,750,1050,80,TRUE,164,111,TRUE,"exact","RUN-42",0.03
"theme_dark.tiles","theme_dark","tiles","RUN-42","sips HEIC (iPhone/Photos)","sips (macOS)",1050,750,1050,80,TRUE,164,114,TRUE,"exact","RUN-42",1.33
"theme_dark.both","theme_dark","both","RUN-42","sips HEIC (iPhone/Photos)","sips (macOS)",1050,750,1050,80,TRUE,164,111,TRUE,"exact","RUN-42",0.04
"theme_dark.none","theme_dark","none",NA,"sips HEIC (iPhone/Photos)","sips (macOS)",1050,750,1050,80,TRUE,164,114,FALSE,"NULL",NA,1.57
"black_bg.dots","black_bg","dots","K7Q2M9XD","sips HEIC (iPhone/Photos)","sips (macOS)",1050,750,1050,80,TRUE,164,111,TRUE,"exact","K7Q2M9XD",0.04
"black_bg.tiles","black_bg","tiles","K7Q2M9XD","sips HEIC (iPhone/Photos)","sips (macOS)",1050,750,1050,80,TRUE,164,114,TRUE,"exact","K7Q2M9XD",1.02
"black_bg.both","black_bg","both","K7Q2M9XD","sips HEIC (iPhone/Photos)","sips (macOS)",1050,750,1050,80,TRUE,164,111,TRUE,"exact","K7Q2M9XD",0.04
"black_bg.none","black_bg","none",NA,"sips HEIC (iPhone/Photos)","sips (macOS)",1050,750,1050,80,TRUE,164,114,FALSE,"NULL",NA,0.68
"theme_void.dots","theme_void","dots","f47ac10b-58cc-4372-a567-0e02b2c3d479","sips HEIC (iPhone/Photos)","sips (macOS)",1050,750,1050,80,TRUE,178,120,TRUE,"exact","f47ac10b-58cc-4372-a567-0e02b2c3d479",0.28
"theme_void.tiles","theme_void","tiles","K7Q2M9XD","sips HEIC (iPhone/Photos)","sips (macOS)",1050,750,1050,80,TRUE,178,127,TRUE,"exact","K7Q2M9XD",0.83
"theme_void.both","theme_void","both","K7Q2M9XD","sips HEIC (iPhone/Photos)","sips (macOS)",1050,750,1050,80,TRUE,178,122,TRUE,"exact","K7Q2M9XD",0.03
"theme_void.none","theme_void","none",NA,"sips HEIC (iPhone/Photos)","sips (macOS)",1050,750,1050,80,TRUE,178,127,FALSE,"NULL",NA,0.74
"tall_3x8.dots","tall_3x8","dots","K7Q2M9XD","sips HEIC (iPhone/Photos)","sips (macOS)",450,1200,450,80,TRUE,38,187,FALSE,"exact","K7Q2M9XD",0.03
"tall_3x8.tiles","tall_3x8","tiles","RUN-42","sips HEIC (iPhone/Photos)","sips (macOS)",450,1200,450,80,TRUE,38,190,FALSE,"NULL",NA,2.34
"tall_3x8.both","tall_3x8","both","RUN-42","sips HEIC (iPhone/Photos)","sips (macOS)",450,1200,450,80,TRUE,38,187,FALSE,"exact","RUN-42",0.02
"tall_3x8.none","tall_3x8","none",NA,"sips HEIC (iPhone/Photos)","sips (macOS)",450,1200,450,80,TRUE,38,190,FALSE,"NULL",NA,2.18
"wide_12x3.dots","wide_12x3","dots","f47ac10b-58cc-4372-a567-0e02b2c3d479","sips HEIC (iPhone/Photos)","sips (macOS)",1800,450,1800,80,TRUE,291,58,TRUE,"exact","f47ac10b-58cc-4372-a567-0e02b2c3d479",0.39
"wide_12x3.tiles","wide_12x3","tiles","K7Q2M9XD","sips HEIC (iPhone/Photos)","sips (macOS)",1800,450,1800,80,TRUE,291,63,FALSE,"NULL",NA,1.15
"wide_12x3.both","wide_12x3","both","K7Q2M9XD","sips HEIC (iPhone/Photos)","sips (macOS)",1800,450,1800,80,TRUE,291,60,TRUE,"exact","K7Q2M9XD",0.05
"wide_12x3.none","wide_12x3","none",NA,"sips HEIC (iPhone/Photos)","sips (macOS)",1800,450,1800,80,TRUE,291,63,FALSE,"NULL",NA,1.06
"small_4x3_96dpi.dots","small_4x3_96dpi","dots","K7Q2M9XD","sips HEIC (iPhone/Photos)","sips (macOS)",384,288,384,80,TRUE,88,60,FALSE,"exact","K7Q2M9XD",0.01
"small_4x3_96dpi.tiles","small_4x3_96dpi","tiles","RUN-42","sips HEIC (iPhone/Photos)","sips (macOS)",384,288,384,80,TRUE,88,63,FALSE,"NULL",NA,0.33
"small_4x3_96dpi.both","small_4x3_96dpi","both","RUN-42","sips HEIC (iPhone/Photos)","sips (macOS)",384,288,384,80,TRUE,88,60,FALSE,"exact","RUN-42",0.01
"small_4x3_96dpi.none","small_4x3_96dpi","none",NA,"sips HEIC (iPhone/Photos)","sips (macOS)",384,288,384,80,TRUE,88,63,FALSE,"NULL",NA,0.27
"huge_14x10_300dpi.dots","huge_14x10_300dpi","dots","f47ac10b-58cc-4372-a567-0e02b2c3d479","sips HEIC (iPhone/Photos)","sips (macOS)",4200,3000,4200,80,TRUE,337,236,TRUE,"exact","f47ac10b-58cc-4372-a567-0e02b2c3d479",4.29
"huge_14x10_300dpi.tiles","huge_14x10_300dpi","tiles","K7Q2M9XD","sips HEIC (iPhone/Photos)","sips (macOS)",4200,3000,4200,80,TRUE,337,241,TRUE,"exact","K7Q2M9XD",28.89
"huge_14x10_300dpi.both","huge_14x10_300dpi","both","K7Q2M9XD","sips HEIC (iPhone/Photos)","sips (macOS)",4200,3000,4200,80,TRUE,337,238,TRUE,"exact","K7Q2M9XD",2.04
"huge_14x10_300dpi.none","huge_14x10_300dpi","none",NA,"sips HEIC (iPhone/Photos)","sips (macOS)",4200,3000,4200,80,TRUE,337,241,FALSE,"NULL",NA,21.83
"long_title.dots","long_title","dots","ZZ0123456789ABCD","sips HEIC (iPhone/Photos)","sips (macOS)",1050,750,1050,80,TRUE,164,99,TRUE,"exact","ZZ0123456789ABCD",0.03
"long_title.tiles","long_title","tiles","ZZ0123456789","sips HEIC (iPhone/Photos)","sips (macOS)",1050,750,1050,80,TRUE,164,102,TRUE,"exact","ZZ0123456789",1.38
"long_title.both","long_title","both","ZZ0123456789","sips HEIC (iPhone/Photos)","sips (macOS)",1050,750,1050,80,TRUE,164,99,TRUE,"exact","ZZ0123456789",0.04
"long_title.none","long_title","none",NA,"sips HEIC (iPhone/Photos)","sips (macOS)",1050,750,1050,80,TRUE,164,102,FALSE,"NULL",NA,2.23
"coord_polar.dots","coord_polar","dots","K7Q2M9XD","sips HEIC (iPhone/Photos)","sips (macOS)",900,900,900,80,TRUE,108,108,TRUE,"exact","K7Q2M9XD",0.08
"coord_polar.tiles","coord_polar","tiles","RUN-42","sips HEIC (iPhone/Photos)","sips (macOS)",900,900,900,80,TRUE,108,108,FALSE,"NULL",NA,2.32
"coord_polar.both","coord_polar","both","RUN-42","sips HEIC (iPhone/Photos)","sips (macOS)",900,900,900,80,TRUE,108,108,TRUE,"exact","RUN-42",0.06
"coord_polar.none","coord_polar","none",NA,"sips HEIC (iPhone/Photos)","sips (macOS)",900,900,900,80,TRUE,108,108,FALSE,"NULL",NA,3.5
"text_heavy.dots","text_heavy","dots","Zürich-δ✓","sips HEIC (iPhone/Photos)","sips (macOS)",1050,750,1050,80,TRUE,164,94,TRUE,"exact","Zürich-δ✓",0.04
"text_heavy.tiles","text_heavy","tiles","café-δ","sips HEIC (iPhone/Photos)","sips (macOS)",1050,750,1050,80,TRUE,164,97,TRUE,"exact","café-δ",6.27
"text_heavy.both","text_heavy","both","café-δ","sips HEIC (iPhone/Photos)","sips (macOS)",1050,750,1050,80,TRUE,164,94,TRUE,"exact","café-δ",0.08
"text_heavy.none","text_heavy","none",NA,"sips HEIC (iPhone/Photos)","sips (macOS)",1050,750,1050,80,TRUE,164,97,FALSE,"NULL",NA,6.75
"baseline.dots","baseline","dots","K7Q2M9XD","sips resample to 1024 px","sips (macOS)",1024,731,1024,NA,TRUE,164,111,TRUE,"exact","K7Q2M9XD",0.06
"baseline.tiles","baseline","tiles","K7Q2M9XD","sips resample to 1024 px","sips (macOS)",1024,731,1024,NA,TRUE,164,114,TRUE,"exact","K7Q2M9XD",2.46
"facets_3x4.dots","facets_3x4","dots","K7Q2M9XD","sips resample to 1024 px","sips (macOS)",1024,682,1024,NA,TRUE,176,124,TRUE,"exact","K7Q2M9XD",0.08
"facet_wrap_1x2.dots","facet_wrap_1x2","dots","RUN-42","sips resample to 1024 px","sips (macOS)",1024,569,1024,NA,TRUE,215,105,TRUE,"exact","RUN-42",0.05
"facet_wrap_1x2.tiles","facet_wrap_1x2","tiles","K7Q2M9XD","sips resample to 1024 px","sips (macOS)",1024,569,1024,NA,TRUE,215,108,FALSE,"exact","K7Q2M9XD",3.16
"legend_caption.dots","legend_caption","dots","ZZ0123456789ABCD","sips resample to 1024 px","sips (macOS)",1024,768,1024,NA,TRUE,189,85,TRUE,"exact","ZZ0123456789ABCD",0.05
"legend_caption.tiles","legend_caption","tiles","K7Q2M9XD","sips resample to 1024 px","sips (macOS)",1024,768,1024,NA,TRUE,189,88,TRUE,"exact","K7Q2M9XD",10.08
"rug_outside.dots","rug_outside","dots","Zürich-δ✓","sips resample to 1024 px","sips (macOS)",1024,731,1024,NA,TRUE,164,111,TRUE,"exact","Zürich-δ✓",0.07
"rug_outside.tiles","rug_outside","tiles","café-δ","sips resample to 1024 px","sips (macOS)",1024,731,1024,NA,TRUE,164,114,TRUE,"exact","café-δ",3.75
"heatmap_raster.dots","heatmap_raster","dots","f47ac10b-58cc-4372-a567-0e02b2c3d479","sips resample to 1024 px","sips (macOS)",1024,731,1024,NA,TRUE,144,109,TRUE,"exact","f47ac10b-58cc-4372-a567-0e02b2c3d479",0.44
"heatmap_raster.tiles","heatmap_raster","tiles","K7Q2M9XD","sips resample to 1024 px","sips (macOS)",1024,731,1024,NA,TRUE,144,114,FALSE,"NULL",NA,3.18
"dense_10k.dots","dense_10k","dots","K7Q2M9XD","sips resample to 1024 px","sips (macOS)",1024,731,1024,NA,TRUE,165,111,TRUE,"exact","K7Q2M9XD",0.06
"dense_10k.tiles","dense_10k","tiles","ZZ0123456789","sips resample to 1024 px","sips (macOS)",1024,731,1024,NA,TRUE,165,114,TRUE,"exact","ZZ0123456789",3.32
"dates_line.dots","dates_line","dots","f47ac10b-58cc-4372-a567-0e02b2c3d479","sips resample to 1024 px","sips (macOS)",1024,576,1024,NA,TRUE,184,96,TRUE,"exact","f47ac10b-58cc-4372-a567-0e02b2c3d479",0.63
"dates_line.tiles","dates_line","tiles","RUN-42","sips resample to 1024 px","sips (macOS)",1024,576,1024,NA,TRUE,184,101,TRUE,"exact","RUN-42",1.56
"theme_dark.dots","theme_dark","dots","RUN-42","sips resample to 1024 px","sips (macOS)",1024,731,1024,NA,TRUE,164,111,TRUE,"exact","RUN-42",0.05
"theme_dark.tiles","theme_dark","tiles","RUN-42","sips resample to 1024 px","sips (macOS)",1024,731,1024,NA,TRUE,164,114,TRUE,"exact","RUN-42",2.29
"black_bg.dots","black_bg","dots","K7Q2M9XD","sips resample to 1024 px","sips (macOS)",1024,731,1024,NA,TRUE,164,111,TRUE,"exact","K7Q2M9XD",0.1
"black_bg.tiles","black_bg","tiles","K7Q2M9XD","sips resample to 1024 px","sips (macOS)",1024,731,1024,NA,TRUE,164,114,TRUE,"exact","K7Q2M9XD",2.77
"theme_void.dots","theme_void","dots","f47ac10b-58cc-4372-a567-0e02b2c3d479","sips resample to 1024 px","sips (macOS)",1024,731,1024,NA,TRUE,178,120,TRUE,"exact","f47ac10b-58cc-4372-a567-0e02b2c3d479",1.15
"theme_void.tiles","theme_void","tiles","K7Q2M9XD","sips resample to 1024 px","sips (macOS)",1024,731,1024,NA,TRUE,178,127,TRUE,"exact","K7Q2M9XD",2.45
"tall_3x8.dots","tall_3x8","dots","K7Q2M9XD","sips resample to 1024 px","sips (macOS)",1024,2730,1024,NA,TRUE,38,187,TRUE,"exact","K7Q2M9XD",0.22
"tall_3x8.tiles","tall_3x8","tiles","RUN-42","sips resample to 1024 px","sips (macOS)",1024,2730,1024,NA,TRUE,38,190,FALSE,"NULL",NA,7.54
"wide_12x3.dots","wide_12x3","dots","f47ac10b-58cc-4372-a567-0e02b2c3d479","sips resample to 1024 px","sips (macOS)",1024,256,1024,NA,TRUE,291,58,TRUE,"exact","f47ac10b-58cc-4372-a567-0e02b2c3d479",0.29
"wide_12x3.tiles","wide_12x3","tiles","K7Q2M9XD","sips resample to 1024 px","sips (macOS)",1024,256,1024,NA,TRUE,291,63,FALSE,"NULL",NA,1.77
"small_4x3_96dpi.dots","small_4x3_96dpi","dots","K7Q2M9XD","sips resample to 1024 px","sips (macOS)",1024,768,1024,NA,TRUE,88,60,TRUE,"exact","K7Q2M9XD",0.04
"small_4x3_96dpi.tiles","small_4x3_96dpi","tiles","RUN-42","sips resample to 1024 px","sips (macOS)",1024,768,1024,NA,TRUE,88,63,TRUE,"exact","RUN-42",1.89
"huge_14x10_300dpi.dots","huge_14x10_300dpi","dots","f47ac10b-58cc-4372-a567-0e02b2c3d479","sips resample to 1024 px","sips (macOS)",1024,731,1024,NA,TRUE,337,236,TRUE,"exact","f47ac10b-58cc-4372-a567-0e02b2c3d479",0.39
"long_title.dots","long_title","dots","ZZ0123456789ABCD","sips resample to 1024 px","sips (macOS)",1024,731,1024,NA,TRUE,164,99,TRUE,"exact","ZZ0123456789ABCD",0.05
"long_title.tiles","long_title","tiles","ZZ0123456789","sips resample to 1024 px","sips (macOS)",1024,731,1024,NA,TRUE,164,102,TRUE,"exact","ZZ0123456789",1.13
"coord_polar.dots","coord_polar","dots","K7Q2M9XD","sips resample to 1024 px","sips (macOS)",1024,1024,1024,NA,TRUE,108,108,TRUE,"exact","K7Q2M9XD",0.06
"coord_polar.tiles","coord_polar","tiles","RUN-42","sips resample to 1024 px","sips (macOS)",1024,1024,1024,NA,TRUE,108,108,FALSE,"NULL",NA,2.39
"text_heavy.dots","text_heavy","dots","Zürich-δ✓","sips resample to 1024 px","sips (macOS)",1024,731,1024,NA,TRUE,164,94,TRUE,"exact","Zürich-δ✓",0.04
"text_heavy.tiles","text_heavy","tiles","café-δ","sips resample to 1024 px","sips (macOS)",1024,731,1024,NA,TRUE,164,97,TRUE,"exact","café-δ",1.69
"baseline.dots","baseline","dots","K7Q2M9XD","sips resample to 640 px","sips (macOS)",640,457,640,NA,TRUE,164,111,TRUE,"exact","K7Q2M9XD",0.01
"baseline.tiles","baseline","tiles","K7Q2M9XD","sips resample to 640 px","sips (macOS)",640,457,640,NA,TRUE,164,114,FALSE,"exact","K7Q2M9XD",0.57
"baseline.both","baseline","both","K7Q2M9XD","sips resample to 640 px","sips (macOS)",640,457,640,NA,TRUE,164,111,TRUE,"exact","K7Q2M9XD",0.02
"baseline.none","baseline","none",NA,"sips resample to 640 px","sips (macOS)",640,457,640,NA,TRUE,164,114,FALSE,"NULL",NA,0.71
"facets_3x4.dots","facets_3x4","dots","K7Q2M9XD","sips resample to 640 px","sips (macOS)",640,426,640,NA,TRUE,176,124,TRUE,"exact","K7Q2M9XD",0.02
"facets_3x4.tiles","facets_3x4","tiles","RUN-42","sips resample to 640 px","sips (macOS)",640,426,640,NA,TRUE,176,127,FALSE,"NULL",NA,8.27
"facets_3x4.both","facets_3x4","both","RUN-42","sips resample to 640 px","sips (macOS)",640,426,640,NA,TRUE,176,124,TRUE,"exact","RUN-42",0.03
"facets_3x4.none","facets_3x4","none",NA,"sips resample to 640 px","sips (macOS)",640,426,640,NA,TRUE,176,127,FALSE,"NULL",NA,11.71
"facet_wrap_1x2.dots","facet_wrap_1x2","dots","RUN-42","sips resample to 640 px","sips (macOS)",640,355,640,NA,TRUE,215,105,TRUE,"exact","RUN-42",0.02
"facet_wrap_1x2.tiles","facet_wrap_1x2","tiles","K7Q2M9XD","sips resample to 640 px","sips (macOS)",640,355,640,NA,TRUE,215,108,FALSE,"exact","K7Q2M9XD",0.8
"facet_wrap_1x2.both","facet_wrap_1x2","both","K7Q2M9XD","sips resample to 640 px","sips (macOS)",640,355,640,NA,TRUE,215,105,TRUE,"exact","K7Q2M9XD",0.01
"facet_wrap_1x2.none","facet_wrap_1x2","none",NA,"sips resample to 640 px","sips (macOS)",640,355,640,NA,TRUE,215,108,FALSE,"NULL",NA,1.18
"legend_caption.dots","legend_caption","dots","ZZ0123456789ABCD","sips resample to 640 px","sips (macOS)",640,480,640,NA,TRUE,189,85,TRUE,"exact","ZZ0123456789ABCD",0.02
"legend_caption.tiles","legend_caption","tiles","K7Q2M9XD","sips resample to 640 px","sips (macOS)",640,480,640,NA,TRUE,189,88,FALSE,"exact","K7Q2M9XD",1.5
"legend_caption.both","legend_caption","both","K7Q2M9XD","sips resample to 640 px","sips (macOS)",640,480,640,NA,TRUE,189,85,TRUE,"exact","K7Q2M9XD",0.01
"legend_caption.none","legend_caption","none",NA,"sips resample to 640 px","sips (macOS)",640,480,640,NA,TRUE,189,88,FALSE,"NULL",NA,1.67
"rug_outside.dots","rug_outside","dots","Zürich-δ✓","sips resample to 640 px","sips (macOS)",640,457,640,NA,TRUE,164,111,TRUE,"exact","Zürich-δ✓",0.01
"rug_outside.tiles","rug_outside","tiles","café-δ","sips resample to 640 px","sips (macOS)",640,457,640,NA,TRUE,164,114,FALSE,"exact","café-δ",1.39
"rug_outside.both","rug_outside","both","café-δ","sips resample to 640 px","sips (macOS)",640,457,640,NA,TRUE,164,111,TRUE,"exact","café-δ",0.03
"rug_outside.none","rug_outside","none",NA,"sips resample to 640 px","sips (macOS)",640,457,640,NA,TRUE,164,114,FALSE,"NULL",NA,2.15
"heatmap_raster.dots","heatmap_raster","dots","f47ac10b-58cc-4372-a567-0e02b2c3d479","sips resample to 640 px","sips (macOS)",640,457,640,NA,TRUE,144,109,TRUE,"exact","f47ac10b-58cc-4372-a567-0e02b2c3d479",0.24
"heatmap_raster.tiles","heatmap_raster","tiles","K7Q2M9XD","sips resample to 640 px","sips (macOS)",640,457,640,NA,TRUE,144,114,FALSE,"NULL",NA,1.31
"heatmap_raster.both","heatmap_raster","both","K7Q2M9XD","sips resample to 640 px","sips (macOS)",640,457,640,NA,TRUE,144,111,TRUE,"exact","K7Q2M9XD",0.02
"heatmap_raster.none","heatmap_raster","none",NA,"sips resample to 640 px","sips (macOS)",640,457,640,NA,TRUE,144,114,FALSE,"NULL",NA,1.2
"dense_10k.dots","dense_10k","dots","K7Q2M9XD","sips resample to 640 px","sips (macOS)",640,457,640,NA,TRUE,165,111,TRUE,"exact","K7Q2M9XD",0.02
"dense_10k.tiles","dense_10k","tiles","ZZ0123456789","sips resample to 640 px","sips (macOS)",640,457,640,NA,TRUE,165,114,FALSE,"exact","ZZ0123456789",1.55
"dense_10k.both","dense_10k","both","ZZ0123456789","sips resample to 640 px","sips (macOS)",640,457,640,NA,TRUE,165,111,TRUE,"exact","ZZ0123456789",0.03
"dense_10k.none","dense_10k","none",NA,"sips resample to 640 px","sips (macOS)",640,457,640,NA,TRUE,165,114,FALSE,"NULL",NA,1.83
"dates_line.dots","dates_line","dots","f47ac10b-58cc-4372-a567-0e02b2c3d479","sips resample to 640 px","sips (macOS)",640,360,640,NA,TRUE,184,96,TRUE,"exact","f47ac10b-58cc-4372-a567-0e02b2c3d479",0.22
"dates_line.tiles","dates_line","tiles","RUN-42","sips resample to 640 px","sips (macOS)",640,360,640,NA,TRUE,184,101,FALSE,"exact","RUN-42",0.83
"dates_line.both","dates_line","both","RUN-42","sips resample to 640 px","sips (macOS)",640,360,640,NA,TRUE,184,98,TRUE,"exact","RUN-42",0.02
"dates_line.none","dates_line","none",NA,"sips resample to 640 px","sips (macOS)",640,360,640,NA,TRUE,184,101,FALSE,"NULL",NA,1.01
"theme_dark.dots","theme_dark","dots","RUN-42","sips resample to 640 px","sips (macOS)",640,457,640,NA,TRUE,164,111,TRUE,"exact","RUN-42",0.01
"theme_dark.tiles","theme_dark","tiles","RUN-42","sips resample to 640 px","sips (macOS)",640,457,640,NA,TRUE,164,114,FALSE,"exact","RUN-42",1.31
"theme_dark.both","theme_dark","both","RUN-42","sips resample to 640 px","sips (macOS)",640,457,640,NA,TRUE,164,111,TRUE,"exact","RUN-42",0.03
"theme_dark.none","theme_dark","none",NA,"sips resample to 640 px","sips (macOS)",640,457,640,NA,TRUE,164,114,FALSE,"NULL",NA,0.69
"black_bg.dots","black_bg","dots","K7Q2M9XD","sips resample to 640 px","sips (macOS)",640,457,640,NA,TRUE,164,111,TRUE,"exact","K7Q2M9XD",0.03
"black_bg.tiles","black_bg","tiles","K7Q2M9XD","sips resample to 640 px","sips (macOS)",640,457,640,NA,TRUE,164,114,FALSE,"exact","K7Q2M9XD",0.79
"black_bg.both","black_bg","both","K7Q2M9XD","sips resample to 640 px","sips (macOS)",640,457,640,NA,TRUE,164,111,TRUE,"exact","K7Q2M9XD",0.02
"black_bg.none","black_bg","none",NA,"sips resample to 640 px","sips (macOS)",640,457,640,NA,TRUE,164,114,FALSE,"NULL",NA,0.64
"theme_void.dots","theme_void","dots","f47ac10b-58cc-4372-a567-0e02b2c3d479","sips resample to 640 px","sips (macOS)",640,457,640,NA,TRUE,178,120,TRUE,"exact","f47ac10b-58cc-4372-a567-0e02b2c3d479",0.2
"theme_void.tiles","theme_void","tiles","K7Q2M9XD","sips resample to 640 px","sips (macOS)",640,457,640,NA,TRUE,178,127,FALSE,"exact","K7Q2M9XD",0.54
"theme_void.both","theme_void","both","K7Q2M9XD","sips resample to 640 px","sips (macOS)",640,457,640,NA,TRUE,178,122,TRUE,"exact","K7Q2M9XD",0.02
"theme_void.none","theme_void","none",NA,"sips resample to 640 px","sips (macOS)",640,457,640,NA,TRUE,178,127,FALSE,"NULL",NA,0.48
"tall_3x8.dots","tall_3x8","dots","K7Q2M9XD","sips resample to 640 px","sips (macOS)",640,1706,640,NA,TRUE,38,187,TRUE,"exact","K7Q2M9XD",0.05
"tall_3x8.tiles","tall_3x8","tiles","RUN-42","sips resample to 640 px","sips (macOS)",640,1706,640,NA,TRUE,38,190,FALSE,"NULL",NA,4.31
"tall_3x8.both","tall_3x8","both","RUN-42","sips resample to 640 px","sips (macOS)",640,1706,640,NA,TRUE,38,187,TRUE,"exact","RUN-42",0.05
"tall_3x8.none","tall_3x8","none",NA,"sips resample to 640 px","sips (macOS)",640,1706,640,NA,TRUE,38,190,FALSE,"NULL",NA,3.91
"wide_12x3.dots","wide_12x3","dots","f47ac10b-58cc-4372-a567-0e02b2c3d479","sips resample to 640 px","sips (macOS)",640,160,640,NA,TRUE,291,58,TRUE,"exact","f47ac10b-58cc-4372-a567-0e02b2c3d479",0.13
"wide_12x3.tiles","wide_12x3","tiles","K7Q2M9XD","sips resample to 640 px","sips (macOS)",640,160,640,NA,TRUE,291,63,FALSE,"NULL",NA,0.41
"wide_12x3.both","wide_12x3","both","K7Q2M9XD","sips resample to 640 px","sips (macOS)",640,160,640,NA,TRUE,291,60,TRUE,"exact","K7Q2M9XD",0.01
"wide_12x3.none","wide_12x3","none",NA,"sips resample to 640 px","sips (macOS)",640,160,640,NA,TRUE,291,63,FALSE,"NULL",NA,0.26
"small_4x3_96dpi.dots","small_4x3_96dpi","dots","K7Q2M9XD","sips resample to 640 px","sips (macOS)",640,480,640,NA,TRUE,88,60,TRUE,"exact","K7Q2M9XD",0.03
"small_4x3_96dpi.tiles","small_4x3_96dpi","tiles","RUN-42","sips resample to 640 px","sips (macOS)",640,480,640,NA,TRUE,88,63,FALSE,"exact","RUN-42",0.44
"small_4x3_96dpi.both","small_4x3_96dpi","both","RUN-42","sips resample to 640 px","sips (macOS)",640,480,640,NA,TRUE,88,60,TRUE,"exact","RUN-42",0.02
"small_4x3_96dpi.none","small_4x3_96dpi","none",NA,"sips resample to 640 px","sips (macOS)",640,480,640,NA,TRUE,88,63,FALSE,"NULL",NA,0.55
"huge_14x10_300dpi.dots","huge_14x10_300dpi","dots","f47ac10b-58cc-4372-a567-0e02b2c3d479","sips resample to 640 px","sips (macOS)",640,457,640,NA,TRUE,337,236,TRUE,"exact","f47ac10b-58cc-4372-a567-0e02b2c3d479",0.16
"huge_14x10_300dpi.tiles","huge_14x10_300dpi","tiles","K7Q2M9XD","sips resample to 640 px","sips (macOS)",640,457,640,NA,TRUE,337,241,FALSE,"exact","K7Q2M9XD",0.6
"huge_14x10_300dpi.both","huge_14x10_300dpi","both","K7Q2M9XD","sips resample to 640 px","sips (macOS)",640,457,640,NA,TRUE,337,238,TRUE,"exact","K7Q2M9XD",0.02
"huge_14x10_300dpi.none","huge_14x10_300dpi","none",NA,"sips resample to 640 px","sips (macOS)",640,457,640,NA,TRUE,337,241,FALSE,"NULL",NA,0.88
"long_title.dots","long_title","dots","ZZ0123456789ABCD","sips resample to 640 px","sips (macOS)",640,457,640,NA,TRUE,164,99,TRUE,"exact","ZZ0123456789ABCD",0.02
"long_title.tiles","long_title","tiles","ZZ0123456789","sips resample to 640 px","sips (macOS)",640,457,640,NA,TRUE,164,102,FALSE,"exact","ZZ0123456789",0.65
"long_title.both","long_title","both","ZZ0123456789","sips resample to 640 px","sips (macOS)",640,457,640,NA,TRUE,164,99,TRUE,"exact","ZZ0123456789",0.01
"long_title.none","long_title","none",NA,"sips resample to 640 px","sips (macOS)",640,457,640,NA,TRUE,164,102,FALSE,"NULL",NA,0.61
"coord_polar.dots","coord_polar","dots","K7Q2M9XD","sips resample to 640 px","sips (macOS)",640,640,640,NA,TRUE,108,108,TRUE,"exact","K7Q2M9XD",0.03
"coord_polar.tiles","coord_polar","tiles","RUN-42","sips resample to 640 px","sips (macOS)",640,640,640,NA,TRUE,108,108,FALSE,"NULL",NA,1.23
"coord_polar.both","coord_polar","both","RUN-42","sips resample to 640 px","sips (macOS)",640,640,640,NA,TRUE,108,108,TRUE,"exact","RUN-42",0.03
"coord_polar.none","coord_polar","none",NA,"sips resample to 640 px","sips (macOS)",640,640,640,NA,TRUE,108,108,FALSE,"NULL",NA,1.23
"text_heavy.dots","text_heavy","dots","Zürich-δ✓","sips resample to 640 px","sips (macOS)",640,457,640,NA,TRUE,164,94,TRUE,"exact","Zürich-δ✓",0.02
"text_heavy.tiles","text_heavy","tiles","café-δ","sips resample to 640 px","sips (macOS)",640,457,640,NA,TRUE,164,97,FALSE,"exact","café-δ",1.15
"text_heavy.both","text_heavy","both","café-δ","sips resample to 640 px","sips (macOS)",640,457,640,NA,TRUE,164,94,TRUE,"exact","café-δ",0.02
"text_heavy.none","text_heavy","none",NA,"sips resample to 640 px","sips (macOS)",640,457,640,NA,TRUE,164,97,FALSE,"NULL",NA,1.52
"baseline.dots","baseline","dots","K7Q2M9XD","sips resample to 480 px","sips (macOS)",480,343,480,NA,TRUE,164,111,TRUE,"exact","K7Q2M9XD",0.02
"baseline.tiles","baseline","tiles","K7Q2M9XD","sips resample to 480 px","sips (macOS)",480,343,480,NA,TRUE,164,114,FALSE,"exact","K7Q2M9XD",0.58
"facets_3x4.dots","facets_3x4","dots","K7Q2M9XD","sips resample to 480 px","sips (macOS)",480,320,480,NA,TRUE,176,124,TRUE,"exact","K7Q2M9XD",0.02
"facet_wrap_1x2.dots","facet_wrap_1x2","dots","RUN-42","sips resample to 480 px","sips (macOS)",480,266,480,NA,TRUE,215,105,TRUE,"exact","RUN-42",0.02
"facet_wrap_1x2.tiles","facet_wrap_1x2","tiles","K7Q2M9XD","sips resample to 480 px","sips (macOS)",480,266,480,NA,TRUE,215,108,FALSE,"exact","K7Q2M9XD",1.1
"legend_caption.dots","legend_caption","dots","ZZ0123456789ABCD","sips resample to 480 px","sips (macOS)",480,360,480,NA,TRUE,189,85,TRUE,"exact","ZZ0123456789ABCD",0.01
"legend_caption.tiles","legend_caption","tiles","K7Q2M9XD","sips resample to 480 px","sips (macOS)",480,360,480,NA,TRUE,189,88,FALSE,"exact","K7Q2M9XD",1.06
"rug_outside.dots","rug_outside","dots","Zürich-δ✓","sips resample to 480 px","sips (macOS)",480,343,480,NA,TRUE,164,111,TRUE,"exact","Zürich-δ✓",0.01
"rug_outside.tiles","rug_outside","tiles","café-δ","sips resample to 480 px","sips (macOS)",480,343,480,NA,TRUE,164,114,FALSE,"exact","café-δ",0.54
"heatmap_raster.dots","heatmap_raster","dots","f47ac10b-58cc-4372-a567-0e02b2c3d479","sips resample to 480 px","sips (macOS)",480,343,480,NA,TRUE,144,109,TRUE,"exact","f47ac10b-58cc-4372-a567-0e02b2c3d479",0.2
"heatmap_raster.tiles","heatmap_raster","tiles","K7Q2M9XD","sips resample to 480 px","sips (macOS)",480,343,480,NA,TRUE,144,114,FALSE,"NULL",NA,0.43
"dense_10k.dots","dense_10k","dots","K7Q2M9XD","sips resample to 480 px","sips (macOS)",480,343,480,NA,TRUE,165,111,TRUE,"exact","K7Q2M9XD",0.01
"dense_10k.tiles","dense_10k","tiles","ZZ0123456789","sips resample to 480 px","sips (macOS)",480,343,480,NA,TRUE,165,114,FALSE,"exact","ZZ0123456789",0.89
"dates_line.dots","dates_line","dots","f47ac10b-58cc-4372-a567-0e02b2c3d479","sips resample to 480 px","sips (macOS)",480,270,480,NA,TRUE,184,96,TRUE,"exact","f47ac10b-58cc-4372-a567-0e02b2c3d479",0.19
"dates_line.tiles","dates_line","tiles","RUN-42","sips resample to 480 px","sips (macOS)",480,270,480,NA,TRUE,184,101,FALSE,"exact","RUN-42",0.39
"theme_dark.dots","theme_dark","dots","RUN-42","sips resample to 480 px","sips (macOS)",480,343,480,NA,TRUE,164,111,TRUE,"exact","RUN-42",0.01
"theme_dark.tiles","theme_dark","tiles","RUN-42","sips resample to 480 px","sips (macOS)",480,343,480,NA,TRUE,164,114,FALSE,"exact","RUN-42",0.39
"black_bg.dots","black_bg","dots","K7Q2M9XD","sips resample to 480 px","sips (macOS)",480,343,480,NA,TRUE,164,111,TRUE,"exact","K7Q2M9XD",0.01
"black_bg.tiles","black_bg","tiles","K7Q2M9XD","sips resample to 480 px","sips (macOS)",480,343,480,NA,TRUE,164,114,FALSE,"exact","K7Q2M9XD",0.45
"theme_void.dots","theme_void","dots","f47ac10b-58cc-4372-a567-0e02b2c3d479","sips resample to 480 px","sips (macOS)",480,343,480,NA,TRUE,178,120,TRUE,"exact","f47ac10b-58cc-4372-a567-0e02b2c3d479",0.19
"theme_void.tiles","theme_void","tiles","K7Q2M9XD","sips resample to 480 px","sips (macOS)",480,343,480,NA,TRUE,178,127,FALSE,"exact","K7Q2M9XD",0.38
"tall_3x8.dots","tall_3x8","dots","K7Q2M9XD","sips resample to 480 px","sips (macOS)",480,1280,480,NA,TRUE,38,187,TRUE,"exact","K7Q2M9XD",0.04
"tall_3x8.tiles","tall_3x8","tiles","RUN-42","sips resample to 480 px","sips (macOS)",480,1280,480,NA,TRUE,38,190,FALSE,"NULL",NA,3.01
"wide_12x3.dots","wide_12x3","dots","f47ac10b-58cc-4372-a567-0e02b2c3d479","sips resample to 480 px","sips (macOS)",480,120,480,NA,TRUE,291,58,TRUE,"exact","f47ac10b-58cc-4372-a567-0e02b2c3d479",0.07
"wide_12x3.tiles","wide_12x3","tiles","K7Q2M9XD","sips resample to 480 px","sips (macOS)",480,120,480,NA,TRUE,291,63,FALSE,"NULL",NA,0.21
"small_4x3_96dpi.dots","small_4x3_96dpi","dots","K7Q2M9XD","sips resample to 480 px","sips (macOS)",480,360,480,NA,TRUE,88,60,TRUE,"exact","K7Q2M9XD",0.01
"small_4x3_96dpi.tiles","small_4x3_96dpi","tiles","RUN-42","sips resample to 480 px","sips (macOS)",480,360,480,NA,TRUE,88,63,FALSE,"exact","RUN-42",0.35
"huge_14x10_300dpi.dots","huge_14x10_300dpi","dots","f47ac10b-58cc-4372-a567-0e02b2c3d479","sips resample to 480 px","sips (macOS)",480,343,480,NA,TRUE,337,236,TRUE,"exact","f47ac10b-58cc-4372-a567-0e02b2c3d479",0.03
"long_title.dots","long_title","dots","ZZ0123456789ABCD","sips resample to 480 px","sips (macOS)",480,343,480,NA,TRUE,164,99,TRUE,"exact","ZZ0123456789ABCD",0.02
"long_title.tiles","long_title","tiles","ZZ0123456789","sips resample to 480 px","sips (macOS)",480,343,480,NA,TRUE,164,102,FALSE,"exact","ZZ0123456789",0.7
"coord_polar.dots","coord_polar","dots","K7Q2M9XD","sips resample to 480 px","sips (macOS)",480,480,480,NA,TRUE,108,108,TRUE,"exact","K7Q2M9XD",0.02
"coord_polar.tiles","coord_polar","tiles","RUN-42","sips resample to 480 px","sips (macOS)",480,480,480,NA,TRUE,108,108,FALSE,"NULL",NA,0.67
"text_heavy.dots","text_heavy","dots","Zürich-δ✓","sips resample to 480 px","sips (macOS)",480,343,480,NA,TRUE,164,94,TRUE,"exact","Zürich-δ✓",0.01
"text_heavy.tiles","text_heavy","tiles","café-δ","sips resample to 480 px","sips (macOS)",480,343,480,NA,TRUE,164,97,FALSE,"exact","café-δ",0.59
"baseline.dots","baseline","dots","K7Q2M9XD","sips resample 640 + JPEG q60","sips (macOS)",640,457,640,60,TRUE,164,111,TRUE,"exact","K7Q2M9XD",0.02
"baseline.tiles","baseline","tiles","K7Q2M9XD","sips resample 640 + JPEG q60","sips (macOS)",640,457,640,60,TRUE,164,114,FALSE,"exact","K7Q2M9XD",0.52
"facets_3x4.dots","facets_3x4","dots","K7Q2M9XD","sips resample 640 + JPEG q60","sips (macOS)",640,426,640,60,TRUE,176,124,TRUE,"exact","K7Q2M9XD",0.02
"facet_wrap_1x2.dots","facet_wrap_1x2","dots","RUN-42","sips resample 640 + JPEG q60","sips (macOS)",640,355,640,60,TRUE,215,105,TRUE,"exact","RUN-42",0.02
"facet_wrap_1x2.tiles","facet_wrap_1x2","tiles","K7Q2M9XD","sips resample 640 + JPEG q60","sips (macOS)",640,355,640,60,TRUE,215,108,FALSE,"exact","K7Q2M9XD",0.71
"legend_caption.dots","legend_caption","dots","ZZ0123456789ABCD","sips resample 640 + JPEG q60","sips (macOS)",640,480,640,60,TRUE,189,85,TRUE,"exact","ZZ0123456789ABCD",0.03
"legend_caption.tiles","legend_caption","tiles","K7Q2M9XD","sips resample 640 + JPEG q60","sips (macOS)",640,480,640,60,TRUE,189,88,FALSE,"exact","K7Q2M9XD",1.67
"rug_outside.dots","rug_outside","dots","Zürich-δ✓","sips resample 640 + JPEG q60","sips (macOS)",640,457,640,60,TRUE,164,111,TRUE,"exact","Zürich-δ✓",0.02
"rug_outside.tiles","rug_outside","tiles","café-δ","sips resample 640 + JPEG q60","sips (macOS)",640,457,640,60,TRUE,164,114,FALSE,"exact","café-δ",1.32
"heatmap_raster.dots","heatmap_raster","dots","f47ac10b-58cc-4372-a567-0e02b2c3d479","sips resample 640 + JPEG q60","sips (macOS)",640,457,640,60,TRUE,144,109,TRUE,"exact","f47ac10b-58cc-4372-a567-0e02b2c3d479",0.2
"heatmap_raster.tiles","heatmap_raster","tiles","K7Q2M9XD","sips resample 640 + JPEG q60","sips (macOS)",640,457,640,60,TRUE,144,114,FALSE,"NULL",NA,0.59
"dense_10k.dots","dense_10k","dots","K7Q2M9XD","sips resample 640 + JPEG q60","sips (macOS)",640,457,640,60,TRUE,165,111,TRUE,"exact","K7Q2M9XD",0.02
"dense_10k.tiles","dense_10k","tiles","ZZ0123456789","sips resample 640 + JPEG q60","sips (macOS)",640,457,640,60,TRUE,165,114,FALSE,"exact","ZZ0123456789",0.9
"dates_line.dots","dates_line","dots","f47ac10b-58cc-4372-a567-0e02b2c3d479","sips resample 640 + JPEG q60","sips (macOS)",640,360,640,60,TRUE,184,96,TRUE,"exact","f47ac10b-58cc-4372-a567-0e02b2c3d479",0.71
"dates_line.tiles","dates_line","tiles","RUN-42","sips resample 640 + JPEG q60","sips (macOS)",640,360,640,60,TRUE,184,101,FALSE,"exact","RUN-42",0.66
"theme_dark.dots","theme_dark","dots","RUN-42","sips resample 640 + JPEG q60","sips (macOS)",640,457,640,60,TRUE,164,111,TRUE,"exact","RUN-42",0.02
"theme_dark.tiles","theme_dark","tiles","RUN-42","sips resample 640 + JPEG q60","sips (macOS)",640,457,640,60,TRUE,164,114,FALSE,"exact","RUN-42",0.63
"black_bg.dots","black_bg","dots","K7Q2M9XD","sips resample 640 + JPEG q60","sips (macOS)",640,457,640,60,TRUE,164,111,TRUE,"exact","K7Q2M9XD",0.02
"black_bg.tiles","black_bg","tiles","K7Q2M9XD","sips resample 640 + JPEG q60","sips (macOS)",640,457,640,60,TRUE,164,114,FALSE,"exact","K7Q2M9XD",0.66
"theme_void.dots","theme_void","dots","f47ac10b-58cc-4372-a567-0e02b2c3d479","sips resample 640 + JPEG q60","sips (macOS)",640,457,640,60,TRUE,178,120,TRUE,"exact","f47ac10b-58cc-4372-a567-0e02b2c3d479",0.2
"theme_void.tiles","theme_void","tiles","K7Q2M9XD","sips resample 640 + JPEG q60","sips (macOS)",640,457,640,60,TRUE,178,127,FALSE,"exact","K7Q2M9XD",0.58
"tall_3x8.dots","tall_3x8","dots","K7Q2M9XD","sips resample 640 + JPEG q60","sips (macOS)",640,1706,640,60,TRUE,38,187,TRUE,"exact","K7Q2M9XD",0.06
"tall_3x8.tiles","tall_3x8","tiles","RUN-42","sips resample 640 + JPEG q60","sips (macOS)",640,1706,640,60,TRUE,38,190,FALSE,"NULL",NA,5
"wide_12x3.dots","wide_12x3","dots","f47ac10b-58cc-4372-a567-0e02b2c3d479","sips resample 640 + JPEG q60","sips (macOS)",640,160,640,60,TRUE,291,58,TRUE,"exact","f47ac10b-58cc-4372-a567-0e02b2c3d479",0.2
"wide_12x3.tiles","wide_12x3","tiles","K7Q2M9XD","sips resample 640 + JPEG q60","sips (macOS)",640,160,640,60,TRUE,291,63,FALSE,"NULL",NA,0.35
"small_4x3_96dpi.dots","small_4x3_96dpi","dots","K7Q2M9XD","sips resample 640 + JPEG q60","sips (macOS)",640,480,640,60,TRUE,88,60,TRUE,"exact","K7Q2M9XD",0.02
"small_4x3_96dpi.tiles","small_4x3_96dpi","tiles","RUN-42","sips resample 640 + JPEG q60","sips (macOS)",640,480,640,60,TRUE,88,63,FALSE,"exact","RUN-42",0.45
"huge_14x10_300dpi.dots","huge_14x10_300dpi","dots","f47ac10b-58cc-4372-a567-0e02b2c3d479","sips resample 640 + JPEG q60","sips (macOS)",640,457,640,60,TRUE,337,236,TRUE,"exact","f47ac10b-58cc-4372-a567-0e02b2c3d479",0.17
"long_title.dots","long_title","dots","ZZ0123456789ABCD","sips resample 640 + JPEG q60","sips (macOS)",640,457,640,60,TRUE,164,99,TRUE,"exact","ZZ0123456789ABCD",0.02
"long_title.tiles","long_title","tiles","ZZ0123456789","sips resample 640 + JPEG q60","sips (macOS)",640,457,640,60,TRUE,164,102,FALSE,"exact","ZZ0123456789",0.81
"coord_polar.dots","coord_polar","dots","K7Q2M9XD","sips resample 640 + JPEG q60","sips (macOS)",640,640,640,60,TRUE,108,108,TRUE,"exact","K7Q2M9XD",0.03
"coord_polar.tiles","coord_polar","tiles","RUN-42","sips resample 640 + JPEG q60","sips (macOS)",640,640,640,60,TRUE,108,108,FALSE,"NULL",NA,0.82
"text_heavy.dots","text_heavy","dots","Zürich-δ✓","sips resample 640 + JPEG q60","sips (macOS)",640,457,640,60,TRUE,164,94,TRUE,"exact","Zürich-δ✓",0.03
"text_heavy.tiles","text_heavy","tiles","café-δ","sips resample 640 + JPEG q60","sips (macOS)",640,457,640,60,TRUE,164,97,FALSE,"exact","café-δ",0.93
"baseline.dots","baseline","dots","K7Q2M9XD","ffmpeg JPEG 4:2:0 -q:v 2 (~q95)","ffmpeg",1050,750,1050,95,TRUE,164,111,TRUE,"exact","K7Q2M9XD",0.04
"baseline.tiles","baseline","tiles","K7Q2M9XD","ffmpeg JPEG 4:2:0 -q:v 2 (~q95)","ffmpeg",1050,750,1050,95,TRUE,164,114,TRUE,"exact","K7Q2M9XD",0.86
"facets_3x4.dots","facets_3x4","dots","K7Q2M9XD","ffmpeg JPEG 4:2:0 -q:v 2 (~q95)","ffmpeg",1350,900,1350,95,TRUE,176,124,TRUE,"exact","K7Q2M9XD",0.05
"facet_wrap_1x2.dots","facet_wrap_1x2","dots","RUN-42","ffmpeg JPEG 4:2:0 -q:v 2 (~q95)","ffmpeg",1350,750,1350,95,TRUE,215,105,TRUE,"exact","RUN-42",0.05
"facet_wrap_1x2.tiles","facet_wrap_1x2","tiles","K7Q2M9XD","ffmpeg JPEG 4:2:0 -q:v 2 (~q95)","ffmpeg",1350,750,1350,95,TRUE,215,108,TRUE,"exact","K7Q2M9XD",1.15
"legend_caption.dots","legend_caption","dots","ZZ0123456789ABCD","ffmpeg JPEG 4:2:0 -q:v 2 (~q95)","ffmpeg",1200,900,1200,95,TRUE,189,85,TRUE,"exact","ZZ0123456789ABCD",0.05
"legend_caption.tiles","legend_caption","tiles","K7Q2M9XD","ffmpeg JPEG 4:2:0 -q:v 2 (~q95)","ffmpeg",1200,900,1200,95,TRUE,189,88,TRUE,"exact","K7Q2M9XD",7.16
"rug_outside.dots","rug_outside","dots","Zürich-δ✓","ffmpeg JPEG 4:2:0 -q:v 2 (~q95)","ffmpeg",1050,750,1050,95,TRUE,164,111,TRUE,"exact","Zürich-δ✓",0.03
"rug_outside.tiles","rug_outside","tiles","café-δ","ffmpeg JPEG 4:2:0 -q:v 2 (~q95)","ffmpeg",1050,750,1050,95,TRUE,164,114,TRUE,"exact","café-δ",3.15
"heatmap_raster.dots","heatmap_raster","dots","f47ac10b-58cc-4372-a567-0e02b2c3d479","ffmpeg JPEG 4:2:0 -q:v 2 (~q95)","ffmpeg",1050,750,1050,95,TRUE,144,109,TRUE,"exact","f47ac10b-58cc-4372-a567-0e02b2c3d479",0.34
"heatmap_raster.tiles","heatmap_raster","tiles","K7Q2M9XD","ffmpeg JPEG 4:2:0 -q:v 2 (~q95)","ffmpeg",1050,750,1050,95,TRUE,144,114,FALSE,"NULL",NA,1.92
"dense_10k.dots","dense_10k","dots","K7Q2M9XD","ffmpeg JPEG 4:2:0 -q:v 2 (~q95)","ffmpeg",1400,1000,1400,95,TRUE,165,111,TRUE,"exact","K7Q2M9XD",0.07
"dense_10k.tiles","dense_10k","tiles","ZZ0123456789","ffmpeg JPEG 4:2:0 -q:v 2 (~q95)","ffmpeg",1400,1000,1400,95,TRUE,165,114,TRUE,"exact","ZZ0123456789",2.69
"dates_line.dots","dates_line","dots","f47ac10b-58cc-4372-a567-0e02b2c3d479","ffmpeg JPEG 4:2:0 -q:v 2 (~q95)","ffmpeg",1200,675,1200,95,TRUE,184,96,TRUE,"exact","f47ac10b-58cc-4372-a567-0e02b2c3d479",0.37
"dates_line.tiles","dates_line","tiles","RUN-42","ffmpeg JPEG 4:2:0 -q:v 2 (~q95)","ffmpeg",1200,675,1200,95,TRUE,184,101,TRUE,"NULL",NA,3.42
"theme_dark.dots","theme_dark","dots","RUN-42","ffmpeg JPEG 4:2:0 -q:v 2 (~q95)","ffmpeg",1050,750,1050,95,TRUE,164,111,TRUE,"exact","RUN-42",0.04
"theme_dark.tiles","theme_dark","tiles","RUN-42","ffmpeg JPEG 4:2:0 -q:v 2 (~q95)","ffmpeg",1050,750,1050,95,TRUE,164,114,TRUE,"exact","RUN-42",2.53
"black_bg.dots","black_bg","dots","K7Q2M9XD","ffmpeg JPEG 4:2:0 -q:v 2 (~q95)","ffmpeg",1050,750,1050,95,TRUE,164,111,TRUE,"exact","K7Q2M9XD",0.06
"black_bg.tiles","black_bg","tiles","K7Q2M9XD","ffmpeg JPEG 4:2:0 -q:v 2 (~q95)","ffmpeg",1050,750,1050,95,TRUE,164,114,TRUE,"exact","K7Q2M9XD",2.19
"theme_void.dots","theme_void","dots","f47ac10b-58cc-4372-a567-0e02b2c3d479","ffmpeg JPEG 4:2:0 -q:v 2 (~q95)","ffmpeg",1050,750,1050,95,TRUE,178,120,TRUE,"exact","f47ac10b-58cc-4372-a567-0e02b2c3d479",0.88
"theme_void.tiles","theme_void","tiles","K7Q2M9XD","ffmpeg JPEG 4:2:0 -q:v 2 (~q95)","ffmpeg",1050,750,1050,95,TRUE,178,127,TRUE,"exact","K7Q2M9XD",1
"tall_3x8.dots","tall_3x8","dots","K7Q2M9XD","ffmpeg JPEG 4:2:0 -q:v 2 (~q95)","ffmpeg",450,1200,450,95,TRUE,38,187,FALSE,"exact","K7Q2M9XD",0.02
"tall_3x8.tiles","tall_3x8","tiles","RUN-42","ffmpeg JPEG 4:2:0 -q:v 2 (~q95)","ffmpeg",450,1200,450,95,TRUE,38,190,FALSE,"NULL",NA,3.78
"wide_12x3.dots","wide_12x3","dots","f47ac10b-58cc-4372-a567-0e02b2c3d479","ffmpeg JPEG 4:2:0 -q:v 2 (~q95)","ffmpeg",1800,450,1800,95,TRUE,291,58,TRUE,"exact","f47ac10b-58cc-4372-a567-0e02b2c3d479",0.5
"wide_12x3.tiles","wide_12x3","tiles","K7Q2M9XD","ffmpeg JPEG 4:2:0 -q:v 2 (~q95)","ffmpeg",1800,450,1800,95,TRUE,291,63,FALSE,"NULL",NA,1.55
"small_4x3_96dpi.dots","small_4x3_96dpi","dots","K7Q2M9XD","ffmpeg JPEG 4:2:0 -q:v 2 (~q95)","ffmpeg",384,288,384,95,TRUE,88,60,FALSE,"exact","K7Q2M9XD",0.02
"small_4x3_96dpi.tiles","small_4x3_96dpi","tiles","RUN-42","ffmpeg JPEG 4:2:0 -q:v 2 (~q95)","ffmpeg",384,288,384,95,TRUE,88,63,FALSE,"NULL",NA,0.38
"huge_14x10_300dpi.dots","huge_14x10_300dpi","dots","f47ac10b-58cc-4372-a567-0e02b2c3d479","ffmpeg JPEG 4:2:0 -q:v 2 (~q95)","ffmpeg",4200,3000,4200,95,TRUE,337,236,TRUE,"exact","f47ac10b-58cc-4372-a567-0e02b2c3d479",4.05
"long_title.dots","long_title","dots","ZZ0123456789ABCD","ffmpeg JPEG 4:2:0 -q:v 2 (~q95)","ffmpeg",1050,750,1050,95,TRUE,164,99,TRUE,"exact","ZZ0123456789ABCD",0.03
"long_title.tiles","long_title","tiles","ZZ0123456789","ffmpeg JPEG 4:2:0 -q:v 2 (~q95)","ffmpeg",1050,750,1050,95,TRUE,164,102,TRUE,"exact","ZZ0123456789",1.35
"coord_polar.dots","coord_polar","dots","K7Q2M9XD","ffmpeg JPEG 4:2:0 -q:v 2 (~q95)","ffmpeg",900,900,900,95,TRUE,108,108,TRUE,"exact","K7Q2M9XD",0.05
"coord_polar.tiles","coord_polar","tiles","RUN-42","ffmpeg JPEG 4:2:0 -q:v 2 (~q95)","ffmpeg",900,900,900,95,TRUE,108,108,FALSE,"NULL",NA,1.79
"text_heavy.dots","text_heavy","dots","Zürich-δ✓","ffmpeg JPEG 4:2:0 -q:v 2 (~q95)","ffmpeg",1050,750,1050,95,TRUE,164,94,TRUE,"exact","Zürich-δ✓",0.04
"text_heavy.tiles","text_heavy","tiles","café-δ","ffmpeg JPEG 4:2:0 -q:v 2 (~q95)","ffmpeg",1050,750,1050,95,TRUE,164,97,TRUE,"exact","café-δ",2.92
"baseline.dots","baseline","dots","K7Q2M9XD","ffmpeg JPEG 4:2:0 -q:v 5 (~q85)","ffmpeg",1050,750,1050,85,TRUE,164,111,TRUE,"exact","K7Q2M9XD",0.04
"baseline.tiles","baseline","tiles","K7Q2M9XD","ffmpeg JPEG 4:2:0 -q:v 5 (~q85)","ffmpeg",1050,750,1050,85,TRUE,164,114,TRUE,"exact","K7Q2M9XD",1.29
"facets_3x4.dots","facets_3x4","dots","K7Q2M9XD","ffmpeg JPEG 4:2:0 -q:v 5 (~q85)","ffmpeg",1350,900,1350,85,TRUE,176,124,TRUE,"exact","K7Q2M9XD",0.07
"facet_wrap_1x2.dots","facet_wrap_1x2","dots","RUN-42","ffmpeg JPEG 4:2:0 -q:v 5 (~q85)","ffmpeg",1350,750,1350,85,TRUE,215,105,TRUE,"exact","RUN-42",0.06
"facet_wrap_1x2.tiles","facet_wrap_1x2","tiles","K7Q2M9XD","ffmpeg JPEG 4:2:0 -q:v 5 (~q85)","ffmpeg",1350,750,1350,85,TRUE,215,108,TRUE,"exact","K7Q2M9XD",1.91
"legend_caption.dots","legend_caption","dots","ZZ0123456789ABCD","ffmpeg JPEG 4:2:0 -q:v 5 (~q85)","ffmpeg",1200,900,1200,85,TRUE,189,85,TRUE,"exact","ZZ0123456789ABCD",0.06
"legend_caption.tiles","legend_caption","tiles","K7Q2M9XD","ffmpeg JPEG 4:2:0 -q:v 5 (~q85)","ffmpeg",1200,900,1200,85,TRUE,189,88,TRUE,"exact","K7Q2M9XD",7.17
"rug_outside.dots","rug_outside","dots","Zürich-δ✓","ffmpeg JPEG 4:2:0 -q:v 5 (~q85)","ffmpeg",1050,750,1050,85,TRUE,164,111,TRUE,"exact","Zürich-δ✓",0.11
"rug_outside.tiles","rug_outside","tiles","café-δ","ffmpeg JPEG 4:2:0 -q:v 5 (~q85)","ffmpeg",1050,750,1050,85,TRUE,164,114,TRUE,"exact","café-δ",2.54
"heatmap_raster.dots","heatmap_raster","dots","f47ac10b-58cc-4372-a567-0e02b2c3d479","ffmpeg JPEG 4:2:0 -q:v 5 (~q85)","ffmpeg",1050,750,1050,85,TRUE,144,109,TRUE,"exact","f47ac10b-58cc-4372-a567-0e02b2c3d479",0.64
"heatmap_raster.tiles","heatmap_raster","tiles","K7Q2M9XD","ffmpeg JPEG 4:2:0 -q:v 5 (~q85)","ffmpeg",1050,750,1050,85,TRUE,144,114,FALSE,"NULL",NA,2.38
"dense_10k.dots","dense_10k","dots","K7Q2M9XD","ffmpeg JPEG 4:2:0 -q:v 5 (~q85)","ffmpeg",1400,1000,1400,85,TRUE,165,111,TRUE,"exact","K7Q2M9XD",0.09
"dense_10k.tiles","dense_10k","tiles","ZZ0123456789","ffmpeg JPEG 4:2:0 -q:v 5 (~q85)","ffmpeg",1400,1000,1400,85,TRUE,165,114,TRUE,"exact","ZZ0123456789",2.21
"dates_line.dots","dates_line","dots","f47ac10b-58cc-4372-a567-0e02b2c3d479","ffmpeg JPEG 4:2:0 -q:v 5 (~q85)","ffmpeg",1200,675,1200,85,TRUE,184,96,TRUE,"exact","f47ac10b-58cc-4372-a567-0e02b2c3d479",0.37
"dates_line.tiles","dates_line","tiles","RUN-42","ffmpeg JPEG 4:2:0 -q:v 5 (~q85)","ffmpeg",1200,675,1200,85,TRUE,184,101,TRUE,"NULL",NA,3.03
"theme_dark.dots","theme_dark","dots","RUN-42","ffmpeg JPEG 4:2:0 -q:v 5 (~q85)","ffmpeg",1050,750,1050,85,TRUE,164,111,TRUE,"exact","RUN-42",0.04
"theme_dark.tiles","theme_dark","tiles","RUN-42","ffmpeg JPEG 4:2:0 -q:v 5 (~q85)","ffmpeg",1050,750,1050,85,TRUE,164,114,TRUE,"exact","RUN-42",2
"black_bg.dots","black_bg","dots","K7Q2M9XD","ffmpeg JPEG 4:2:0 -q:v 5 (~q85)","ffmpeg",1050,750,1050,85,TRUE,164,111,TRUE,"exact","K7Q2M9XD",0.04
"black_bg.tiles","black_bg","tiles","K7Q2M9XD","ffmpeg JPEG 4:2:0 -q:v 5 (~q85)","ffmpeg",1050,750,1050,85,TRUE,164,114,TRUE,"exact","K7Q2M9XD",2.1
"theme_void.dots","theme_void","dots","f47ac10b-58cc-4372-a567-0e02b2c3d479","ffmpeg JPEG 4:2:0 -q:v 5 (~q85)","ffmpeg",1050,750,1050,85,TRUE,178,120,TRUE,"exact","f47ac10b-58cc-4372-a567-0e02b2c3d479",0.46
"theme_void.tiles","theme_void","tiles","K7Q2M9XD","ffmpeg JPEG 4:2:0 -q:v 5 (~q85)","ffmpeg",1050,750,1050,85,TRUE,178,127,TRUE,"exact","K7Q2M9XD",1.34
"tall_3x8.dots","tall_3x8","dots","K7Q2M9XD","ffmpeg JPEG 4:2:0 -q:v 5 (~q85)","ffmpeg",450,1200,450,85,TRUE,38,187,FALSE,"exact","K7Q2M9XD",0.18
"tall_3x8.tiles","tall_3x8","tiles","RUN-42","ffmpeg JPEG 4:2:0 -q:v 5 (~q85)","ffmpeg",450,1200,450,85,TRUE,38,190,FALSE,"NULL",NA,4.17
"wide_12x3.dots","wide_12x3","dots","f47ac10b-58cc-4372-a567-0e02b2c3d479","ffmpeg JPEG 4:2:0 -q:v 5 (~q85)","ffmpeg",1800,450,1800,85,TRUE,291,58,TRUE,"exact","f47ac10b-58cc-4372-a567-0e02b2c3d479",0.46
"wide_12x3.tiles","wide_12x3","tiles","K7Q2M9XD","ffmpeg JPEG 4:2:0 -q:v 5 (~q85)","ffmpeg",1800,450,1800,85,TRUE,291,63,FALSE,"NULL",NA,1.81
"small_4x3_96dpi.dots","small_4x3_96dpi","dots","K7Q2M9XD","ffmpeg JPEG 4:2:0 -q:v 5 (~q85)","ffmpeg",384,288,384,85,TRUE,88,60,FALSE,"exact","K7Q2M9XD",0.01
"small_4x3_96dpi.tiles","small_4x3_96dpi","tiles","RUN-42","ffmpeg JPEG 4:2:0 -q:v 5 (~q85)","ffmpeg",384,288,384,85,TRUE,88,63,FALSE,"NULL",NA,0.37
"huge_14x10_300dpi.dots","huge_14x10_300dpi","dots","f47ac10b-58cc-4372-a567-0e02b2c3d479","ffmpeg JPEG 4:2:0 -q:v 5 (~q85)","ffmpeg",4200,3000,4200,85,TRUE,337,236,TRUE,"exact","f47ac10b-58cc-4372-a567-0e02b2c3d479",4.02
"long_title.dots","long_title","dots","ZZ0123456789ABCD","ffmpeg JPEG 4:2:0 -q:v 5 (~q85)","ffmpeg",1050,750,1050,85,TRUE,164,99,TRUE,"exact","ZZ0123456789ABCD",0.04
"long_title.tiles","long_title","tiles","ZZ0123456789","ffmpeg JPEG 4:2:0 -q:v 5 (~q85)","ffmpeg",1050,750,1050,85,TRUE,164,102,TRUE,"exact","ZZ0123456789",1.47
"coord_polar.dots","coord_polar","dots","K7Q2M9XD","ffmpeg JPEG 4:2:0 -q:v 5 (~q85)","ffmpeg",900,900,900,85,TRUE,108,108,TRUE,"exact","K7Q2M9XD",0.04
"coord_polar.tiles","coord_polar","tiles","RUN-42","ffmpeg JPEG 4:2:0 -q:v 5 (~q85)","ffmpeg",900,900,900,85,TRUE,108,108,FALSE,"NULL",NA,2.56
"text_heavy.dots","text_heavy","dots","Zürich-δ✓","ffmpeg JPEG 4:2:0 -q:v 5 (~q85)","ffmpeg",1050,750,1050,85,TRUE,164,94,TRUE,"exact","Zürich-δ✓",0.07
"text_heavy.tiles","text_heavy","tiles","café-δ","ffmpeg JPEG 4:2:0 -q:v 5 (~q85)","ffmpeg",1050,750,1050,85,TRUE,164,97,TRUE,"exact","café-δ",2.94
"baseline.dots","baseline","dots","K7Q2M9XD","ffmpeg JPEG 4:2:0 -q:v 10 (~q70)","ffmpeg",1050,750,1050,70,TRUE,164,111,TRUE,"exact","K7Q2M9XD",0.05
"baseline.tiles","baseline","tiles","K7Q2M9XD","ffmpeg JPEG 4:2:0 -q:v 10 (~q70)","ffmpeg",1050,750,1050,70,TRUE,164,114,FALSE,"exact","K7Q2M9XD",2.05
"baseline.both","baseline","both","K7Q2M9XD","ffmpeg JPEG 4:2:0 -q:v 10 (~q70)","ffmpeg",1050,750,1050,70,TRUE,164,111,TRUE,"exact","K7Q2M9XD",0.07
"baseline.none","baseline","none",NA,"ffmpeg JPEG 4:2:0 -q:v 10 (~q70)","ffmpeg",1050,750,1050,70,TRUE,164,114,FALSE,"NULL",NA,1.9
"facets_3x4.dots","facets_3x4","dots","K7Q2M9XD","ffmpeg JPEG 4:2:0 -q:v 10 (~q70)","ffmpeg",1350,900,1350,70,TRUE,176,124,TRUE,"exact","K7Q2M9XD",0.06
"facets_3x4.tiles","facets_3x4","tiles","RUN-42","ffmpeg JPEG 4:2:0 -q:v 10 (~q70)","ffmpeg",1350,900,1350,70,TRUE,176,127,FALSE,"NULL",NA,17.16
"facets_3x4.both","facets_3x4","both","RUN-42","ffmpeg JPEG 4:2:0 -q:v 10 (~q70)","ffmpeg",1350,900,1350,70,TRUE,176,124,TRUE,"exact","RUN-42",0.08
"facets_3x4.none","facets_3x4","none",NA,"ffmpeg JPEG 4:2:0 -q:v 10 (~q70)","ffmpeg",1350,900,1350,70,TRUE,176,127,FALSE,"NULL",NA,27.04
"facet_wrap_1x2.dots","facet_wrap_1x2","dots","RUN-42","ffmpeg JPEG 4:2:0 -q:v 10 (~q70)","ffmpeg",1350,750,1350,70,TRUE,215,105,TRUE,"exact","RUN-42",0.05
"facet_wrap_1x2.tiles","facet_wrap_1x2","tiles","K7Q2M9XD","ffmpeg JPEG 4:2:0 -q:v 10 (~q70)","ffmpeg",1350,750,1350,70,TRUE,215,108,FALSE,"exact","K7Q2M9XD",2.06
"facet_wrap_1x2.both","facet_wrap_1x2","both","K7Q2M9XD","ffmpeg JPEG 4:2:0 -q:v 10 (~q70)","ffmpeg",1350,750,1350,70,TRUE,215,105,TRUE,"exact","K7Q2M9XD",0.06
"facet_wrap_1x2.none","facet_wrap_1x2","none",NA,"ffmpeg JPEG 4:2:0 -q:v 10 (~q70)","ffmpeg",1350,750,1350,70,TRUE,215,108,FALSE,"NULL",NA,2.65
"legend_caption.dots","legend_caption","dots","ZZ0123456789ABCD","ffmpeg JPEG 4:2:0 -q:v 10 (~q70)","ffmpeg",1200,900,1200,70,TRUE,189,85,TRUE,"exact","ZZ0123456789ABCD",0.04
"legend_caption.tiles","legend_caption","tiles","K7Q2M9XD","ffmpeg JPEG 4:2:0 -q:v 10 (~q70)","ffmpeg",1200,900,1200,70,TRUE,189,88,FALSE,"exact","K7Q2M9XD",12.57
"legend_caption.both","legend_caption","both","K7Q2M9XD","ffmpeg JPEG 4:2:0 -q:v 10 (~q70)","ffmpeg",1200,900,1200,70,TRUE,189,85,TRUE,"exact","K7Q2M9XD",0.05
"legend_caption.none","legend_caption","none",NA,"ffmpeg JPEG 4:2:0 -q:v 10 (~q70)","ffmpeg",1200,900,1200,70,TRUE,189,88,FALSE,"NULL",NA,12.82
"rug_outside.dots","rug_outside","dots","Zürich-δ✓","ffmpeg JPEG 4:2:0 -q:v 10 (~q70)","ffmpeg",1050,750,1050,70,TRUE,164,111,TRUE,"exact","Zürich-δ✓",0.11
"rug_outside.tiles","rug_outside","tiles","café-δ","ffmpeg JPEG 4:2:0 -q:v 10 (~q70)","ffmpeg",1050,750,1050,70,TRUE,164,114,FALSE,"exact","café-δ",2.87
"rug_outside.both","rug_outside","both","café-δ","ffmpeg JPEG 4:2:0 -q:v 10 (~q70)","ffmpeg",1050,750,1050,70,TRUE,164,111,TRUE,"exact","café-δ",0.06
"rug_outside.none","rug_outside","none",NA,"ffmpeg JPEG 4:2:0 -q:v 10 (~q70)","ffmpeg",1050,750,1050,70,TRUE,164,114,FALSE,"NULL",NA,2.74
"heatmap_raster.dots","heatmap_raster","dots","f47ac10b-58cc-4372-a567-0e02b2c3d479","ffmpeg JPEG 4:2:0 -q:v 10 (~q70)","ffmpeg",1050,750,1050,70,TRUE,144,109,TRUE,"exact","f47ac10b-58cc-4372-a567-0e02b2c3d479",0.41
"heatmap_raster.tiles","heatmap_raster","tiles","K7Q2M9XD","ffmpeg JPEG 4:2:0 -q:v 10 (~q70)","ffmpeg",1050,750,1050,70,TRUE,144,114,FALSE,"NULL",NA,3.82
"heatmap_raster.both","heatmap_raster","both","K7Q2M9XD","ffmpeg JPEG 4:2:0 -q:v 10 (~q70)","ffmpeg",1050,750,1050,70,TRUE,144,111,TRUE,"exact","K7Q2M9XD",0.04
"heatmap_raster.none","heatmap_raster","none",NA,"ffmpeg JPEG 4:2:0 -q:v 10 (~q70)","ffmpeg",1050,750,1050,70,TRUE,144,114,FALSE,"NULL",NA,3.7
"dense_10k.dots","dense_10k","dots","K7Q2M9XD","ffmpeg JPEG 4:2:0 -q:v 10 (~q70)","ffmpeg",1400,1000,1400,70,TRUE,165,111,TRUE,"exact","K7Q2M9XD",0.09
"dense_10k.tiles","dense_10k","tiles","ZZ0123456789","ffmpeg JPEG 4:2:0 -q:v 10 (~q70)","ffmpeg",1400,1000,1400,70,TRUE,165,114,FALSE,"exact","ZZ0123456789",3.7
"dense_10k.both","dense_10k","both","ZZ0123456789","ffmpeg JPEG 4:2:0 -q:v 10 (~q70)","ffmpeg",1400,1000,1400,70,TRUE,165,111,TRUE,"exact","ZZ0123456789",0.1
"dense_10k.none","dense_10k","none",NA,"ffmpeg JPEG 4:2:0 -q:v 10 (~q70)","ffmpeg",1400,1000,1400,70,TRUE,165,114,FALSE,"NULL",NA,7.68
"dates_line.dots","dates_line","dots","f47ac10b-58cc-4372-a567-0e02b2c3d479","ffmpeg JPEG 4:2:0 -q:v 10 (~q70)","ffmpeg",1200,675,1200,70,TRUE,184,96,TRUE,"exact","f47ac10b-58cc-4372-a567-0e02b2c3d479",0.48
"dates_line.tiles","dates_line","tiles","RUN-42","ffmpeg JPEG 4:2:0 -q:v 10 (~q70)","ffmpeg",1200,675,1200,70,TRUE,184,101,FALSE,"NULL",NA,6.76
"dates_line.both","dates_line","both","RUN-42","ffmpeg JPEG 4:2:0 -q:v 10 (~q70)","ffmpeg",1200,675,1200,70,TRUE,184,98,TRUE,"exact","RUN-42",0.06
"dates_line.none","dates_line","none",NA,"ffmpeg JPEG 4:2:0 -q:v 10 (~q70)","ffmpeg",1200,675,1200,70,TRUE,184,101,FALSE,"NULL",NA,5.84
"theme_dark.dots","theme_dark","dots","RUN-42","ffmpeg JPEG 4:2:0 -q:v 10 (~q70)","ffmpeg",1050,750,1050,70,TRUE,164,111,TRUE,"exact","RUN-42",0.05
"theme_dark.tiles","theme_dark","tiles","RUN-42","ffmpeg JPEG 4:2:0 -q:v 10 (~q70)","ffmpeg",1050,750,1050,70,TRUE,164,114,FALSE,"NULL",NA,5.39
"theme_dark.both","theme_dark","both","RUN-42","ffmpeg JPEG 4:2:0 -q:v 10 (~q70)","ffmpeg",1050,750,1050,70,TRUE,164,111,TRUE,"exact","RUN-42",0.06
"theme_dark.none","theme_dark","none",NA,"ffmpeg JPEG 4:2:0 -q:v 10 (~q70)","ffmpeg",1050,750,1050,70,TRUE,164,114,FALSE,"NULL",NA,1.45
"black_bg.dots","black_bg","dots","K7Q2M9XD","ffmpeg JPEG 4:2:0 -q:v 10 (~q70)","ffmpeg",1050,750,1050,70,TRUE,164,111,TRUE,"exact","K7Q2M9XD",0.05
"black_bg.tiles","black_bg","tiles","K7Q2M9XD","ffmpeg JPEG 4:2:0 -q:v 10 (~q70)","ffmpeg",1050,750,1050,70,TRUE,164,114,FALSE,"NULL",NA,1.83
"black_bg.both","black_bg","both","K7Q2M9XD","ffmpeg JPEG 4:2:0 -q:v 10 (~q70)","ffmpeg",1050,750,1050,70,TRUE,164,111,TRUE,"exact","K7Q2M9XD",0.05
"black_bg.none","black_bg","none",NA,"ffmpeg JPEG 4:2:0 -q:v 10 (~q70)","ffmpeg",1050,750,1050,70,TRUE,164,114,FALSE,"NULL",NA,1.78
"theme_void.dots","theme_void","dots","f47ac10b-58cc-4372-a567-0e02b2c3d479","ffmpeg JPEG 4:2:0 -q:v 10 (~q70)","ffmpeg",1050,750,1050,70,TRUE,178,120,TRUE,"exact","f47ac10b-58cc-4372-a567-0e02b2c3d479",0.36
"theme_void.tiles","theme_void","tiles","K7Q2M9XD","ffmpeg JPEG 4:2:0 -q:v 10 (~q70)","ffmpeg",1050,750,1050,70,TRUE,178,127,FALSE,"exact","K7Q2M9XD",1.25
"theme_void.both","theme_void","both","K7Q2M9XD","ffmpeg JPEG 4:2:0 -q:v 10 (~q70)","ffmpeg",1050,750,1050,70,TRUE,178,122,TRUE,"exact","K7Q2M9XD",0.05
"theme_void.none","theme_void","none",NA,"ffmpeg JPEG 4:2:0 -q:v 10 (~q70)","ffmpeg",1050,750,1050,70,TRUE,178,127,FALSE,"NULL",NA,1.37
"tall_3x8.dots","tall_3x8","dots","K7Q2M9XD","ffmpeg JPEG 4:2:0 -q:v 10 (~q70)","ffmpeg",450,1200,450,70,TRUE,38,187,FALSE,"exact","K7Q2M9XD",0.02
"tall_3x8.tiles","tall_3x8","tiles","RUN-42","ffmpeg JPEG 4:2:0 -q:v 10 (~q70)","ffmpeg",450,1200,450,70,TRUE,38,190,FALSE,"NULL",NA,6.03
"tall_3x8.both","tall_3x8","both","RUN-42","ffmpeg JPEG 4:2:0 -q:v 10 (~q70)","ffmpeg",450,1200,450,70,TRUE,38,187,FALSE,"exact","RUN-42",1.63
"tall_3x8.none","tall_3x8","none",NA,"ffmpeg JPEG 4:2:0 -q:v 10 (~q70)","ffmpeg",450,1200,450,70,TRUE,38,190,FALSE,"NULL",NA,7.08
"wide_12x3.dots","wide_12x3","dots","f47ac10b-58cc-4372-a567-0e02b2c3d479","ffmpeg JPEG 4:2:0 -q:v 10 (~q70)","ffmpeg",1800,450,1800,70,TRUE,291,58,TRUE,"exact","f47ac10b-58cc-4372-a567-0e02b2c3d479",0.52
"wide_12x3.tiles","wide_12x3","tiles","K7Q2M9XD","ffmpeg JPEG 4:2:0 -q:v 10 (~q70)","ffmpeg",1800,450,1800,70,TRUE,291,63,FALSE,"NULL",NA,1.29
"wide_12x3.both","wide_12x3","both","K7Q2M9XD","ffmpeg JPEG 4:2:0 -q:v 10 (~q70)","ffmpeg",1800,450,1800,70,TRUE,291,60,TRUE,"exact","K7Q2M9XD",0.05
"wide_12x3.none","wide_12x3","none",NA,"ffmpeg JPEG 4:2:0 -q:v 10 (~q70)","ffmpeg",1800,450,1800,70,TRUE,291,63,FALSE,"NULL",NA,0.95
"small_4x3_96dpi.dots","small_4x3_96dpi","dots","K7Q2M9XD","ffmpeg JPEG 4:2:0 -q:v 10 (~q70)","ffmpeg",384,288,384,70,TRUE,88,60,FALSE,"exact","K7Q2M9XD",0.22
"small_4x3_96dpi.tiles","small_4x3_96dpi","tiles","RUN-42","ffmpeg JPEG 4:2:0 -q:v 10 (~q70)","ffmpeg",384,288,384,70,TRUE,88,63,FALSE,"NULL",NA,0.41
"small_4x3_96dpi.both","small_4x3_96dpi","both","RUN-42","ffmpeg JPEG 4:2:0 -q:v 10 (~q70)","ffmpeg",384,288,384,70,TRUE,88,60,FALSE,"NULL",NA,0.42
"small_4x3_96dpi.none","small_4x3_96dpi","none",NA,"ffmpeg JPEG 4:2:0 -q:v 10 (~q70)","ffmpeg",384,288,384,70,TRUE,88,63,FALSE,"NULL",NA,0.4
"huge_14x10_300dpi.dots","huge_14x10_300dpi","dots","f47ac10b-58cc-4372-a567-0e02b2c3d479","ffmpeg JPEG 4:2:0 -q:v 10 (~q70)","ffmpeg",4200,3000,4200,70,TRUE,337,236,TRUE,"exact","f47ac10b-58cc-4372-a567-0e02b2c3d479",10.34
"huge_14x10_300dpi.tiles","huge_14x10_300dpi","tiles","K7Q2M9XD","ffmpeg JPEG 4:2:0 -q:v 10 (~q70)","ffmpeg",4200,3000,4200,70,TRUE,337,241,FALSE,"exact","K7Q2M9XD",40.42
"huge_14x10_300dpi.both","huge_14x10_300dpi","both","K7Q2M9XD","ffmpeg JPEG 4:2:0 -q:v 10 (~q70)","ffmpeg",4200,3000,4200,70,TRUE,337,238,TRUE,"exact","K7Q2M9XD",4.03
"huge_14x10_300dpi.none","huge_14x10_300dpi","none",NA,"ffmpeg JPEG 4:2:0 -q:v 10 (~q70)","ffmpeg",4200,3000,4200,70,TRUE,337,241,FALSE,"NULL",NA,30.71
"long_title.dots","long_title","dots","ZZ0123456789ABCD","ffmpeg JPEG 4:2:0 -q:v 10 (~q70)","ffmpeg",1050,750,1050,70,TRUE,164,99,TRUE,"exact","ZZ0123456789ABCD",0.04
"long_title.tiles","long_title","tiles","ZZ0123456789","ffmpeg JPEG 4:2:0 -q:v 10 (~q70)","ffmpeg",1050,750,1050,70,TRUE,164,102,FALSE,"exact","ZZ0123456789",4.76
"long_title.both","long_title","both","ZZ0123456789","ffmpeg JPEG 4:2:0 -q:v 10 (~q70)","ffmpeg",1050,750,1050,70,TRUE,164,99,TRUE,"exact","ZZ0123456789",0.15
"long_title.none","long_title","none",NA,"ffmpeg JPEG 4:2:0 -q:v 10 (~q70)","ffmpeg",1050,750,1050,70,TRUE,164,102,FALSE,"NULL",NA,5.37
"coord_polar.dots","coord_polar","dots","K7Q2M9XD","ffmpeg JPEG 4:2:0 -q:v 10 (~q70)","ffmpeg",900,900,900,70,TRUE,108,108,TRUE,"exact","K7Q2M9XD",0.07
"coord_polar.tiles","coord_polar","tiles","RUN-42","ffmpeg JPEG 4:2:0 -q:v 10 (~q70)","ffmpeg",900,900,900,70,TRUE,108,108,FALSE,"NULL",NA,4.42
"coord_polar.both","coord_polar","both","RUN-42","ffmpeg JPEG 4:2:0 -q:v 10 (~q70)","ffmpeg",900,900,900,70,TRUE,108,108,TRUE,"exact","RUN-42",0.06
"coord_polar.none","coord_polar","none",NA,"ffmpeg JPEG 4:2:0 -q:v 10 (~q70)","ffmpeg",900,900,900,70,TRUE,108,108,FALSE,"NULL",NA,4.48
"text_heavy.dots","text_heavy","dots","Zürich-δ✓","ffmpeg JPEG 4:2:0 -q:v 10 (~q70)","ffmpeg",1050,750,1050,70,TRUE,164,94,TRUE,"exact","Zürich-δ✓",0.12
"text_heavy.tiles","text_heavy","tiles","café-δ","ffmpeg JPEG 4:2:0 -q:v 10 (~q70)","ffmpeg",1050,750,1050,70,TRUE,164,97,FALSE,"exact","café-δ",10.59
"text_heavy.both","text_heavy","both","café-δ","ffmpeg JPEG 4:2:0 -q:v 10 (~q70)","ffmpeg",1050,750,1050,70,TRUE,164,94,TRUE,"exact","café-δ",0.11
"text_heavy.none","text_heavy","none",NA,"ffmpeg JPEG 4:2:0 -q:v 10 (~q70)","ffmpeg",1050,750,1050,70,TRUE,164,97,FALSE,"NULL",NA,11.57
"baseline.dots","baseline","dots","K7Q2M9XD","ffmpeg JPEG 4:2:0 -q:v 20 (~q50)","ffmpeg",1050,750,1050,50,TRUE,164,111,TRUE,"exact","K7Q2M9XD",0.05
"baseline.tiles","baseline","tiles","K7Q2M9XD","ffmpeg JPEG 4:2:0 -q:v 20 (~q50)","ffmpeg",1050,750,1050,50,TRUE,164,114,FALSE,"NULL",NA,8.18
"facets_3x4.dots","facets_3x4","dots","K7Q2M9XD","ffmpeg JPEG 4:2:0 -q:v 20 (~q50)","ffmpeg",1350,900,1350,50,TRUE,176,124,TRUE,"exact","K7Q2M9XD",0.08
"facet_wrap_1x2.dots","facet_wrap_1x2","dots","RUN-42","ffmpeg JPEG 4:2:0 -q:v 20 (~q50)","ffmpeg",1350,750,1350,50,TRUE,215,105,TRUE,"exact","RUN-42",0.09
"facet_wrap_1x2.tiles","facet_wrap_1x2","tiles","K7Q2M9XD","ffmpeg JPEG 4:2:0 -q:v 20 (~q50)","ffmpeg",1350,750,1350,50,TRUE,215,108,FALSE,"NULL",NA,10.76
"legend_caption.dots","legend_caption","dots","ZZ0123456789ABCD","ffmpeg JPEG 4:2:0 -q:v 20 (~q50)","ffmpeg",1200,900,1200,50,TRUE,189,85,TRUE,"exact","ZZ0123456789ABCD",0.1
"legend_caption.tiles","legend_caption","tiles","K7Q2M9XD","ffmpeg JPEG 4:2:0 -q:v 20 (~q50)","ffmpeg",1200,900,1200,50,TRUE,189,88,FALSE,"NULL",NA,23.68
"rug_outside.dots","rug_outside","dots","Zürich-δ✓","ffmpeg JPEG 4:2:0 -q:v 20 (~q50)","ffmpeg",1050,750,1050,50,TRUE,164,111,TRUE,"NULL",NA,9.77
"rug_outside.tiles","rug_outside","tiles","café-δ","ffmpeg JPEG 4:2:0 -q:v 20 (~q50)","ffmpeg",1050,750,1050,50,TRUE,164,114,FALSE,"NULL",NA,8.3
"heatmap_raster.dots","heatmap_raster","dots","f47ac10b-58cc-4372-a567-0e02b2c3d479","ffmpeg JPEG 4:2:0 -q:v 20 (~q50)","ffmpeg",1050,750,1050,50,TRUE,144,109,TRUE,"exact","f47ac10b-58cc-4372-a567-0e02b2c3d479",2.62
"heatmap_raster.tiles","heatmap_raster","tiles","K7Q2M9XD","ffmpeg JPEG 4:2:0 -q:v 20 (~q50)","ffmpeg",1050,750,1050,50,TRUE,144,114,FALSE,"NULL",NA,6.12
"dense_10k.dots","dense_10k","dots","K7Q2M9XD","ffmpeg JPEG 4:2:0 -q:v 20 (~q50)","ffmpeg",1400,1000,1400,50,TRUE,165,111,TRUE,"exact","K7Q2M9XD",0.11
"dense_10k.tiles","dense_10k","tiles","ZZ0123456789","ffmpeg JPEG 4:2:0 -q:v 20 (~q50)","ffmpeg",1400,1000,1400,50,TRUE,165,114,FALSE,"NULL",NA,10.86
"dates_line.dots","dates_line","dots","f47ac10b-58cc-4372-a567-0e02b2c3d479","ffmpeg JPEG 4:2:0 -q:v 20 (~q50)","ffmpeg",1200,675,1200,50,TRUE,184,96,TRUE,"exact","f47ac10b-58cc-4372-a567-0e02b2c3d479",0.53
"dates_line.tiles","dates_line","tiles","RUN-42","ffmpeg JPEG 4:2:0 -q:v 20 (~q50)","ffmpeg",1200,675,1200,50,TRUE,184,101,FALSE,"NULL",NA,9.39
"theme_dark.dots","theme_dark","dots","RUN-42","ffmpeg JPEG 4:2:0 -q:v 20 (~q50)","ffmpeg",1050,750,1050,50,TRUE,164,111,TRUE,"exact","RUN-42",0.19
"theme_dark.tiles","theme_dark","tiles","RUN-42","ffmpeg JPEG 4:2:0 -q:v 20 (~q50)","ffmpeg",1050,750,1050,50,TRUE,164,114,FALSE,"NULL",NA,7.28
"black_bg.dots","black_bg","dots","K7Q2M9XD","ffmpeg JPEG 4:2:0 -q:v 20 (~q50)","ffmpeg",1050,750,1050,50,TRUE,164,111,TRUE,"exact","K7Q2M9XD",0.1
"black_bg.tiles","black_bg","tiles","K7Q2M9XD","ffmpeg JPEG 4:2:0 -q:v 20 (~q50)","ffmpeg",1050,750,1050,50,TRUE,164,114,FALSE,"NULL",NA,7.03
"theme_void.dots","theme_void","dots","f47ac10b-58cc-4372-a567-0e02b2c3d479","ffmpeg JPEG 4:2:0 -q:v 20 (~q50)","ffmpeg",1050,750,1050,50,TRUE,178,120,TRUE,"exact","f47ac10b-58cc-4372-a567-0e02b2c3d479",3.51
"theme_void.tiles","theme_void","tiles","K7Q2M9XD","ffmpeg JPEG 4:2:0 -q:v 20 (~q50)","ffmpeg",1050,750,1050,50,TRUE,178,127,FALSE,"NULL",NA,3.38
"tall_3x8.dots","tall_3x8","dots","K7Q2M9XD","ffmpeg JPEG 4:2:0 -q:v 20 (~q50)","ffmpeg",450,1200,450,50,TRUE,38,187,FALSE,"NULL",NA,5.45
"tall_3x8.tiles","tall_3x8","tiles","RUN-42","ffmpeg JPEG 4:2:0 -q:v 20 (~q50)","ffmpeg",450,1200,450,50,TRUE,38,190,FALSE,"NULL",NA,5.73
"wide_12x3.dots","wide_12x3","dots","f47ac10b-58cc-4372-a567-0e02b2c3d479","ffmpeg JPEG 4:2:0 -q:v 20 (~q50)","ffmpeg",1800,450,1800,50,TRUE,291,58,TRUE,"exact","f47ac10b-58cc-4372-a567-0e02b2c3d479",0.65
"wide_12x3.tiles","wide_12x3","tiles","K7Q2M9XD","ffmpeg JPEG 4:2:0 -q:v 20 (~q50)","ffmpeg",1800,450,1800,50,TRUE,291,63,FALSE,"NULL",NA,1.56
"small_4x3_96dpi.dots","small_4x3_96dpi","dots","K7Q2M9XD","ffmpeg JPEG 4:2:0 -q:v 20 (~q50)","ffmpeg",384,288,384,50,TRUE,88,60,FALSE,"NULL",NA,0.37
"small_4x3_96dpi.tiles","small_4x3_96dpi","tiles","RUN-42","ffmpeg JPEG 4:2:0 -q:v 20 (~q50)","ffmpeg",384,288,384,50,TRUE,88,63,FALSE,"NULL",NA,0.35
"huge_14x10_300dpi.dots","huge_14x10_300dpi","dots","f47ac10b-58cc-4372-a567-0e02b2c3d479","ffmpeg JPEG 4:2:0 -q:v 20 (~q50)","ffmpeg",4200,3000,4200,50,TRUE,337,236,TRUE,"exact","f47ac10b-58cc-4372-a567-0e02b2c3d479",4.38
"long_title.dots","long_title","dots","ZZ0123456789ABCD","ffmpeg JPEG 4:2:0 -q:v 20 (~q50)","ffmpeg",1050,750,1050,50,TRUE,164,99,TRUE,"exact","ZZ0123456789ABCD",0.77
"long_title.tiles","long_title","tiles","ZZ0123456789","ffmpeg JPEG 4:2:0 -q:v 20 (~q50)","ffmpeg",1050,750,1050,50,TRUE,164,102,FALSE,"NULL",NA,3.16
"coord_polar.dots","coord_polar","dots","K7Q2M9XD","ffmpeg JPEG 4:2:0 -q:v 20 (~q50)","ffmpeg",900,900,900,50,TRUE,108,108,TRUE,"exact","K7Q2M9XD",0.08
"coord_polar.tiles","coord_polar","tiles","RUN-42","ffmpeg JPEG 4:2:0 -q:v 20 (~q50)","ffmpeg",900,900,900,50,TRUE,108,108,FALSE,"NULL",NA,3.41
"text_heavy.dots","text_heavy","dots","Zürich-δ✓","ffmpeg JPEG 4:2:0 -q:v 20 (~q50)","ffmpeg",1050,750,1050,50,TRUE,164,94,TRUE,"NULL",NA,4.53
"text_heavy.tiles","text_heavy","tiles","café-δ","ffmpeg JPEG 4:2:0 -q:v 20 (~q50)","ffmpeg",1050,750,1050,50,TRUE,164,97,FALSE,"NULL",NA,4.37
"baseline.dots","baseline","dots","K7Q2M9XD","ffmpeg scale 640 bicubic","ffmpeg",640,458,640,NA,TRUE,164,111,TRUE,"exact","K7Q2M9XD",0.02
"baseline.tiles","baseline","tiles","K7Q2M9XD","ffmpeg scale 640 bicubic","ffmpeg",640,458,640,NA,TRUE,164,114,FALSE,"exact","K7Q2M9XD",0.43
"facets_3x4.dots","facets_3x4","dots","K7Q2M9XD","ffmpeg scale 640 bicubic","ffmpeg",640,426,640,NA,TRUE,176,124,TRUE,"exact","K7Q2M9XD",0.02
"facet_wrap_1x2.dots","facet_wrap_1x2","dots","RUN-42","ffmpeg scale 640 bicubic","ffmpeg",640,356,640,NA,TRUE,215,105,TRUE,"exact","RUN-42",0.02
"facet_wrap_1x2.tiles","facet_wrap_1x2","tiles","K7Q2M9XD","ffmpeg scale 640 bicubic","ffmpeg",640,356,640,NA,TRUE,215,108,FALSE,"exact","K7Q2M9XD",1.27
"legend_caption.dots","legend_caption","dots","ZZ0123456789ABCD","ffmpeg scale 640 bicubic","ffmpeg",640,480,640,NA,TRUE,189,85,TRUE,"exact","ZZ0123456789ABCD",0.02
"legend_caption.tiles","legend_caption","tiles","K7Q2M9XD","ffmpeg scale 640 bicubic","ffmpeg",640,480,640,NA,TRUE,189,88,FALSE,"exact","K7Q2M9XD",1.59
"rug_outside.dots","rug_outside","dots","Zürich-δ✓","ffmpeg scale 640 bicubic","ffmpeg",640,458,640,NA,TRUE,164,111,TRUE,"exact","Zürich-δ✓",0.01
"rug_outside.tiles","rug_outside","tiles","café-δ","ffmpeg scale 640 bicubic","ffmpeg",640,458,640,NA,TRUE,164,114,FALSE,"exact","café-δ",1.1
"heatmap_raster.dots","heatmap_raster","dots","f47ac10b-58cc-4372-a567-0e02b2c3d479","ffmpeg scale 640 bicubic","ffmpeg",640,458,640,NA,TRUE,144,109,TRUE,"exact","f47ac10b-58cc-4372-a567-0e02b2c3d479",0.24
"heatmap_raster.tiles","heatmap_raster","tiles","K7Q2M9XD","ffmpeg scale 640 bicubic","ffmpeg",640,458,640,NA,TRUE,144,114,FALSE,"NULL",NA,0.6
"dense_10k.dots","dense_10k","dots","K7Q2M9XD","ffmpeg scale 640 bicubic","ffmpeg",640,458,640,NA,TRUE,165,111,TRUE,"exact","K7Q2M9XD",0.01
"dense_10k.tiles","dense_10k","tiles","ZZ0123456789","ffmpeg scale 640 bicubic","ffmpeg",640,458,640,NA,TRUE,165,114,FALSE,"exact","ZZ0123456789",0.9
"dates_line.dots","dates_line","dots","f47ac10b-58cc-4372-a567-0e02b2c3d479","ffmpeg scale 640 bicubic","ffmpeg",640,360,640,NA,TRUE,184,96,TRUE,"exact","f47ac10b-58cc-4372-a567-0e02b2c3d479",0.24
"dates_line.tiles","dates_line","tiles","RUN-42","ffmpeg scale 640 bicubic","ffmpeg",640,360,640,NA,TRUE,184,101,FALSE,"exact","RUN-42",0.59
"theme_dark.dots","theme_dark","dots","RUN-42","ffmpeg scale 640 bicubic","ffmpeg",640,458,640,NA,TRUE,164,111,TRUE,"exact","RUN-42",0.02
"theme_dark.tiles","theme_dark","tiles","RUN-42","ffmpeg scale 640 bicubic","ffmpeg",640,458,640,NA,TRUE,164,114,FALSE,"exact","RUN-42",0.44
"black_bg.dots","black_bg","dots","K7Q2M9XD","ffmpeg scale 640 bicubic","ffmpeg",640,458,640,NA,TRUE,164,111,TRUE,"exact","K7Q2M9XD",0.02
"black_bg.tiles","black_bg","tiles","K7Q2M9XD","ffmpeg scale 640 bicubic","ffmpeg",640,458,640,NA,TRUE,164,114,FALSE,"exact","K7Q2M9XD",0.62
"theme_void.dots","theme_void","dots","f47ac10b-58cc-4372-a567-0e02b2c3d479","ffmpeg scale 640 bicubic","ffmpeg",640,458,640,NA,TRUE,178,120,TRUE,"exact","f47ac10b-58cc-4372-a567-0e02b2c3d479",0.2
"theme_void.tiles","theme_void","tiles","K7Q2M9XD","ffmpeg scale 640 bicubic","ffmpeg",640,458,640,NA,TRUE,178,127,FALSE,"exact","K7Q2M9XD",0.55
"tall_3x8.dots","tall_3x8","dots","K7Q2M9XD","ffmpeg scale 640 bicubic","ffmpeg",640,1706,640,NA,TRUE,38,187,TRUE,"exact","K7Q2M9XD",0.06
"tall_3x8.tiles","tall_3x8","tiles","RUN-42","ffmpeg scale 640 bicubic","ffmpeg",640,1706,640,NA,TRUE,38,190,FALSE,"NULL",NA,3.67
"wide_12x3.dots","wide_12x3","dots","f47ac10b-58cc-4372-a567-0e02b2c3d479","ffmpeg scale 640 bicubic","ffmpeg",640,160,640,NA,TRUE,291,58,TRUE,"exact","f47ac10b-58cc-4372-a567-0e02b2c3d479",0.15
"wide_12x3.tiles","wide_12x3","tiles","K7Q2M9XD","ffmpeg scale 640 bicubic","ffmpeg",640,160,640,NA,TRUE,291,63,FALSE,"NULL",NA,0.47
"small_4x3_96dpi.dots","small_4x3_96dpi","dots","K7Q2M9XD","ffmpeg scale 640 bicubic","ffmpeg",640,480,640,NA,TRUE,88,60,TRUE,"exact","K7Q2M9XD",0.02
"small_4x3_96dpi.tiles","small_4x3_96dpi","tiles","RUN-42","ffmpeg scale 640 bicubic","ffmpeg",640,480,640,NA,TRUE,88,63,FALSE,"exact","RUN-42",0.47
"huge_14x10_300dpi.dots","huge_14x10_300dpi","dots","f47ac10b-58cc-4372-a567-0e02b2c3d479","ffmpeg scale 640 bicubic","ffmpeg",640,458,640,NA,TRUE,337,236,TRUE,"exact","f47ac10b-58cc-4372-a567-0e02b2c3d479",0.13
"long_title.dots","long_title","dots","ZZ0123456789ABCD","ffmpeg scale 640 bicubic","ffmpeg",640,458,640,NA,TRUE,164,99,TRUE,"exact","ZZ0123456789ABCD",0.02
"long_title.tiles","long_title","tiles","ZZ0123456789","ffmpeg scale 640 bicubic","ffmpeg",640,458,640,NA,TRUE,164,102,FALSE,"exact","ZZ0123456789",0.69
"coord_polar.dots","coord_polar","dots","K7Q2M9XD","ffmpeg scale 640 bicubic","ffmpeg",640,640,640,NA,TRUE,108,108,TRUE,"exact","K7Q2M9XD",0.02
"coord_polar.tiles","coord_polar","tiles","RUN-42","ffmpeg scale 640 bicubic","ffmpeg",640,640,640,NA,TRUE,108,108,FALSE,"NULL",NA,0.81
"text_heavy.dots","text_heavy","dots","Zürich-δ✓","ffmpeg scale 640 bicubic","ffmpeg",640,458,640,NA,TRUE,164,94,TRUE,"exact","Zürich-δ✓",0.02
"text_heavy.tiles","text_heavy","tiles","café-δ","ffmpeg scale 640 bicubic","ffmpeg",640,458,640,NA,TRUE,164,97,FALSE,"exact","café-δ",0.77
"baseline.dots","baseline","dots","K7Q2M9XD","ffmpeg scale 640 lanczos","ffmpeg",640,458,640,NA,TRUE,164,111,TRUE,"exact","K7Q2M9XD",0.02
"baseline.tiles","baseline","tiles","K7Q2M9XD","ffmpeg scale 640 lanczos","ffmpeg",640,458,640,NA,TRUE,164,114,FALSE,"exact","K7Q2M9XD",0.45
"facets_3x4.dots","facets_3x4","dots","K7Q2M9XD","ffmpeg scale 640 lanczos","ffmpeg",640,426,640,NA,TRUE,176,124,TRUE,"exact","K7Q2M9XD",0.02
"facet_wrap_1x2.dots","facet_wrap_1x2","dots","RUN-42","ffmpeg scale 640 lanczos","ffmpeg",640,356,640,NA,TRUE,215,105,TRUE,"exact","RUN-42",0.01
"facet_wrap_1x2.tiles","facet_wrap_1x2","tiles","K7Q2M9XD","ffmpeg scale 640 lanczos","ffmpeg",640,356,640,NA,TRUE,215,108,FALSE,"exact","K7Q2M9XD",0.98
"legend_caption.dots","legend_caption","dots","ZZ0123456789ABCD","ffmpeg scale 640 lanczos","ffmpeg",640,480,640,NA,TRUE,189,85,TRUE,"exact","ZZ0123456789ABCD",0.02
"legend_caption.tiles","legend_caption","tiles","K7Q2M9XD","ffmpeg scale 640 lanczos","ffmpeg",640,480,640,NA,TRUE,189,88,FALSE,"exact","K7Q2M9XD",1.56
"rug_outside.dots","rug_outside","dots","Zürich-δ✓","ffmpeg scale 640 lanczos","ffmpeg",640,458,640,NA,TRUE,164,111,TRUE,"exact","Zürich-δ✓",0.02
"rug_outside.tiles","rug_outside","tiles","café-δ","ffmpeg scale 640 lanczos","ffmpeg",640,458,640,NA,TRUE,164,114,FALSE,"exact","café-δ",0.93
"heatmap_raster.dots","heatmap_raster","dots","f47ac10b-58cc-4372-a567-0e02b2c3d479","ffmpeg scale 640 lanczos","ffmpeg",640,458,640,NA,TRUE,144,109,TRUE,"exact","f47ac10b-58cc-4372-a567-0e02b2c3d479",0.2
"heatmap_raster.tiles","heatmap_raster","tiles","K7Q2M9XD","ffmpeg scale 640 lanczos","ffmpeg",640,458,640,NA,TRUE,144,114,FALSE,"NULL",NA,0.6
"dense_10k.dots","dense_10k","dots","K7Q2M9XD","ffmpeg scale 640 lanczos","ffmpeg",640,458,640,NA,TRUE,165,111,TRUE,"exact","K7Q2M9XD",0.01
"dense_10k.tiles","dense_10k","tiles","ZZ0123456789","ffmpeg scale 640 lanczos","ffmpeg",640,458,640,NA,TRUE,165,114,FALSE,"exact","ZZ0123456789",0.86
"dates_line.dots","dates_line","dots","f47ac10b-58cc-4372-a567-0e02b2c3d479","ffmpeg scale 640 lanczos","ffmpeg",640,360,640,NA,TRUE,184,96,TRUE,"exact","f47ac10b-58cc-4372-a567-0e02b2c3d479",0.2
"dates_line.tiles","dates_line","tiles","RUN-42","ffmpeg scale 640 lanczos","ffmpeg",640,360,640,NA,TRUE,184,101,FALSE,"exact","RUN-42",0.53
"theme_dark.dots","theme_dark","dots","RUN-42","ffmpeg scale 640 lanczos","ffmpeg",640,458,640,NA,TRUE,164,111,TRUE,"exact","RUN-42",0.02
"theme_dark.tiles","theme_dark","tiles","RUN-42","ffmpeg scale 640 lanczos","ffmpeg",640,458,640,NA,TRUE,164,114,FALSE,"exact","RUN-42",0.59
"black_bg.dots","black_bg","dots","K7Q2M9XD","ffmpeg scale 640 lanczos","ffmpeg",640,458,640,NA,TRUE,164,111,TRUE,"exact","K7Q2M9XD",0.03
"black_bg.tiles","black_bg","tiles","K7Q2M9XD","ffmpeg scale 640 lanczos","ffmpeg",640,458,640,NA,TRUE,164,114,FALSE,"exact","K7Q2M9XD",0.51
"theme_void.dots","theme_void","dots","f47ac10b-58cc-4372-a567-0e02b2c3d479","ffmpeg scale 640 lanczos","ffmpeg",640,458,640,NA,TRUE,178,120,TRUE,"exact","f47ac10b-58cc-4372-a567-0e02b2c3d479",0.24
"theme_void.tiles","theme_void","tiles","K7Q2M9XD","ffmpeg scale 640 lanczos","ffmpeg",640,458,640,NA,TRUE,178,127,FALSE,"exact","K7Q2M9XD",0.53
"tall_3x8.dots","tall_3x8","dots","K7Q2M9XD","ffmpeg scale 640 lanczos","ffmpeg",640,1706,640,NA,TRUE,38,187,TRUE,"exact","K7Q2M9XD",0.07
"tall_3x8.tiles","tall_3x8","tiles","RUN-42","ffmpeg scale 640 lanczos","ffmpeg",640,1706,640,NA,TRUE,38,190,FALSE,"NULL",NA,3.52
"wide_12x3.dots","wide_12x3","dots","f47ac10b-58cc-4372-a567-0e02b2c3d479","ffmpeg scale 640 lanczos","ffmpeg",640,160,640,NA,TRUE,291,58,TRUE,"exact","f47ac10b-58cc-4372-a567-0e02b2c3d479",0.13
"wide_12x3.tiles","wide_12x3","tiles","K7Q2M9XD","ffmpeg scale 640 lanczos","ffmpeg",640,160,640,NA,TRUE,291,63,FALSE,"NULL",NA,0.38
"small_4x3_96dpi.dots","small_4x3_96dpi","dots","K7Q2M9XD","ffmpeg scale 640 lanczos","ffmpeg",640,480,640,NA,TRUE,88,60,TRUE,"exact","K7Q2M9XD",0.02
"small_4x3_96dpi.tiles","small_4x3_96dpi","tiles","RUN-42","ffmpeg scale 640 lanczos","ffmpeg",640,480,640,NA,TRUE,88,63,FALSE,"exact","RUN-42",0.45
"huge_14x10_300dpi.dots","huge_14x10_300dpi","dots","f47ac10b-58cc-4372-a567-0e02b2c3d479","ffmpeg scale 640 lanczos","ffmpeg",640,458,640,NA,TRUE,337,236,TRUE,"exact","f47ac10b-58cc-4372-a567-0e02b2c3d479",0.15
"long_title.dots","long_title","dots","ZZ0123456789ABCD","ffmpeg scale 640 lanczos","ffmpeg",640,458,640,NA,TRUE,164,99,TRUE,"exact","ZZ0123456789ABCD",0.02
"long_title.tiles","long_title","tiles","ZZ0123456789","ffmpeg scale 640 lanczos","ffmpeg",640,458,640,NA,TRUE,164,102,FALSE,"exact","ZZ0123456789",0.68
"coord_polar.dots","coord_polar","dots","K7Q2M9XD","ffmpeg scale 640 lanczos","ffmpeg",640,640,640,NA,TRUE,108,108,TRUE,"exact","K7Q2M9XD",0.02
"coord_polar.tiles","coord_polar","tiles","RUN-42","ffmpeg scale 640 lanczos","ffmpeg",640,640,640,NA,TRUE,108,108,FALSE,"NULL",NA,0.81
"text_heavy.dots","text_heavy","dots","Zürich-δ✓","ffmpeg scale 640 lanczos","ffmpeg",640,458,640,NA,TRUE,164,94,TRUE,"exact","Zürich-δ✓",0.01
"text_heavy.tiles","text_heavy","tiles","café-δ","ffmpeg scale 640 lanczos","ffmpeg",640,458,640,NA,TRUE,164,97,FALSE,"exact","café-δ",0.81
"baseline.dots","baseline","dots","K7Q2M9XD","ffmpeg scale 640 area","ffmpeg",640,458,640,NA,TRUE,164,111,TRUE,"exact","K7Q2M9XD",0.01
"baseline.tiles","baseline","tiles","K7Q2M9XD","ffmpeg scale 640 area","ffmpeg",640,458,640,NA,TRUE,164,114,FALSE,"exact","K7Q2M9XD",0.38
"baseline.both","baseline","both","K7Q2M9XD","ffmpeg scale 640 area","ffmpeg",640,458,640,NA,TRUE,164,111,TRUE,"exact","K7Q2M9XD",0.01
"baseline.none","baseline","none",NA,"ffmpeg scale 640 area","ffmpeg",640,458,640,NA,TRUE,164,114,FALSE,"NULL",NA,0.52
"facets_3x4.dots","facets_3x4","dots","K7Q2M9XD","ffmpeg scale 640 area","ffmpeg",640,426,640,NA,TRUE,176,124,TRUE,"exact","K7Q2M9XD",0.02
"facets_3x4.tiles","facets_3x4","tiles","RUN-42","ffmpeg scale 640 area","ffmpeg",640,426,640,NA,TRUE,176,127,FALSE,"NULL",NA,7.44
"facets_3x4.both","facets_3x4","both","RUN-42","ffmpeg scale 640 area","ffmpeg",640,426,640,NA,TRUE,176,124,TRUE,"exact","RUN-42",0.02
"facets_3x4.none","facets_3x4","none",NA,"ffmpeg scale 640 area","ffmpeg",640,426,640,NA,TRUE,176,127,FALSE,"NULL",NA,9.86
"facet_wrap_1x2.dots","facet_wrap_1x2","dots","RUN-42","ffmpeg scale 640 area","ffmpeg",640,356,640,NA,TRUE,215,105,TRUE,"exact","RUN-42",0.01
"facet_wrap_1x2.tiles","facet_wrap_1x2","tiles","K7Q2M9XD","ffmpeg scale 640 area","ffmpeg",640,356,640,NA,TRUE,215,108,FALSE,"exact","K7Q2M9XD",0.59
"facet_wrap_1x2.both","facet_wrap_1x2","both","K7Q2M9XD","ffmpeg scale 640 area","ffmpeg",640,356,640,NA,TRUE,215,105,TRUE,"exact","K7Q2M9XD",0.02
"facet_wrap_1x2.none","facet_wrap_1x2","none",NA,"ffmpeg scale 640 area","ffmpeg",640,356,640,NA,TRUE,215,108,FALSE,"NULL",NA,0.78
"legend_caption.dots","legend_caption","dots","ZZ0123456789ABCD","ffmpeg scale 640 area","ffmpeg",640,480,640,NA,TRUE,189,85,TRUE,"exact","ZZ0123456789ABCD",0.03
"legend_caption.tiles","legend_caption","tiles","K7Q2M9XD","ffmpeg scale 640 area","ffmpeg",640,480,640,NA,TRUE,189,88,FALSE,"exact","K7Q2M9XD",1.28
"legend_caption.both","legend_caption","both","K7Q2M9XD","ffmpeg scale 640 area","ffmpeg",640,480,640,NA,TRUE,189,85,TRUE,"exact","K7Q2M9XD",0.02
"legend_caption.none","legend_caption","none",NA,"ffmpeg scale 640 area","ffmpeg",640,480,640,NA,TRUE,189,88,FALSE,"NULL",NA,1.66
"rug_outside.dots","rug_outside","dots","Zürich-δ✓","ffmpeg scale 640 area","ffmpeg",640,458,640,NA,TRUE,164,111,TRUE,"exact","Zürich-δ✓",0.01
"rug_outside.tiles","rug_outside","tiles","café-δ","ffmpeg scale 640 area","ffmpeg",640,458,640,NA,TRUE,164,114,FALSE,"exact","café-δ",0.84
"rug_outside.both","rug_outside","both","café-δ","ffmpeg scale 640 area","ffmpeg",640,458,640,NA,TRUE,164,111,TRUE,"exact","café-δ",0.02
"rug_outside.none","rug_outside","none",NA,"ffmpeg scale 640 area","ffmpeg",640,458,640,NA,TRUE,164,114,FALSE,"NULL",NA,0.82
"heatmap_raster.dots","heatmap_raster","dots","f47ac10b-58cc-4372-a567-0e02b2c3d479","ffmpeg scale 640 area","ffmpeg",640,458,640,NA,TRUE,144,109,TRUE,"exact","f47ac10b-58cc-4372-a567-0e02b2c3d479",0.22
"heatmap_raster.tiles","heatmap_raster","tiles","K7Q2M9XD","ffmpeg scale 640 area","ffmpeg",640,458,640,NA,TRUE,144,114,FALSE,"NULL",NA,0.59
"heatmap_raster.both","heatmap_raster","both","K7Q2M9XD","ffmpeg scale 640 area","ffmpeg",640,458,640,NA,TRUE,144,111,TRUE,"exact","K7Q2M9XD",0.02
"heatmap_raster.none","heatmap_raster","none",NA,"ffmpeg scale 640 area","ffmpeg",640,458,640,NA,TRUE,144,114,FALSE,"NULL",NA,0.7
"dense_10k.dots","dense_10k","dots","K7Q2M9XD","ffmpeg scale 640 area","ffmpeg",640,458,640,NA,TRUE,165,111,TRUE,"exact","K7Q2M9XD",0.02
"dense_10k.tiles","dense_10k","tiles","ZZ0123456789","ffmpeg scale 640 area","ffmpeg",640,458,640,NA,TRUE,165,114,FALSE,"exact","ZZ0123456789",0.92
"dense_10k.both","dense_10k","both","ZZ0123456789","ffmpeg scale 640 area","ffmpeg",640,458,640,NA,TRUE,165,111,TRUE,"exact","ZZ0123456789",0.01
"dense_10k.none","dense_10k","none",NA,"ffmpeg scale 640 area","ffmpeg",640,458,640,NA,TRUE,165,114,FALSE,"NULL",NA,1.07
"dates_line.dots","dates_line","dots","f47ac10b-58cc-4372-a567-0e02b2c3d479","ffmpeg scale 640 area","ffmpeg",640,360,640,NA,TRUE,184,96,TRUE,"exact","f47ac10b-58cc-4372-a567-0e02b2c3d479",0.25
"dates_line.tiles","dates_line","tiles","RUN-42","ffmpeg scale 640 area","ffmpeg",640,360,640,NA,TRUE,184,101,FALSE,"exact","RUN-42",0.58
"dates_line.both","dates_line","both","RUN-42","ffmpeg scale 640 area","ffmpeg",640,360,640,NA,TRUE,184,98,TRUE,"exact","RUN-42",0.01
"dates_line.none","dates_line","none",NA,"ffmpeg scale 640 area","ffmpeg",640,360,640,NA,TRUE,184,101,FALSE,"NULL",NA,0.41
"theme_dark.dots","theme_dark","dots","RUN-42","ffmpeg scale 640 area","ffmpeg",640,458,640,NA,TRUE,164,111,TRUE,"exact","RUN-42",0.02
"theme_dark.tiles","theme_dark","tiles","RUN-42","ffmpeg scale 640 area","ffmpeg",640,458,640,NA,TRUE,164,114,FALSE,"exact","RUN-42",0.5
"theme_dark.both","theme_dark","both","RUN-42","ffmpeg scale 640 area","ffmpeg",640,458,640,NA,TRUE,164,111,TRUE,"exact","RUN-42",0.02
"theme_dark.none","theme_dark","none",NA,"ffmpeg scale 640 area","ffmpeg",640,458,640,NA,TRUE,164,114,FALSE,"NULL",NA,0.65
"black_bg.dots","black_bg","dots","K7Q2M9XD","ffmpeg scale 640 area","ffmpeg",640,458,640,NA,TRUE,164,111,TRUE,"exact","K7Q2M9XD",0.02
"black_bg.tiles","black_bg","tiles","K7Q2M9XD","ffmpeg scale 640 area","ffmpeg",640,458,640,NA,TRUE,164,114,FALSE,"exact","K7Q2M9XD",0.6
"black_bg.both","black_bg","both","K7Q2M9XD","ffmpeg scale 640 area","ffmpeg",640,458,640,NA,TRUE,164,111,TRUE,"exact","K7Q2M9XD",0.02
"black_bg.none","black_bg","none",NA,"ffmpeg scale 640 area","ffmpeg",640,458,640,NA,TRUE,164,114,FALSE,"NULL",NA,0.58
"theme_void.dots","theme_void","dots","f47ac10b-58cc-4372-a567-0e02b2c3d479","ffmpeg scale 640 area","ffmpeg",640,458,640,NA,TRUE,178,120,TRUE,"exact","f47ac10b-58cc-4372-a567-0e02b2c3d479",0.2
"theme_void.tiles","theme_void","tiles","K7Q2M9XD","ffmpeg scale 640 area","ffmpeg",640,458,640,NA,TRUE,178,127,FALSE,"exact","K7Q2M9XD",0.52
"theme_void.both","theme_void","both","K7Q2M9XD","ffmpeg scale 640 area","ffmpeg",640,458,640,NA,TRUE,178,122,TRUE,"exact","K7Q2M9XD",0.01
"theme_void.none","theme_void","none",NA,"ffmpeg scale 640 area","ffmpeg",640,458,640,NA,TRUE,178,127,FALSE,"NULL",NA,0.47
"tall_3x8.dots","tall_3x8","dots","K7Q2M9XD","ffmpeg scale 640 area","ffmpeg",640,1706,640,NA,TRUE,38,187,TRUE,"exact","K7Q2M9XD",0.07
"tall_3x8.tiles","tall_3x8","tiles","RUN-42","ffmpeg scale 640 area","ffmpeg",640,1706,640,NA,TRUE,38,190,FALSE,"NULL",NA,3.7
"tall_3x8.both","tall_3x8","both","RUN-42","ffmpeg scale 640 area","ffmpeg",640,1706,640,NA,TRUE,38,187,TRUE,"exact","RUN-42",0.05
"tall_3x8.none","tall_3x8","none",NA,"ffmpeg scale 640 area","ffmpeg",640,1706,640,NA,TRUE,38,190,FALSE,"NULL",NA,3.21
"wide_12x3.dots","wide_12x3","dots","f47ac10b-58cc-4372-a567-0e02b2c3d479","ffmpeg scale 640 area","ffmpeg",640,160,640,NA,TRUE,291,58,TRUE,"exact","f47ac10b-58cc-4372-a567-0e02b2c3d479",0.14
"wide_12x3.tiles","wide_12x3","tiles","K7Q2M9XD","ffmpeg scale 640 area","ffmpeg",640,160,640,NA,TRUE,291,63,FALSE,"NULL",NA,0.35
"wide_12x3.both","wide_12x3","both","K7Q2M9XD","ffmpeg scale 640 area","ffmpeg",640,160,640,NA,TRUE,291,60,TRUE,"exact","K7Q2M9XD",0.01
"wide_12x3.none","wide_12x3","none",NA,"ffmpeg scale 640 area","ffmpeg",640,160,640,NA,TRUE,291,63,FALSE,"NULL",NA,0.26
"small_4x3_96dpi.dots","small_4x3_96dpi","dots","K7Q2M9XD","ffmpeg scale 640 area","ffmpeg",640,480,640,NA,TRUE,88,60,TRUE,"exact","K7Q2M9XD",0.02
"small_4x3_96dpi.tiles","small_4x3_96dpi","tiles","RUN-42","ffmpeg scale 640 area","ffmpeg",640,480,640,NA,TRUE,88,63,FALSE,"exact","RUN-42",0.38
"small_4x3_96dpi.both","small_4x3_96dpi","both","RUN-42","ffmpeg scale 640 area","ffmpeg",640,480,640,NA,TRUE,88,60,TRUE,"exact","RUN-42",0.02
"small_4x3_96dpi.none","small_4x3_96dpi","none",NA,"ffmpeg scale 640 area","ffmpeg",640,480,640,NA,TRUE,88,63,FALSE,"NULL",NA,0.58
"huge_14x10_300dpi.dots","huge_14x10_300dpi","dots","f47ac10b-58cc-4372-a567-0e02b2c3d479","ffmpeg scale 640 area","ffmpeg",640,458,640,NA,TRUE,337,236,TRUE,"exact","f47ac10b-58cc-4372-a567-0e02b2c3d479",0.17
"huge_14x10_300dpi.tiles","huge_14x10_300dpi","tiles","K7Q2M9XD","ffmpeg scale 640 area","ffmpeg",640,458,640,NA,TRUE,337,241,FALSE,"exact","K7Q2M9XD",0.66
"huge_14x10_300dpi.both","huge_14x10_300dpi","both","K7Q2M9XD","ffmpeg scale 640 area","ffmpeg",640,458,640,NA,TRUE,337,238,TRUE,"exact","K7Q2M9XD",0.03
"huge_14x10_300dpi.none","huge_14x10_300dpi","none",NA,"ffmpeg scale 640 area","ffmpeg",640,458,640,NA,TRUE,337,241,FALSE,"NULL",NA,0.49
"long_title.dots","long_title","dots","ZZ0123456789ABCD","ffmpeg scale 640 area","ffmpeg",640,458,640,NA,TRUE,164,99,TRUE,"exact","ZZ0123456789ABCD",0.02
"long_title.tiles","long_title","tiles","ZZ0123456789","ffmpeg scale 640 area","ffmpeg",640,458,640,NA,TRUE,164,102,FALSE,"exact","ZZ0123456789",0.63
"long_title.both","long_title","both","ZZ0123456789","ffmpeg scale 640 area","ffmpeg",640,458,640,NA,TRUE,164,99,TRUE,"exact","ZZ0123456789",0.02
"long_title.none","long_title","none",NA,"ffmpeg scale 640 area","ffmpeg",640,458,640,NA,TRUE,164,102,FALSE,"NULL",NA,0.63
"coord_polar.dots","coord_polar","dots","K7Q2M9XD","ffmpeg scale 640 area","ffmpeg",640,640,640,NA,TRUE,108,108,TRUE,"exact","K7Q2M9XD",0.02
"coord_polar.tiles","coord_polar","tiles","RUN-42","ffmpeg scale 640 area","ffmpeg",640,640,640,NA,TRUE,108,108,FALSE,"NULL",NA,0.73
"coord_polar.both","coord_polar","both","RUN-42","ffmpeg scale 640 area","ffmpeg",640,640,640,NA,TRUE,108,108,TRUE,"exact","RUN-42",0.02
"coord_polar.none","coord_polar","none",NA,"ffmpeg scale 640 area","ffmpeg",640,640,640,NA,TRUE,108,108,FALSE,"NULL",NA,0.73
"text_heavy.dots","text_heavy","dots","Zürich-δ✓","ffmpeg scale 640 area","ffmpeg",640,458,640,NA,TRUE,164,94,TRUE,"exact","Zürich-δ✓",0.02
"text_heavy.tiles","text_heavy","tiles","café-δ","ffmpeg scale 640 area","ffmpeg",640,458,640,NA,TRUE,164,97,FALSE,"exact","café-δ",0.72
"text_heavy.both","text_heavy","both","café-δ","ffmpeg scale 640 area","ffmpeg",640,458,640,NA,TRUE,164,94,TRUE,"exact","café-δ",0.02
"text_heavy.none","text_heavy","none",NA,"ffmpeg scale 640 area","ffmpeg",640,458,640,NA,TRUE,164,97,FALSE,"NULL",NA,0.82
"baseline.dots","baseline","dots","K7Q2M9XD","ffmpeg scale 640 bilinear","ffmpeg",640,458,640,NA,TRUE,164,111,TRUE,"exact","K7Q2M9XD",0.02
"baseline.tiles","baseline","tiles","K7Q2M9XD","ffmpeg scale 640 bilinear","ffmpeg",640,458,640,NA,TRUE,164,114,FALSE,"exact","K7Q2M9XD",0.38
"facets_3x4.dots","facets_3x4","dots","K7Q2M9XD","ffmpeg scale 640 bilinear","ffmpeg",640,426,640,NA,TRUE,176,124,TRUE,"exact","K7Q2M9XD",0.02
"facet_wrap_1x2.dots","facet_wrap_1x2","dots","RUN-42","ffmpeg scale 640 bilinear","ffmpeg",640,356,640,NA,TRUE,215,105,TRUE,"exact","RUN-42",0.01
"facet_wrap_1x2.tiles","facet_wrap_1x2","tiles","K7Q2M9XD","ffmpeg scale 640 bilinear","ffmpeg",640,356,640,NA,TRUE,215,108,FALSE,"exact","K7Q2M9XD",0.84
"legend_caption.dots","legend_caption","dots","ZZ0123456789ABCD","ffmpeg scale 640 bilinear","ffmpeg",640,480,640,NA,TRUE,189,85,TRUE,"exact","ZZ0123456789ABCD",0.03
"legend_caption.tiles","legend_caption","tiles","K7Q2M9XD","ffmpeg scale 640 bilinear","ffmpeg",640,480,640,NA,TRUE,189,88,FALSE,"exact","K7Q2M9XD",1.45
"rug_outside.dots","rug_outside","dots","Zürich-δ✓","ffmpeg scale 640 bilinear","ffmpeg",640,458,640,NA,TRUE,164,111,TRUE,"exact","Zürich-δ✓",0.01
"rug_outside.tiles","rug_outside","tiles","café-δ","ffmpeg scale 640 bilinear","ffmpeg",640,458,640,NA,TRUE,164,114,FALSE,"exact","café-δ",0.95
"heatmap_raster.dots","heatmap_raster","dots","f47ac10b-58cc-4372-a567-0e02b2c3d479","ffmpeg scale 640 bilinear","ffmpeg",640,458,640,NA,TRUE,144,109,TRUE,"exact","f47ac10b-58cc-4372-a567-0e02b2c3d479",0.25
"heatmap_raster.tiles","heatmap_raster","tiles","K7Q2M9XD","ffmpeg scale 640 bilinear","ffmpeg",640,458,640,NA,TRUE,144,114,FALSE,"NULL",NA,0.6
"dense_10k.dots","dense_10k","dots","K7Q2M9XD","ffmpeg scale 640 bilinear","ffmpeg",640,458,640,NA,TRUE,165,111,TRUE,"exact","K7Q2M9XD",0.01
"dense_10k.tiles","dense_10k","tiles","ZZ0123456789","ffmpeg scale 640 bilinear","ffmpeg",640,458,640,NA,TRUE,165,114,FALSE,"exact","ZZ0123456789",0.89
"dates_line.dots","dates_line","dots","f47ac10b-58cc-4372-a567-0e02b2c3d479","ffmpeg scale 640 bilinear","ffmpeg",640,360,640,NA,TRUE,184,96,TRUE,"exact","f47ac10b-58cc-4372-a567-0e02b2c3d479",0.22
"dates_line.tiles","dates_line","tiles","RUN-42","ffmpeg scale 640 bilinear","ffmpeg",640,360,640,NA,TRUE,184,101,FALSE,"exact","RUN-42",0.53
"theme_dark.dots","theme_dark","dots","RUN-42","ffmpeg scale 640 bilinear","ffmpeg",640,458,640,NA,TRUE,164,111,TRUE,"exact","RUN-42",0.03
"theme_dark.tiles","theme_dark","tiles","RUN-42","ffmpeg scale 640 bilinear","ffmpeg",640,458,640,NA,TRUE,164,114,FALSE,"exact","RUN-42",0.48
"black_bg.dots","black_bg","dots","K7Q2M9XD","ffmpeg scale 640 bilinear","ffmpeg",640,458,640,NA,TRUE,164,111,TRUE,"exact","K7Q2M9XD",0.02
"black_bg.tiles","black_bg","tiles","K7Q2M9XD","ffmpeg scale 640 bilinear","ffmpeg",640,458,640,NA,TRUE,164,114,FALSE,"exact","K7Q2M9XD",0.58
"theme_void.dots","theme_void","dots","f47ac10b-58cc-4372-a567-0e02b2c3d479","ffmpeg scale 640 bilinear","ffmpeg",640,458,640,NA,TRUE,178,120,TRUE,"exact","f47ac10b-58cc-4372-a567-0e02b2c3d479",0.18
"theme_void.tiles","theme_void","tiles","K7Q2M9XD","ffmpeg scale 640 bilinear","ffmpeg",640,458,640,NA,TRUE,178,127,FALSE,"exact","K7Q2M9XD",0.53
"tall_3x8.dots","tall_3x8","dots","K7Q2M9XD","ffmpeg scale 640 bilinear","ffmpeg",640,1706,640,NA,TRUE,38,187,TRUE,"exact","K7Q2M9XD",0.05
"tall_3x8.tiles","tall_3x8","tiles","RUN-42","ffmpeg scale 640 bilinear","ffmpeg",640,1706,640,NA,TRUE,38,190,FALSE,"NULL",NA,3.72
"wide_12x3.dots","wide_12x3","dots","f47ac10b-58cc-4372-a567-0e02b2c3d479","ffmpeg scale 640 bilinear","ffmpeg",640,160,640,NA,TRUE,291,58,TRUE,"exact","f47ac10b-58cc-4372-a567-0e02b2c3d479",0.2
"wide_12x3.tiles","wide_12x3","tiles","K7Q2M9XD","ffmpeg scale 640 bilinear","ffmpeg",640,160,640,NA,TRUE,291,63,FALSE,"NULL",NA,0.45
"small_4x3_96dpi.dots","small_4x3_96dpi","dots","K7Q2M9XD","ffmpeg scale 640 bilinear","ffmpeg",640,480,640,NA,TRUE,88,60,TRUE,"exact","K7Q2M9XD",0.02
"small_4x3_96dpi.tiles","small_4x3_96dpi","tiles","RUN-42","ffmpeg scale 640 bilinear","ffmpeg",640,480,640,NA,TRUE,88,63,FALSE,"exact","RUN-42",0.43
"huge_14x10_300dpi.dots","huge_14x10_300dpi","dots","f47ac10b-58cc-4372-a567-0e02b2c3d479","ffmpeg scale 640 bilinear","ffmpeg",640,458,640,NA,TRUE,337,236,TRUE,"exact","f47ac10b-58cc-4372-a567-0e02b2c3d479",0.17
"long_title.dots","long_title","dots","ZZ0123456789ABCD","ffmpeg scale 640 bilinear","ffmpeg",640,458,640,NA,TRUE,164,99,TRUE,"exact","ZZ0123456789ABCD",0.01
"long_title.tiles","long_title","tiles","ZZ0123456789","ffmpeg scale 640 bilinear","ffmpeg",640,458,640,NA,TRUE,164,102,FALSE,"exact","ZZ0123456789",0.71
"coord_polar.dots","coord_polar","dots","K7Q2M9XD","ffmpeg scale 640 bilinear","ffmpeg",640,640,640,NA,TRUE,108,108,TRUE,"exact","K7Q2M9XD",0.02
"coord_polar.tiles","coord_polar","tiles","RUN-42","ffmpeg scale 640 bilinear","ffmpeg",640,640,640,NA,TRUE,108,108,FALSE,"NULL",NA,0.84
"text_heavy.dots","text_heavy","dots","Zürich-δ✓","ffmpeg scale 640 bilinear","ffmpeg",640,458,640,NA,TRUE,164,94,TRUE,"exact","Zürich-δ✓",0.02
"text_heavy.tiles","text_heavy","tiles","café-δ","ffmpeg scale 640 bilinear","ffmpeg",640,458,640,NA,TRUE,164,97,FALSE,"exact","café-δ",0.87
"baseline.dots","baseline","dots","K7Q2M9XD","ffmpeg scale 640 neighbor","ffmpeg",640,458,640,NA,TRUE,164,111,TRUE,"exact","K7Q2M9XD",0.02
"baseline.tiles","baseline","tiles","K7Q2M9XD","ffmpeg scale 640 neighbor","ffmpeg",640,458,640,NA,TRUE,164,114,FALSE,"exact","K7Q2M9XD",0.39
"facets_3x4.dots","facets_3x4","dots","K7Q2M9XD","ffmpeg scale 640 neighbor","ffmpeg",640,426,640,NA,TRUE,176,124,TRUE,"exact","K7Q2M9XD",0.02
"facet_wrap_1x2.dots","facet_wrap_1x2","dots","RUN-42","ffmpeg scale 640 neighbor","ffmpeg",640,356,640,NA,TRUE,215,105,TRUE,"exact","RUN-42",0.01
"facet_wrap_1x2.tiles","facet_wrap_1x2","tiles","K7Q2M9XD","ffmpeg scale 640 neighbor","ffmpeg",640,356,640,NA,TRUE,215,108,FALSE,"exact","K7Q2M9XD",0.35
"legend_caption.dots","legend_caption","dots","ZZ0123456789ABCD","ffmpeg scale 640 neighbor","ffmpeg",640,480,640,NA,TRUE,189,85,TRUE,"exact","ZZ0123456789ABCD",0.02
"legend_caption.tiles","legend_caption","tiles","K7Q2M9XD","ffmpeg scale 640 neighbor","ffmpeg",640,480,640,NA,TRUE,189,88,FALSE,"exact","K7Q2M9XD",1.04
"rug_outside.dots","rug_outside","dots","Zürich-δ✓","ffmpeg scale 640 neighbor","ffmpeg",640,458,640,NA,TRUE,164,111,TRUE,"exact","Zürich-δ✓",0.01
"rug_outside.tiles","rug_outside","tiles","café-δ","ffmpeg scale 640 neighbor","ffmpeg",640,458,640,NA,TRUE,164,114,FALSE,"exact","café-δ",0.86
"heatmap_raster.dots","heatmap_raster","dots","f47ac10b-58cc-4372-a567-0e02b2c3d479","ffmpeg scale 640 neighbor","ffmpeg",640,458,640,NA,TRUE,144,109,TRUE,"exact","f47ac10b-58cc-4372-a567-0e02b2c3d479",0.17
"heatmap_raster.tiles","heatmap_raster","tiles","K7Q2M9XD","ffmpeg scale 640 neighbor","ffmpeg",640,458,640,NA,TRUE,144,114,FALSE,"NULL",NA,0.56
"dense_10k.dots","dense_10k","dots","K7Q2M9XD","ffmpeg scale 640 neighbor","ffmpeg",640,458,640,NA,TRUE,165,111,TRUE,"exact","K7Q2M9XD",0.01
"dense_10k.tiles","dense_10k","tiles","ZZ0123456789","ffmpeg scale 640 neighbor","ffmpeg",640,458,640,NA,TRUE,165,114,FALSE,"exact","ZZ0123456789",0.63
"dates_line.dots","dates_line","dots","f47ac10b-58cc-4372-a567-0e02b2c3d479","ffmpeg scale 640 neighbor","ffmpeg",640,360,640,NA,TRUE,184,96,TRUE,"exact","f47ac10b-58cc-4372-a567-0e02b2c3d479",0.2
"dates_line.tiles","dates_line","tiles","RUN-42","ffmpeg scale 640 neighbor","ffmpeg",640,360,640,NA,TRUE,184,101,FALSE,"exact","RUN-42",0.48
"theme_dark.dots","theme_dark","dots","RUN-42","ffmpeg scale 640 neighbor","ffmpeg",640,458,640,NA,TRUE,164,111,TRUE,"exact","RUN-42",0.01
"theme_dark.tiles","theme_dark","tiles","RUN-42","ffmpeg scale 640 neighbor","ffmpeg",640,458,640,NA,TRUE,164,114,FALSE,"exact","RUN-42",0.54
"black_bg.dots","black_bg","dots","K7Q2M9XD","ffmpeg scale 640 neighbor","ffmpeg",640,458,640,NA,TRUE,164,111,TRUE,"exact","K7Q2M9XD",0.01
"black_bg.tiles","black_bg","tiles","K7Q2M9XD","ffmpeg scale 640 neighbor","ffmpeg",640,458,640,NA,TRUE,164,114,FALSE,"exact","K7Q2M9XD",0.57
"theme_void.dots","theme_void","dots","f47ac10b-58cc-4372-a567-0e02b2c3d479","ffmpeg scale 640 neighbor","ffmpeg",640,458,640,NA,TRUE,178,120,TRUE,"exact","f47ac10b-58cc-4372-a567-0e02b2c3d479",0.15
"theme_void.tiles","theme_void","tiles","K7Q2M9XD","ffmpeg scale 640 neighbor","ffmpeg",640,458,640,NA,TRUE,178,127,FALSE,"exact","K7Q2M9XD",0.46
"tall_3x8.dots","tall_3x8","dots","K7Q2M9XD","ffmpeg scale 640 neighbor","ffmpeg",640,1706,640,NA,TRUE,38,187,TRUE,"exact","K7Q2M9XD",0.05
"tall_3x8.tiles","tall_3x8","tiles","RUN-42","ffmpeg scale 640 neighbor","ffmpeg",640,1706,640,NA,TRUE,38,190,FALSE,"NULL",NA,3.99
"wide_12x3.dots","wide_12x3","dots","f47ac10b-58cc-4372-a567-0e02b2c3d479","ffmpeg scale 640 neighbor","ffmpeg",640,160,640,NA,TRUE,291,58,TRUE,"exact","f47ac10b-58cc-4372-a567-0e02b2c3d479",0.05
"wide_12x3.tiles","wide_12x3","tiles","K7Q2M9XD","ffmpeg scale 640 neighbor","ffmpeg",640,160,640,NA,TRUE,291,63,FALSE,"NULL",NA,0.33
"small_4x3_96dpi.dots","small_4x3_96dpi","dots","K7Q2M9XD","ffmpeg scale 640 neighbor","ffmpeg",640,480,640,NA,TRUE,88,60,TRUE,"exact","K7Q2M9XD",0.02
"small_4x3_96dpi.tiles","small_4x3_96dpi","tiles","RUN-42","ffmpeg scale 640 neighbor","ffmpeg",640,480,640,NA,TRUE,88,63,FALSE,"exact","RUN-42",0.39
"huge_14x10_300dpi.dots","huge_14x10_300dpi","dots","f47ac10b-58cc-4372-a567-0e02b2c3d479","ffmpeg scale 640 neighbor","ffmpeg",640,458,640,NA,TRUE,337,236,TRUE,"exact","f47ac10b-58cc-4372-a567-0e02b2c3d479",0.04
"long_title.dots","long_title","dots","ZZ0123456789ABCD","ffmpeg scale 640 neighbor","ffmpeg",640,458,640,NA,TRUE,164,99,TRUE,"exact","ZZ0123456789ABCD",0.01
"long_title.tiles","long_title","tiles","ZZ0123456789","ffmpeg scale 640 neighbor","ffmpeg",640,458,640,NA,TRUE,164,102,FALSE,"exact","ZZ0123456789",0.59
"coord_polar.dots","coord_polar","dots","K7Q2M9XD","ffmpeg scale 640 neighbor","ffmpeg",640,640,640,NA,TRUE,108,108,TRUE,"exact","K7Q2M9XD",0.04
"coord_polar.tiles","coord_polar","tiles","RUN-42","ffmpeg scale 640 neighbor","ffmpeg",640,640,640,NA,TRUE,108,108,FALSE,"NULL",NA,0.86
"text_heavy.dots","text_heavy","dots","Zürich-δ✓","ffmpeg scale 640 neighbor","ffmpeg",640,458,640,NA,TRUE,164,94,TRUE,"exact","Zürich-δ✓",0.02
"text_heavy.tiles","text_heavy","tiles","café-δ","ffmpeg scale 640 neighbor","ffmpeg",640,458,640,NA,TRUE,164,97,FALSE,"exact","café-δ",0.86
"baseline.dots","baseline","dots","K7Q2M9XD","ffmpeg scale 480 neighbor","ffmpeg",480,342,480,NA,TRUE,164,111,TRUE,"exact","K7Q2M9XD",0.01
"baseline.tiles","baseline","tiles","K7Q2M9XD","ffmpeg scale 480 neighbor","ffmpeg",480,342,480,NA,TRUE,164,114,FALSE,"exact","K7Q2M9XD",0.33
"facets_3x4.dots","facets_3x4","dots","K7Q2M9XD","ffmpeg scale 480 neighbor","ffmpeg",480,320,480,NA,TRUE,176,124,TRUE,"exact","K7Q2M9XD",0.01
"facet_wrap_1x2.dots","facet_wrap_1x2","dots","RUN-42","ffmpeg scale 480 neighbor","ffmpeg",480,266,480,NA,TRUE,215,105,TRUE,"exact","RUN-42",0.01
"facet_wrap_1x2.tiles","facet_wrap_1x2","tiles","K7Q2M9XD","ffmpeg scale 480 neighbor","ffmpeg",480,266,480,NA,TRUE,215,108,FALSE,"NULL",NA,0.41
"legend_caption.dots","legend_caption","dots","ZZ0123456789ABCD","ffmpeg scale 480 neighbor","ffmpeg",480,360,480,NA,TRUE,189,85,TRUE,"exact","ZZ0123456789ABCD",0.02
"legend_caption.tiles","legend_caption","tiles","K7Q2M9XD","ffmpeg scale 480 neighbor","ffmpeg",480,360,480,NA,TRUE,189,88,FALSE,"exact","K7Q2M9XD",0.68
"rug_outside.dots","rug_outside","dots","Zürich-δ✓","ffmpeg scale 480 neighbor","ffmpeg",480,342,480,NA,TRUE,164,111,TRUE,"exact","Zürich-δ✓",0.01
"rug_outside.tiles","rug_outside","tiles","café-δ","ffmpeg scale 480 neighbor","ffmpeg",480,342,480,NA,TRUE,164,114,FALSE,"exact","café-δ",0.5
"heatmap_raster.dots","heatmap_raster","dots","f47ac10b-58cc-4372-a567-0e02b2c3d479","ffmpeg scale 480 neighbor","ffmpeg",480,342,480,NA,TRUE,144,109,TRUE,"exact","f47ac10b-58cc-4372-a567-0e02b2c3d479",0.14
"heatmap_raster.tiles","heatmap_raster","tiles","K7Q2M9XD","ffmpeg scale 480 neighbor","ffmpeg",480,342,480,NA,TRUE,144,114,FALSE,"NULL",NA,0.49
"dense_10k.dots","dense_10k","dots","K7Q2M9XD","ffmpeg scale 480 neighbor","ffmpeg",480,342,480,NA,TRUE,165,111,TRUE,"exact","K7Q2M9XD",0.01
"dense_10k.tiles","dense_10k","tiles","ZZ0123456789","ffmpeg scale 480 neighbor","ffmpeg",480,342,480,NA,TRUE,165,114,FALSE,"exact","ZZ0123456789",0.73
"dates_line.dots","dates_line","dots","f47ac10b-58cc-4372-a567-0e02b2c3d479","ffmpeg scale 480 neighbor","ffmpeg",480,270,480,NA,TRUE,184,96,TRUE,"exact","f47ac10b-58cc-4372-a567-0e02b2c3d479",0.14
"dates_line.tiles","dates_line","tiles","RUN-42","ffmpeg scale 480 neighbor","ffmpeg",480,270,480,NA,TRUE,184,101,FALSE,"NULL",NA,0.37
"theme_dark.dots","theme_dark","dots","RUN-42","ffmpeg scale 480 neighbor","ffmpeg",480,342,480,NA,TRUE,164,111,TRUE,"exact","RUN-42",0.02
"theme_dark.tiles","theme_dark","tiles","RUN-42","ffmpeg scale 480 neighbor","ffmpeg",480,342,480,NA,TRUE,164,114,FALSE,"exact","RUN-42",0.36
"black_bg.dots","black_bg","dots","K7Q2M9XD","ffmpeg scale 480 neighbor","ffmpeg",480,342,480,NA,TRUE,164,111,TRUE,"exact","K7Q2M9XD",0.01
"black_bg.tiles","black_bg","tiles","K7Q2M9XD","ffmpeg scale 480 neighbor","ffmpeg",480,342,480,NA,TRUE,164,114,FALSE,"NULL",NA,0.42
"theme_void.dots","theme_void","dots","f47ac10b-58cc-4372-a567-0e02b2c3d479","ffmpeg scale 480 neighbor","ffmpeg",480,342,480,NA,TRUE,178,120,TRUE,"exact","f47ac10b-58cc-4372-a567-0e02b2c3d479",0.14
"theme_void.tiles","theme_void","tiles","K7Q2M9XD","ffmpeg scale 480 neighbor","ffmpeg",480,342,480,NA,TRUE,178,127,FALSE,"exact","K7Q2M9XD",0.31
"tall_3x8.dots","tall_3x8","dots","K7Q2M9XD","ffmpeg scale 480 neighbor","ffmpeg",480,1280,480,NA,TRUE,38,187,TRUE,"exact","K7Q2M9XD",0.03
"tall_3x8.tiles","tall_3x8","tiles","RUN-42","ffmpeg scale 480 neighbor","ffmpeg",480,1280,480,NA,TRUE,38,190,FALSE,"NULL",NA,2.85
"wide_12x3.dots","wide_12x3","dots","f47ac10b-58cc-4372-a567-0e02b2c3d479","ffmpeg scale 480 neighbor","ffmpeg",480,120,480,NA,TRUE,291,58,TRUE,"exact","f47ac10b-58cc-4372-a567-0e02b2c3d479",0.04
"wide_12x3.tiles","wide_12x3","tiles","K7Q2M9XD","ffmpeg scale 480 neighbor","ffmpeg",480,120,480,NA,TRUE,291,63,FALSE,"NULL",NA,0.2
"small_4x3_96dpi.dots","small_4x3_96dpi","dots","K7Q2M9XD","ffmpeg scale 480 neighbor","ffmpeg",480,360,480,NA,TRUE,88,60,TRUE,"exact","K7Q2M9XD",0.02
"small_4x3_96dpi.tiles","small_4x3_96dpi","tiles","RUN-42","ffmpeg scale 480 neighbor","ffmpeg",480,360,480,NA,TRUE,88,63,FALSE,"exact","RUN-42",0.32
"huge_14x10_300dpi.dots","huge_14x10_300dpi","dots","f47ac10b-58cc-4372-a567-0e02b2c3d479","ffmpeg scale 480 neighbor","ffmpeg",480,342,480,NA,TRUE,337,236,TRUE,"exact","f47ac10b-58cc-4372-a567-0e02b2c3d479",0.03
"long_title.dots","long_title","dots","ZZ0123456789ABCD","ffmpeg scale 480 neighbor","ffmpeg",480,342,480,NA,TRUE,164,99,TRUE,"exact","ZZ0123456789ABCD",0.02
"long_title.tiles","long_title","tiles","ZZ0123456789","ffmpeg scale 480 neighbor","ffmpeg",480,342,480,NA,TRUE,164,102,FALSE,"exact","ZZ0123456789",0.56
"coord_polar.dots","coord_polar","dots","K7Q2M9XD","ffmpeg scale 480 neighbor","ffmpeg",480,480,480,NA,TRUE,108,108,TRUE,"exact","K7Q2M9XD",0.02
"coord_polar.tiles","coord_polar","tiles","RUN-42","ffmpeg scale 480 neighbor","ffmpeg",480,480,480,NA,TRUE,108,108,FALSE,"NULL",NA,0.59
"text_heavy.dots","text_heavy","dots","Zürich-δ✓","ffmpeg scale 480 neighbor","ffmpeg",480,342,480,NA,TRUE,164,94,TRUE,"exact","Zürich-δ✓",0.01
"text_heavy.tiles","text_heavy","tiles","café-δ","ffmpeg scale 480 neighbor","ffmpeg",480,342,480,NA,TRUE,164,97,FALSE,"exact","café-δ",0.41
"baseline.dots","baseline","dots","K7Q2M9XD","Slack: fit 1024, JPEG ~q85, re-encoded","ffmpeg",1024,732,1024,85,TRUE,164,111,TRUE,"exact","K7Q2M9XD",0.05
"baseline.tiles","baseline","tiles","K7Q2M9XD","Slack: fit 1024, JPEG ~q85, re-encoded","ffmpeg",1024,732,1024,85,TRUE,164,114,TRUE,"exact","K7Q2M9XD",0.93
"baseline.both","baseline","both","K7Q2M9XD","Slack: fit 1024, JPEG ~q85, re-encoded","ffmpeg",1024,732,1024,85,TRUE,164,111,TRUE,"exact","K7Q2M9XD",0.04
"baseline.none","baseline","none",NA,"Slack: fit 1024, JPEG ~q85, re-encoded","ffmpeg",1024,732,1024,85,TRUE,164,114,FALSE,"NULL",NA,1.19
"facets_3x4.dots","facets_3x4","dots","K7Q2M9XD","Slack: fit 1024, JPEG ~q85, re-encoded","ffmpeg",1024,682,1024,85,TRUE,176,124,TRUE,"exact","K7Q2M9XD",0.04
"facets_3x4.tiles","facets_3x4","tiles","RUN-42","Slack: fit 1024, JPEG ~q85, re-encoded","ffmpeg",1024,682,1024,85,TRUE,176,127,FALSE,"NULL",NA,14.6
"facets_3x4.both","facets_3x4","both","RUN-42","Slack: fit 1024, JPEG ~q85, re-encoded","ffmpeg",1024,682,1024,85,TRUE,176,124,TRUE,"exact","RUN-42",0.07
"facets_3x4.none","facets_3x4","none",NA,"Slack: fit 1024, JPEG ~q85, re-encoded","ffmpeg",1024,682,1024,85,TRUE,176,127,FALSE,"NULL",NA,20.34
"facet_wrap_1x2.dots","facet_wrap_1x2","dots","RUN-42","Slack: fit 1024, JPEG ~q85, re-encoded","ffmpeg",1024,568,1024,85,TRUE,215,105,TRUE,"exact","RUN-42",0.04
"facet_wrap_1x2.tiles","facet_wrap_1x2","tiles","K7Q2M9XD","Slack: fit 1024, JPEG ~q85, re-encoded","ffmpeg",1024,568,1024,85,TRUE,215,108,FALSE,"exact","K7Q2M9XD",1.44
"facet_wrap_1x2.both","facet_wrap_1x2","both","K7Q2M9XD","Slack: fit 1024, JPEG ~q85, re-encoded","ffmpeg",1024,568,1024,85,TRUE,215,105,TRUE,"exact","K7Q2M9XD",0.03
"facet_wrap_1x2.none","facet_wrap_1x2","none",NA,"Slack: fit 1024, JPEG ~q85, re-encoded","ffmpeg",1024,568,1024,85,TRUE,215,108,FALSE,"NULL",NA,2.13
"legend_caption.dots","legend_caption","dots","ZZ0123456789ABCD","Slack: fit 1024, JPEG ~q85, re-encoded","ffmpeg",1024,768,1024,85,TRUE,189,85,TRUE,"exact","ZZ0123456789ABCD",0.05
"legend_caption.tiles","legend_caption","tiles","K7Q2M9XD","Slack: fit 1024, JPEG ~q85, re-encoded","ffmpeg",1024,768,1024,85,TRUE,189,88,TRUE,"exact","K7Q2M9XD",4.27
"legend_caption.both","legend_caption","both","K7Q2M9XD","Slack: fit 1024, JPEG ~q85, re-encoded","ffmpeg",1024,768,1024,85,TRUE,189,85,TRUE,"exact","K7Q2M9XD",0.04
"legend_caption.none","legend_caption","none",NA,"Slack: fit 1024, JPEG ~q85, re-encoded","ffmpeg",1024,768,1024,85,TRUE,189,88,FALSE,"NULL",NA,4.57
"rug_outside.dots","rug_outside","dots","Zürich-δ✓","Slack: fit 1024, JPEG ~q85, re-encoded","ffmpeg",1024,732,1024,85,TRUE,164,111,TRUE,"exact","Zürich-δ✓",0.04
"rug_outside.tiles","rug_outside","tiles","café-δ","Slack: fit 1024, JPEG ~q85, re-encoded","ffmpeg",1024,732,1024,85,TRUE,164,114,TRUE,"exact","café-δ",1.99
"rug_outside.both","rug_outside","both","café-δ","Slack: fit 1024, JPEG ~q85, re-encoded","ffmpeg",1024,732,1024,85,TRUE,164,111,TRUE,"exact","café-δ",0.04
"rug_outside.none","rug_outside","none",NA,"Slack: fit 1024, JPEG ~q85, re-encoded","ffmpeg",1024,732,1024,85,TRUE,164,114,FALSE,"NULL",NA,2.39
"heatmap_raster.dots","heatmap_raster","dots","f47ac10b-58cc-4372-a567-0e02b2c3d479","Slack: fit 1024, JPEG ~q85, re-encoded","ffmpeg",1024,732,1024,85,TRUE,144,109,TRUE,"exact","f47ac10b-58cc-4372-a567-0e02b2c3d479",0.47
"heatmap_raster.tiles","heatmap_raster","tiles","K7Q2M9XD","Slack: fit 1024, JPEG ~q85, re-encoded","ffmpeg",1024,732,1024,85,TRUE,144,114,FALSE,"NULL",NA,1.96
"heatmap_raster.both","heatmap_raster","both","K7Q2M9XD","Slack: fit 1024, JPEG ~q85, re-encoded","ffmpeg",1024,732,1024,85,TRUE,144,111,TRUE,"exact","K7Q2M9XD",0.04
"heatmap_raster.none","heatmap_raster","none",NA,"Slack: fit 1024, JPEG ~q85, re-encoded","ffmpeg",1024,732,1024,85,TRUE,144,114,FALSE,"NULL",NA,1.98
"dense_10k.dots","dense_10k","dots","K7Q2M9XD","Slack: fit 1024, JPEG ~q85, re-encoded","ffmpeg",1024,732,1024,85,TRUE,165,111,TRUE,"exact","K7Q2M9XD",0.07
"dense_10k.tiles","dense_10k","tiles","ZZ0123456789","Slack: fit 1024, JPEG ~q85, re-encoded","ffmpeg",1024,732,1024,85,TRUE,165,114,TRUE,"exact","ZZ0123456789",1.65
"dense_10k.both","dense_10k","both","ZZ0123456789","Slack: fit 1024, JPEG ~q85, re-encoded","ffmpeg",1024,732,1024,85,TRUE,165,111,TRUE,"exact","ZZ0123456789",0.04
"dense_10k.none","dense_10k","none",NA,"Slack: fit 1024, JPEG ~q85, re-encoded","ffmpeg",1024,732,1024,85,TRUE,165,114,FALSE,"NULL",NA,1.9
"dates_line.dots","dates_line","dots","f47ac10b-58cc-4372-a567-0e02b2c3d479","Slack: fit 1024, JPEG ~q85, re-encoded","ffmpeg",1024,576,1024,85,TRUE,184,96,TRUE,"exact","f47ac10b-58cc-4372-a567-0e02b2c3d479",0.31
"dates_line.tiles","dates_line","tiles","RUN-42","Slack: fit 1024, JPEG ~q85, re-encoded","ffmpeg",1024,576,1024,85,TRUE,184,101,TRUE,"exact","RUN-42",1.01
"dates_line.both","dates_line","both","RUN-42","Slack: fit 1024, JPEG ~q85, re-encoded","ffmpeg",1024,576,1024,85,TRUE,184,98,TRUE,"exact","RUN-42",0.04
"dates_line.none","dates_line","none",NA,"Slack: fit 1024, JPEG ~q85, re-encoded","ffmpeg",1024,576,1024,85,TRUE,184,101,FALSE,"NULL",NA,1.48
"theme_dark.dots","theme_dark","dots","RUN-42","Slack: fit 1024, JPEG ~q85, re-encoded","ffmpeg",1024,732,1024,85,TRUE,164,111,TRUE,"exact","RUN-42",0.05
"theme_dark.tiles","theme_dark","tiles","RUN-42","Slack: fit 1024, JPEG ~q85, re-encoded","ffmpeg",1024,732,1024,85,TRUE,164,114,TRUE,"exact","RUN-42",1.34
"theme_dark.both","theme_dark","both","RUN-42","Slack: fit 1024, JPEG ~q85, re-encoded","ffmpeg",1024,732,1024,85,TRUE,164,111,TRUE,"exact","RUN-42",0.05
"theme_dark.none","theme_dark","none",NA,"Slack: fit 1024, JPEG ~q85, re-encoded","ffmpeg",1024,732,1024,85,TRUE,164,114,FALSE,"NULL",NA,1.41
"black_bg.dots","black_bg","dots","K7Q2M9XD","Slack: fit 1024, JPEG ~q85, re-encoded","ffmpeg",1024,732,1024,85,TRUE,164,111,TRUE,"exact","K7Q2M9XD",0.05
"black_bg.tiles","black_bg","tiles","K7Q2M9XD","Slack: fit 1024, JPEG ~q85, re-encoded","ffmpeg",1024,732,1024,85,TRUE,164,114,TRUE,"exact","K7Q2M9XD",1.4
"black_bg.both","black_bg","both","K7Q2M9XD","Slack: fit 1024, JPEG ~q85, re-encoded","ffmpeg",1024,732,1024,85,TRUE,164,111,TRUE,"exact","K7Q2M9XD",0.03
"black_bg.none","black_bg","none",NA,"Slack: fit 1024, JPEG ~q85, re-encoded","ffmpeg",1024,732,1024,85,TRUE,164,114,FALSE,"NULL",NA,1.54
"theme_void.dots","theme_void","dots","f47ac10b-58cc-4372-a567-0e02b2c3d479","Slack: fit 1024, JPEG ~q85, re-encoded","ffmpeg",1024,732,1024,85,TRUE,178,120,TRUE,"exact","f47ac10b-58cc-4372-a567-0e02b2c3d479",0.36
"theme_void.tiles","theme_void","tiles","K7Q2M9XD","Slack: fit 1024, JPEG ~q85, re-encoded","ffmpeg",1024,732,1024,85,TRUE,178,127,TRUE,"exact","K7Q2M9XD",0.96
"theme_void.both","theme_void","both","K7Q2M9XD","Slack: fit 1024, JPEG ~q85, re-encoded","ffmpeg",1024,732,1024,85,TRUE,178,122,TRUE,"exact","K7Q2M9XD",0.04
"theme_void.none","theme_void","none",NA,"Slack: fit 1024, JPEG ~q85, re-encoded","ffmpeg",1024,732,1024,85,TRUE,178,127,FALSE,"NULL",NA,1.03
"tall_3x8.dots","tall_3x8","dots","K7Q2M9XD","Slack: fit 1024, JPEG ~q85, re-encoded","ffmpeg",450,1200,450,85,TRUE,38,187,FALSE,"exact","K7Q2M9XD",0.15
"tall_3x8.tiles","tall_3x8","tiles","RUN-42","Slack: fit 1024, JPEG ~q85, re-encoded","ffmpeg",450,1200,450,85,TRUE,38,190,FALSE,"NULL",NA,3.83
"tall_3x8.both","tall_3x8","both","RUN-42","Slack: fit 1024, JPEG ~q85, re-encoded","ffmpeg",450,1200,450,85,TRUE,38,187,FALSE,"exact","RUN-42",0.02
"tall_3x8.none","tall_3x8","none",NA,"Slack: fit 1024, JPEG ~q85, re-encoded","ffmpeg",450,1200,450,85,TRUE,38,190,FALSE,"NULL",NA,3.84
"wide_12x3.dots","wide_12x3","dots","f47ac10b-58cc-4372-a567-0e02b2c3d479","Slack: fit 1024, JPEG ~q85, re-encoded","ffmpeg",1024,256,1024,85,TRUE,291,58,TRUE,"exact","f47ac10b-58cc-4372-a567-0e02b2c3d479",0.25
"wide_12x3.tiles","wide_12x3","tiles","K7Q2M9XD","Slack: fit 1024, JPEG ~q85, re-encoded","ffmpeg",1024,256,1024,85,TRUE,291,63,FALSE,"NULL",NA,0.63
"wide_12x3.both","wide_12x3","both","K7Q2M9XD","Slack: fit 1024, JPEG ~q85, re-encoded","ffmpeg",1024,256,1024,85,TRUE,291,60,TRUE,"exact","K7Q2M9XD",0.02
"wide_12x3.none","wide_12x3","none",NA,"Slack: fit 1024, JPEG ~q85, re-encoded","ffmpeg",1024,256,1024,85,TRUE,291,63,FALSE,"NULL",NA,0.49
"small_4x3_96dpi.dots","small_4x3_96dpi","dots","K7Q2M9XD","Slack: fit 1024, JPEG ~q85, re-encoded","ffmpeg",384,288,384,85,TRUE,88,60,FALSE,"exact","K7Q2M9XD",0.02
"small_4x3_96dpi.tiles","small_4x3_96dpi","tiles","RUN-42","Slack: fit 1024, JPEG ~q85, re-encoded","ffmpeg",384,288,384,85,TRUE,88,63,FALSE,"NULL",NA,0.35
"small_4x3_96dpi.both","small_4x3_96dpi","both","RUN-42","Slack: fit 1024, JPEG ~q85, re-encoded","ffmpeg",384,288,384,85,TRUE,88,60,FALSE,"exact","RUN-42",0.01
"small_4x3_96dpi.none","small_4x3_96dpi","none",NA,"Slack: fit 1024, JPEG ~q85, re-encoded","ffmpeg",384,288,384,85,TRUE,88,63,FALSE,"NULL",NA,0.26
"huge_14x10_300dpi.dots","huge_14x10_300dpi","dots","f47ac10b-58cc-4372-a567-0e02b2c3d479","Slack: fit 1024, JPEG ~q85, re-encoded","ffmpeg",1024,732,1024,85,TRUE,337,236,TRUE,"exact","f47ac10b-58cc-4372-a567-0e02b2c3d479",0.25
"huge_14x10_300dpi.tiles","huge_14x10_300dpi","tiles","K7Q2M9XD","Slack: fit 1024, JPEG ~q85, re-encoded","ffmpeg",1024,732,1024,85,TRUE,337,241,FALSE,"exact","K7Q2M9XD",1.99
"huge_14x10_300dpi.both","huge_14x10_300dpi","both","K7Q2M9XD","Slack: fit 1024, JPEG ~q85, re-encoded","ffmpeg",1024,732,1024,85,TRUE,337,238,TRUE,"exact","K7Q2M9XD",0.04
"huge_14x10_300dpi.none","huge_14x10_300dpi","none",NA,"Slack: fit 1024, JPEG ~q85, re-encoded","ffmpeg",1024,732,1024,85,TRUE,337,241,FALSE,"NULL",NA,1.7
"long_title.dots","long_title","dots","ZZ0123456789ABCD","Slack: fit 1024, JPEG ~q85, re-encoded","ffmpeg",1024,732,1024,85,TRUE,164,99,TRUE,"exact","ZZ0123456789ABCD",0.03
"long_title.tiles","long_title","tiles","ZZ0123456789","Slack: fit 1024, JPEG ~q85, re-encoded","ffmpeg",1024,732,1024,85,TRUE,164,102,TRUE,"exact","ZZ0123456789",1.68
"long_title.both","long_title","both","ZZ0123456789","Slack: fit 1024, JPEG ~q85, re-encoded","ffmpeg",1024,732,1024,85,TRUE,164,99,TRUE,"exact","ZZ0123456789",0.04
"long_title.none","long_title","none",NA,"Slack: fit 1024, JPEG ~q85, re-encoded","ffmpeg",1024,732,1024,85,TRUE,164,102,FALSE,"NULL",NA,1.64
"coord_polar.dots","coord_polar","dots","K7Q2M9XD","Slack: fit 1024, JPEG ~q85, re-encoded","ffmpeg",900,900,900,85,TRUE,108,108,TRUE,"exact","K7Q2M9XD",0.06
"coord_polar.tiles","coord_polar","tiles","RUN-42","Slack: fit 1024, JPEG ~q85, re-encoded","ffmpeg",900,900,900,85,TRUE,108,108,FALSE,"NULL",NA,1.53
"coord_polar.both","coord_polar","both","RUN-42","Slack: fit 1024, JPEG ~q85, re-encoded","ffmpeg",900,900,900,85,TRUE,108,108,TRUE,"exact","RUN-42",0.04
"coord_polar.none","coord_polar","none",NA,"Slack: fit 1024, JPEG ~q85, re-encoded","ffmpeg",900,900,900,85,TRUE,108,108,FALSE,"NULL",NA,1.3
"text_heavy.dots","text_heavy","dots","Zürich-δ✓","Slack: fit 1024, JPEG ~q85, re-encoded","ffmpeg",1024,732,1024,85,TRUE,164,94,TRUE,"exact","Zürich-δ✓",0.04
"text_heavy.tiles","text_heavy","tiles","café-δ","Slack: fit 1024, JPEG ~q85, re-encoded","ffmpeg",1024,732,1024,85,TRUE,164,97,TRUE,"exact","café-δ",1.71
"text_heavy.both","text_heavy","both","café-δ","Slack: fit 1024, JPEG ~q85, re-encoded","ffmpeg",1024,732,1024,85,TRUE,164,94,TRUE,"exact","café-δ",0.05
"text_heavy.none","text_heavy","none",NA,"Slack: fit 1024, JPEG ~q85, re-encoded","ffmpeg",1024,732,1024,85,TRUE,164,97,FALSE,"NULL",NA,2.75
"baseline.dots","baseline","dots","K7Q2M9XD","Twitter: fit 680, JPEG ~q85, re-encoded","ffmpeg",680,486,680,85,TRUE,164,111,TRUE,"exact","K7Q2M9XD",0.06
"baseline.tiles","baseline","tiles","K7Q2M9XD","Twitter: fit 680, JPEG ~q85, re-encoded","ffmpeg",680,486,680,85,TRUE,164,114,FALSE,"exact","K7Q2M9XD",0.68
"facets_3x4.dots","facets_3x4","dots","K7Q2M9XD","Twitter: fit 680, JPEG ~q85, re-encoded","ffmpeg",680,454,680,85,TRUE,176,124,TRUE,"exact","K7Q2M9XD",0.03
"facet_wrap_1x2.dots","facet_wrap_1x2","dots","RUN-42","Twitter: fit 680, JPEG ~q85, re-encoded","ffmpeg",680,378,680,85,TRUE,215,105,TRUE,"exact","RUN-42",0.02
"facet_wrap_1x2.tiles","facet_wrap_1x2","tiles","K7Q2M9XD","Twitter: fit 680, JPEG ~q85, re-encoded","ffmpeg",680,378,680,85,TRUE,215,108,FALSE,"exact","K7Q2M9XD",0.85
"legend_caption.dots","legend_caption","dots","ZZ0123456789ABCD","Twitter: fit 680, JPEG ~q85, re-encoded","ffmpeg",680,510,680,85,TRUE,189,85,TRUE,"exact","ZZ0123456789ABCD",0.04
"legend_caption.tiles","legend_caption","tiles","K7Q2M9XD","Twitter: fit 680, JPEG ~q85, re-encoded","ffmpeg",680,510,680,85,TRUE,189,88,FALSE,"exact","K7Q2M9XD",2.29
"rug_outside.dots","rug_outside","dots","Zürich-δ✓","Twitter: fit 680, JPEG ~q85, re-encoded","ffmpeg",680,486,680,85,TRUE,164,111,TRUE,"exact","Zürich-δ✓",0.05
"rug_outside.tiles","rug_outside","tiles","café-δ","Twitter: fit 680, JPEG ~q85, re-encoded","ffmpeg",680,486,680,85,TRUE,164,114,FALSE,"exact","café-δ",1.27
"heatmap_raster.dots","heatmap_raster","dots","f47ac10b-58cc-4372-a567-0e02b2c3d479","Twitter: fit 680, JPEG ~q85, re-encoded","ffmpeg",680,486,680,85,TRUE,144,109,TRUE,"exact","f47ac10b-58cc-4372-a567-0e02b2c3d479",0.18
"heatmap_raster.tiles","heatmap_raster","tiles","K7Q2M9XD","Twitter: fit 680, JPEG ~q85, re-encoded","ffmpeg",680,486,680,85,TRUE,144,114,FALSE,"NULL",NA,1.31
"dense_10k.dots","dense_10k","dots","K7Q2M9XD","Twitter: fit 680, JPEG ~q85, re-encoded","ffmpeg",680,486,680,85,TRUE,165,111,TRUE,"exact","K7Q2M9XD",0.04
"dense_10k.tiles","dense_10k","tiles","ZZ0123456789","Twitter: fit 680, JPEG ~q85, re-encoded","ffmpeg",680,486,680,85,TRUE,165,114,FALSE,"exact","ZZ0123456789",1.36
"dates_line.dots","dates_line","dots","f47ac10b-58cc-4372-a567-0e02b2c3d479","Twitter: fit 680, JPEG ~q85, re-encoded","ffmpeg",680,382,680,85,TRUE,184,96,TRUE,"exact","f47ac10b-58cc-4372-a567-0e02b2c3d479",0.19
"dates_line.tiles","dates_line","tiles","RUN-42","Twitter: fit 680, JPEG ~q85, re-encoded","ffmpeg",680,382,680,85,TRUE,184,101,FALSE,"NULL",NA,1.25
"theme_dark.dots","theme_dark","dots","RUN-42","Twitter: fit 680, JPEG ~q85, re-encoded","ffmpeg",680,486,680,85,TRUE,164,111,TRUE,"exact","RUN-42",0.06
"theme_dark.tiles","theme_dark","tiles","RUN-42","Twitter: fit 680, JPEG ~q85, re-encoded","ffmpeg",680,486,680,85,TRUE,164,114,FALSE,"exact","RUN-42",0.94
"black_bg.dots","black_bg","dots","K7Q2M9XD","Twitter: fit 680, JPEG ~q85, re-encoded","ffmpeg",680,486,680,85,TRUE,164,111,TRUE,"exact","K7Q2M9XD",0.05
"black_bg.tiles","black_bg","tiles","K7Q2M9XD","Twitter: fit 680, JPEG ~q85, re-encoded","ffmpeg",680,486,680,85,TRUE,164,114,FALSE,"NULL",NA,0.82
"theme_void.dots","theme_void","dots","f47ac10b-58cc-4372-a567-0e02b2c3d479","Twitter: fit 680, JPEG ~q85, re-encoded","ffmpeg",680,486,680,85,TRUE,178,120,TRUE,"exact","f47ac10b-58cc-4372-a567-0e02b2c3d479",0.23
"theme_void.tiles","theme_void","tiles","K7Q2M9XD","Twitter: fit 680, JPEG ~q85, re-encoded","ffmpeg",680,486,680,85,TRUE,178,127,FALSE,"exact","K7Q2M9XD",0.57
"tall_3x8.dots","tall_3x8","dots","K7Q2M9XD","Twitter: fit 680, JPEG ~q85, re-encoded","ffmpeg",680,1814,680,85,TRUE,38,187,TRUE,"exact","K7Q2M9XD",0.06
"tall_3x8.tiles","tall_3x8","tiles","RUN-42","Twitter: fit 680, JPEG ~q85, re-encoded","ffmpeg",680,1814,680,85,TRUE,38,190,FALSE,"NULL",NA,4.38
"wide_12x3.dots","wide_12x3","dots","f47ac10b-58cc-4372-a567-0e02b2c3d479","Twitter: fit 680, JPEG ~q85, re-encoded","ffmpeg",680,170,680,85,TRUE,291,58,TRUE,"exact","f47ac10b-58cc-4372-a567-0e02b2c3d479",0.16
"wide_12x3.tiles","wide_12x3","tiles","K7Q2M9XD","Twitter: fit 680, JPEG ~q85, re-encoded","ffmpeg",680,170,680,85,TRUE,291,63,FALSE,"NULL",NA,0.35
"small_4x3_96dpi.dots","small_4x3_96dpi","dots","K7Q2M9XD","Twitter: fit 680, JPEG ~q85, re-encoded","ffmpeg",680,510,680,85,TRUE,88,60,TRUE,"exact","K7Q2M9XD",0.02
"small_4x3_96dpi.tiles","small_4x3_96dpi","tiles","RUN-42","Twitter: fit 680, JPEG ~q85, re-encoded","ffmpeg",680,510,680,85,TRUE,88,63,FALSE,"exact","RUN-42",0.47
"huge_14x10_300dpi.dots","huge_14x10_300dpi","dots","f47ac10b-58cc-4372-a567-0e02b2c3d479","Twitter: fit 680, JPEG ~q85, re-encoded","ffmpeg",680,486,680,85,TRUE,337,236,TRUE,"exact","f47ac10b-58cc-4372-a567-0e02b2c3d479",0.22
"long_title.dots","long_title","dots","ZZ0123456789ABCD","Twitter: fit 680, JPEG ~q85, re-encoded","ffmpeg",680,486,680,85,TRUE,164,99,TRUE,"exact","ZZ0123456789ABCD",0.18
"long_title.tiles","long_title","tiles","ZZ0123456789","Twitter: fit 680, JPEG ~q85, re-encoded","ffmpeg",680,486,680,85,TRUE,164,102,FALSE,"exact","ZZ0123456789",1.03
"coord_polar.dots","coord_polar","dots","K7Q2M9XD","Twitter: fit 680, JPEG ~q85, re-encoded","ffmpeg",680,680,680,85,TRUE,108,108,TRUE,"exact","K7Q2M9XD",0.04
"coord_polar.tiles","coord_polar","tiles","RUN-42","Twitter: fit 680, JPEG ~q85, re-encoded","ffmpeg",680,680,680,85,TRUE,108,108,FALSE,"NULL",NA,1.01
"text_heavy.dots","text_heavy","dots","Zürich-δ✓","Twitter: fit 680, JPEG ~q85, re-encoded","ffmpeg",680,486,680,85,TRUE,164,94,TRUE,"exact","Zürich-δ✓",0.06
"text_heavy.tiles","text_heavy","tiles","café-δ","Twitter: fit 680, JPEG ~q85, re-encoded","ffmpeg",680,486,680,85,TRUE,164,97,FALSE,"exact","café-δ",0.95
"baseline.dots","baseline","dots","K7Q2M9XD","Chat thumbnail: fit 360, JPEG ~q75","ffmpeg",360,258,360,75,TRUE,164,111,FALSE,"exact","K7Q2M9XD",0.26
"baseline.tiles","baseline","tiles","K7Q2M9XD","Chat thumbnail: fit 360, JPEG ~q75","ffmpeg",360,258,360,75,TRUE,164,114,FALSE,"NULL",NA,0.36
"facets_3x4.dots","facets_3x4","dots","K7Q2M9XD","Chat thumbnail: fit 360, JPEG ~q75","ffmpeg",360,240,360,75,TRUE,176,124,FALSE,"NULL",NA,0.53
"facet_wrap_1x2.dots","facet_wrap_1x2","dots","RUN-42","Chat thumbnail: fit 360, JPEG ~q75","ffmpeg",360,200,360,75,TRUE,215,105,FALSE,"NULL",NA,0.54
"facet_wrap_1x2.tiles","facet_wrap_1x2","tiles","K7Q2M9XD","Chat thumbnail: fit 360, JPEG ~q75","ffmpeg",360,200,360,75,TRUE,215,108,FALSE,"NULL",NA,0.54
"legend_caption.dots","legend_caption","dots","ZZ0123456789ABCD","Chat thumbnail: fit 360, JPEG ~q75","ffmpeg",360,270,360,75,TRUE,189,85,FALSE,"NULL",NA,0.69
"legend_caption.tiles","legend_caption","tiles","K7Q2M9XD","Chat thumbnail: fit 360, JPEG ~q75","ffmpeg",360,270,360,75,TRUE,189,88,FALSE,"NULL",NA,0.8
"rug_outside.dots","rug_outside","dots","Zürich-δ✓","Chat thumbnail: fit 360, JPEG ~q75","ffmpeg",360,258,360,75,TRUE,164,111,FALSE,"NULL",NA,0.55
"rug_outside.tiles","rug_outside","tiles","café-δ","Chat thumbnail: fit 360, JPEG ~q75","ffmpeg",360,258,360,75,TRUE,164,114,FALSE,"NULL",NA,0.66
"heatmap_raster.dots","heatmap_raster","dots","f47ac10b-58cc-4372-a567-0e02b2c3d479","Chat thumbnail: fit 360, JPEG ~q75","ffmpeg",360,258,360,75,TRUE,144,109,FALSE,"NULL",NA,0.59
"heatmap_raster.tiles","heatmap_raster","tiles","K7Q2M9XD","Chat thumbnail: fit 360, JPEG ~q75","ffmpeg",360,258,360,75,TRUE,144,114,FALSE,"NULL",NA,0.34
"dense_10k.dots","dense_10k","dots","K7Q2M9XD","Chat thumbnail: fit 360, JPEG ~q75","ffmpeg",360,258,360,75,TRUE,165,111,FALSE,"exact","K7Q2M9XD",0.64
"dense_10k.tiles","dense_10k","tiles","ZZ0123456789","Chat thumbnail: fit 360, JPEG ~q75","ffmpeg",360,258,360,75,TRUE,165,114,FALSE,"NULL",NA,0.8
"dates_line.dots","dates_line","dots","f47ac10b-58cc-4372-a567-0e02b2c3d479","Chat thumbnail: fit 360, JPEG ~q75","ffmpeg",360,202,360,75,TRUE,184,96,FALSE,"NULL",NA,0.78
"dates_line.tiles","dates_line","tiles","RUN-42","Chat thumbnail: fit 360, JPEG ~q75","ffmpeg",360,202,360,75,TRUE,184,101,FALSE,"NULL",NA,0.39
"theme_dark.dots","theme_dark","dots","RUN-42","Chat thumbnail: fit 360, JPEG ~q75","ffmpeg",360,258,360,75,TRUE,164,111,FALSE,"NULL",NA,0.56
"theme_dark.tiles","theme_dark","tiles","RUN-42","Chat thumbnail: fit 360, JPEG ~q75","ffmpeg",360,258,360,75,TRUE,164,114,FALSE,"NULL",NA,0.45
"black_bg.dots","black_bg","dots","K7Q2M9XD","Chat thumbnail: fit 360, JPEG ~q75","ffmpeg",360,258,360,75,TRUE,164,111,FALSE,"exact","K7Q2M9XD",0.42
"black_bg.tiles","black_bg","tiles","K7Q2M9XD","Chat thumbnail: fit 360, JPEG ~q75","ffmpeg",360,258,360,75,TRUE,164,114,FALSE,"NULL",NA,0.34
"theme_void.dots","theme_void","dots","f47ac10b-58cc-4372-a567-0e02b2c3d479","Chat thumbnail: fit 360, JPEG ~q75","ffmpeg",360,258,360,75,TRUE,178,120,FALSE,"NULL",NA,0.52
"theme_void.tiles","theme_void","tiles","K7Q2M9XD","Chat thumbnail: fit 360, JPEG ~q75","ffmpeg",360,258,360,75,TRUE,178,127,FALSE,"NULL",NA,0.3
"tall_3x8.dots","tall_3x8","dots","K7Q2M9XD","Chat thumbnail: fit 360, JPEG ~q75","ffmpeg",360,960,360,75,TRUE,38,187,FALSE,"exact","K7Q2M9XD",2.19
"tall_3x8.tiles","tall_3x8","tiles","RUN-42","Chat thumbnail: fit 360, JPEG ~q75","ffmpeg",360,960,360,75,TRUE,38,190,FALSE,"NULL",NA,2.7
"wide_12x3.dots","wide_12x3","dots","f47ac10b-58cc-4372-a567-0e02b2c3d479","Chat thumbnail: fit 360, JPEG ~q75","ffmpeg",360,90,360,75,TRUE,291,58,FALSE,"NULL",NA,0.3
"wide_12x3.tiles","wide_12x3","tiles","K7Q2M9XD","Chat thumbnail: fit 360, JPEG ~q75","ffmpeg",360,90,360,75,TRUE,291,63,FALSE,"NULL",NA,0.21
"small_4x3_96dpi.dots","small_4x3_96dpi","dots","K7Q2M9XD","Chat thumbnail: fit 360, JPEG ~q75","ffmpeg",360,270,360,75,TRUE,88,60,FALSE,"exact","K7Q2M9XD",0.32
"small_4x3_96dpi.tiles","small_4x3_96dpi","tiles","RUN-42","Chat thumbnail: fit 360, JPEG ~q75","ffmpeg",360,270,360,75,TRUE,88,63,FALSE,"NULL",NA,0.45
"huge_14x10_300dpi.dots","huge_14x10_300dpi","dots","f47ac10b-58cc-4372-a567-0e02b2c3d479","Chat thumbnail: fit 360, JPEG ~q75","ffmpeg",360,258,360,75,TRUE,337,236,FALSE,"NULL",NA,0.43
"long_title.dots","long_title","dots","ZZ0123456789ABCD","Chat thumbnail: fit 360, JPEG ~q75","ffmpeg",360,258,360,75,TRUE,164,99,FALSE,"NULL",NA,0.64
"long_title.tiles","long_title","tiles","ZZ0123456789","Chat thumbnail: fit 360, JPEG ~q75","ffmpeg",360,258,360,75,TRUE,164,102,FALSE,"NULL",NA,0.62
"coord_polar.dots","coord_polar","dots","K7Q2M9XD","Chat thumbnail: fit 360, JPEG ~q75","ffmpeg",360,360,360,75,TRUE,108,108,FALSE,"exact","K7Q2M9XD",0.34
"coord_polar.tiles","coord_polar","tiles","RUN-42","Chat thumbnail: fit 360, JPEG ~q75","ffmpeg",360,360,360,75,TRUE,108,108,FALSE,"NULL",NA,0.6
"text_heavy.dots","text_heavy","dots","Zürich-δ✓","Chat thumbnail: fit 360, JPEG ~q75","ffmpeg",360,258,360,75,TRUE,164,94,FALSE,"NULL",NA,0.7
"text_heavy.tiles","text_heavy","tiles","café-δ","Chat thumbnail: fit 360, JPEG ~q75","ffmpeg",360,258,360,75,TRUE,164,97,FALSE,"NULL",NA,0.63
"baseline.dots","baseline","dots","K7Q2M9XD","WebP q75 (cwebp)","WebP",1050,750,1050,75,TRUE,164,111,TRUE,"exact","K7Q2M9XD",0.06
"baseline.tiles","baseline","tiles","K7Q2M9XD","WebP q75 (cwebp)","WebP",1050,750,1050,75,TRUE,164,114,TRUE,"exact","K7Q2M9XD",1.27
"baseline.both","baseline","both","K7Q2M9XD","WebP q75 (cwebp)","WebP",1050,750,1050,75,TRUE,164,111,TRUE,"exact","K7Q2M9XD",0.05
"baseline.none","baseline","none",NA,"WebP q75 (cwebp)","WebP",1050,750,1050,75,TRUE,164,114,FALSE,"NULL",NA,1.88
"facets_3x4.dots","facets_3x4","dots","K7Q2M9XD","WebP q75 (cwebp)","WebP",1350,900,1350,75,TRUE,176,124,TRUE,"exact","K7Q2M9XD",0.05
"facets_3x4.tiles","facets_3x4","tiles","RUN-42","WebP q75 (cwebp)","WebP",1350,900,1350,75,TRUE,176,127,TRUE,"NULL",NA,36.25
"facets_3x4.both","facets_3x4","both","RUN-42","WebP q75 (cwebp)","WebP",1350,900,1350,75,TRUE,176,124,TRUE,"exact","RUN-42",0.05
"facets_3x4.none","facets_3x4","none",NA,"WebP q75 (cwebp)","WebP",1350,900,1350,75,TRUE,176,127,FALSE,"NULL",NA,48.45
"facet_wrap_1x2.dots","facet_wrap_1x2","dots","RUN-42","WebP q75 (cwebp)","WebP",1350,750,1350,75,TRUE,215,105,TRUE,"exact","RUN-42",0.05
"facet_wrap_1x2.tiles","facet_wrap_1x2","tiles","K7Q2M9XD","WebP q75 (cwebp)","WebP",1350,750,1350,75,TRUE,215,108,TRUE,"exact","K7Q2M9XD",1.57
"facet_wrap_1x2.both","facet_wrap_1x2","both","K7Q2M9XD","WebP q75 (cwebp)","WebP",1350,750,1350,75,TRUE,215,105,TRUE,"exact","K7Q2M9XD",0.16
"facet_wrap_1x2.none","facet_wrap_1x2","none",NA,"WebP q75 (cwebp)","WebP",1350,750,1350,75,TRUE,215,108,FALSE,"NULL",NA,2.6
"legend_caption.dots","legend_caption","dots","ZZ0123456789ABCD","WebP q75 (cwebp)","WebP",1200,900,1200,75,TRUE,189,85,TRUE,"exact","ZZ0123456789ABCD",0.16
"legend_caption.tiles","legend_caption","tiles","K7Q2M9XD","WebP q75 (cwebp)","WebP",1200,900,1200,75,TRUE,189,88,TRUE,"exact","K7Q2M9XD",7.31
"legend_caption.both","legend_caption","both","K7Q2M9XD","WebP q75 (cwebp)","WebP",1200,900,1200,75,TRUE,189,85,TRUE,"exact","K7Q2M9XD",0.05
"legend_caption.none","legend_caption","none",NA,"WebP q75 (cwebp)","WebP",1200,900,1200,75,TRUE,189,88,FALSE,"NULL",NA,8.8
"rug_outside.dots","rug_outside","dots","Zürich-δ✓","WebP q75 (cwebp)","WebP",1050,750,1050,75,TRUE,164,111,TRUE,"exact","Zürich-δ✓",0.03
"rug_outside.tiles","rug_outside","tiles","café-δ","WebP q75 (cwebp)","WebP",1050,750,1050,75,TRUE,164,114,TRUE,"exact","café-δ",2.18
"rug_outside.both","rug_outside","both","café-δ","WebP q75 (cwebp)","WebP",1050,750,1050,75,TRUE,164,111,TRUE,"exact","café-δ",0.03
"rug_outside.none","rug_outside","none",NA,"WebP q75 (cwebp)","WebP",1050,750,1050,75,TRUE,164,114,FALSE,"NULL",NA,2.74
"heatmap_raster.dots","heatmap_raster","dots","f47ac10b-58cc-4372-a567-0e02b2c3d479","WebP q75 (cwebp)","WebP",1050,750,1050,75,TRUE,144,109,TRUE,"exact","f47ac10b-58cc-4372-a567-0e02b2c3d479",0.34
"heatmap_raster.tiles","heatmap_raster","tiles","K7Q2M9XD","WebP q75 (cwebp)","WebP",1050,750,1050,75,TRUE,144,114,FALSE,"NULL",NA,2.24
"heatmap_raster.both","heatmap_raster","both","K7Q2M9XD","WebP q75 (cwebp)","WebP",1050,750,1050,75,TRUE,144,111,TRUE,"exact","K7Q2M9XD",0.04
"heatmap_raster.none","heatmap_raster","none",NA,"WebP q75 (cwebp)","WebP",1050,750,1050,75,TRUE,144,114,FALSE,"NULL",NA,2.1
"dense_10k.dots","dense_10k","dots","K7Q2M9XD","WebP q75 (cwebp)","WebP",1400,1000,1400,75,TRUE,165,111,TRUE,"exact","K7Q2M9XD",0.12
"dense_10k.tiles","dense_10k","tiles","ZZ0123456789","WebP q75 (cwebp)","WebP",1400,1000,1400,75,TRUE,165,114,TRUE,"exact","ZZ0123456789",4.14
"dense_10k.both","dense_10k","both","ZZ0123456789","WebP q75 (cwebp)","WebP",1400,1000,1400,75,TRUE,165,111,TRUE,"exact","ZZ0123456789",0.07
"dense_10k.none","dense_10k","none",NA,"WebP q75 (cwebp)","WebP",1400,1000,1400,75,TRUE,165,114,FALSE,"NULL",NA,5.44
"dates_line.dots","dates_line","dots","f47ac10b-58cc-4372-a567-0e02b2c3d479","WebP q75 (cwebp)","WebP",1200,675,1200,75,TRUE,184,96,TRUE,"exact","f47ac10b-58cc-4372-a567-0e02b2c3d479",0.43
"dates_line.tiles","dates_line","tiles","RUN-42","WebP q75 (cwebp)","WebP",1200,675,1200,75,TRUE,184,101,TRUE,"exact","RUN-42",3.51
"dates_line.both","dates_line","both","RUN-42","WebP q75 (cwebp)","WebP",1200,675,1200,75,TRUE,184,98,TRUE,"exact","RUN-42",0.04
"dates_line.none","dates_line","none",NA,"WebP q75 (cwebp)","WebP",1200,675,1200,75,TRUE,184,101,FALSE,"NULL",NA,4.16
"theme_dark.dots","theme_dark","dots","RUN-42","WebP q75 (cwebp)","WebP",1050,750,1050,75,TRUE,164,111,TRUE,"exact","RUN-42",0.13
"theme_dark.tiles","theme_dark","tiles","RUN-42","WebP q75 (cwebp)","WebP",1050,750,1050,75,TRUE,164,114,TRUE,"NULL",NA,2.41
"theme_dark.both","theme_dark","both","RUN-42","WebP q75 (cwebp)","WebP",1050,750,1050,75,TRUE,164,111,TRUE,"exact","RUN-42",0.07
"theme_dark.none","theme_dark","none",NA,"WebP q75 (cwebp)","WebP",1050,750,1050,75,TRUE,164,114,FALSE,"NULL",NA,1.48
"black_bg.dots","black_bg","dots","K7Q2M9XD","WebP q75 (cwebp)","WebP",1050,750,1050,75,TRUE,164,111,TRUE,"exact","K7Q2M9XD",0.07
"black_bg.tiles","black_bg","tiles","K7Q2M9XD","WebP q75 (cwebp)","WebP",1050,750,1050,75,TRUE,164,114,TRUE,"NULL",NA,1.83
"black_bg.both","black_bg","both","K7Q2M9XD","WebP q75 (cwebp)","WebP",1050,750,1050,75,TRUE,164,111,TRUE,"exact","K7Q2M9XD",0.05
"black_bg.none","black_bg","none",NA,"WebP q75 (cwebp)","WebP",1050,750,1050,75,TRUE,164,114,FALSE,"NULL",NA,1.02
"theme_void.dots","theme_void","dots","f47ac10b-58cc-4372-a567-0e02b2c3d479","WebP q75 (cwebp)","WebP",1050,750,1050,75,TRUE,178,120,TRUE,"exact","f47ac10b-58cc-4372-a567-0e02b2c3d479",0.37
"theme_void.tiles","theme_void","tiles","K7Q2M9XD","WebP q75 (cwebp)","WebP",1050,750,1050,75,TRUE,178,127,TRUE,"exact","K7Q2M9XD",1
"theme_void.both","theme_void","both","K7Q2M9XD","WebP q75 (cwebp)","WebP",1050,750,1050,75,TRUE,178,122,TRUE,"exact","K7Q2M9XD",0.04
"theme_void.none","theme_void","none",NA,"WebP q75 (cwebp)","WebP",1050,750,1050,75,TRUE,178,127,FALSE,"NULL",NA,0.79
"tall_3x8.dots","tall_3x8","dots","K7Q2M9XD","WebP q75 (cwebp)","WebP",450,1200,450,75,TRUE,38,187,FALSE,"exact","K7Q2M9XD",0.04
"tall_3x8.tiles","tall_3x8","tiles","RUN-42","WebP q75 (cwebp)","WebP",450,1200,450,75,TRUE,38,190,FALSE,"NULL",NA,2.72
"tall_3x8.both","tall_3x8","both","RUN-42","WebP q75 (cwebp)","WebP",450,1200,450,75,TRUE,38,187,FALSE,"exact","RUN-42",0.05
"tall_3x8.none","tall_3x8","none",NA,"WebP q75 (cwebp)","WebP",450,1200,450,75,TRUE,38,190,FALSE,"NULL",NA,2.63
"wide_12x3.dots","wide_12x3","dots","f47ac10b-58cc-4372-a567-0e02b2c3d479","WebP q75 (cwebp)","WebP",1800,450,1800,75,TRUE,291,58,TRUE,"exact","f47ac10b-58cc-4372-a567-0e02b2c3d479",0.53
"wide_12x3.tiles","wide_12x3","tiles","K7Q2M9XD","WebP q75 (cwebp)","WebP",1800,450,1800,75,TRUE,291,63,FALSE,"NULL",NA,1.36
"wide_12x3.both","wide_12x3","both","K7Q2M9XD","WebP q75 (cwebp)","WebP",1800,450,1800,75,TRUE,291,60,TRUE,"exact","K7Q2M9XD",0.05
"wide_12x3.none","wide_12x3","none",NA,"WebP q75 (cwebp)","WebP",1800,450,1800,75,TRUE,291,63,FALSE,"NULL",NA,0.99
"small_4x3_96dpi.dots","small_4x3_96dpi","dots","K7Q2M9XD","WebP q75 (cwebp)","WebP",384,288,384,75,TRUE,88,60,FALSE,"exact","K7Q2M9XD",0.01
"small_4x3_96dpi.tiles","small_4x3_96dpi","tiles","RUN-42","WebP q75 (cwebp)","WebP",384,288,384,75,TRUE,88,63,FALSE,"NULL",NA,0.29
"small_4x3_96dpi.both","small_4x3_96dpi","both","RUN-42","WebP q75 (cwebp)","WebP",384,288,384,75,TRUE,88,60,FALSE,"exact","RUN-42",0.01
"small_4x3_96dpi.none","small_4x3_96dpi","none",NA,"WebP q75 (cwebp)","WebP",384,288,384,75,TRUE,88,63,FALSE,"NULL",NA,0.28
"huge_14x10_300dpi.dots","huge_14x10_300dpi","dots","f47ac10b-58cc-4372-a567-0e02b2c3d479","WebP q75 (cwebp)","WebP",4200,3000,4200,75,TRUE,337,236,TRUE,"exact","f47ac10b-58cc-4372-a567-0e02b2c3d479",8.32
"huge_14x10_300dpi.tiles","huge_14x10_300dpi","tiles","K7Q2M9XD","WebP q75 (cwebp)","WebP",4200,3000,4200,75,TRUE,337,241,TRUE,"exact","K7Q2M9XD",36.29
"huge_14x10_300dpi.both","huge_14x10_300dpi","both","K7Q2M9XD","WebP q75 (cwebp)","WebP",4200,3000,4200,75,TRUE,337,238,TRUE,"exact","K7Q2M9XD",6.03
"huge_14x10_300dpi.none","huge_14x10_300dpi","none",NA,"WebP q75 (cwebp)","WebP",4200,3000,4200,75,TRUE,337,241,FALSE,"NULL",NA,25.91
"long_title.dots","long_title","dots","ZZ0123456789ABCD","WebP q75 (cwebp)","WebP",1050,750,1050,75,TRUE,164,99,TRUE,"exact","ZZ0123456789ABCD",0.03
"long_title.tiles","long_title","tiles","ZZ0123456789","WebP q75 (cwebp)","WebP",1050,750,1050,75,TRUE,164,102,TRUE,"exact","ZZ0123456789",5.2
"long_title.both","long_title","both","ZZ0123456789","WebP q75 (cwebp)","WebP",1050,750,1050,75,TRUE,164,99,TRUE,"exact","ZZ0123456789",0.05
"long_title.none","long_title","none",NA,"WebP q75 (cwebp)","WebP",1050,750,1050,75,TRUE,164,102,FALSE,"NULL",NA,5.11
"coord_polar.dots","coord_polar","dots","K7Q2M9XD","WebP q75 (cwebp)","WebP",900,900,900,75,TRUE,108,108,TRUE,"exact","K7Q2M9XD",0.11
"coord_polar.tiles","coord_polar","tiles","RUN-42","WebP q75 (cwebp)","WebP",900,900,900,75,TRUE,108,108,FALSE,"NULL",NA,5.14
"coord_polar.both","coord_polar","both","RUN-42","WebP q75 (cwebp)","WebP",900,900,900,75,TRUE,108,108,TRUE,"exact","RUN-42",0.07
"coord_polar.none","coord_polar","none",NA,"WebP q75 (cwebp)","WebP",900,900,900,75,TRUE,108,108,FALSE,"NULL",NA,3.59
"text_heavy.dots","text_heavy","dots","Zürich-δ✓","WebP q75 (cwebp)","WebP",1050,750,1050,75,TRUE,164,94,TRUE,"exact","Zürich-δ✓",0.11
"text_heavy.tiles","text_heavy","tiles","café-δ","WebP q75 (cwebp)","WebP",1050,750,1050,75,TRUE,164,97,TRUE,"exact","café-δ",4.35
"text_heavy.both","text_heavy","both","café-δ","WebP q75 (cwebp)","WebP",1050,750,1050,75,TRUE,164,94,TRUE,"exact","café-δ",0.05
"text_heavy.none","text_heavy","none",NA,"WebP q75 (cwebp)","WebP",1050,750,1050,75,TRUE,164,97,FALSE,"NULL",NA,10.63
"baseline.dots","baseline","dots","K7Q2M9XD","WebP q50 (cwebp)","WebP",1050,750,1050,50,TRUE,164,111,TRUE,"exact","K7Q2M9XD",0.07
"baseline.tiles","baseline","tiles","K7Q2M9XD","WebP q50 (cwebp)","WebP",1050,750,1050,50,TRUE,164,114,FALSE,"exact","K7Q2M9XD",3.44
"facets_3x4.dots","facets_3x4","dots","K7Q2M9XD","WebP q50 (cwebp)","WebP",1350,900,1350,50,TRUE,176,124,TRUE,"exact","K7Q2M9XD",0.1
"facet_wrap_1x2.dots","facet_wrap_1x2","dots","RUN-42","WebP q50 (cwebp)","WebP",1350,750,1350,50,TRUE,215,105,TRUE,"exact","RUN-42",0.07
"facet_wrap_1x2.tiles","facet_wrap_1x2","tiles","K7Q2M9XD","WebP q50 (cwebp)","WebP",1350,750,1350,50,TRUE,215,108,FALSE,"exact","K7Q2M9XD",7.33
"legend_caption.dots","legend_caption","dots","ZZ0123456789ABCD","WebP q50 (cwebp)","WebP",1200,900,1200,50,TRUE,189,85,TRUE,"exact","ZZ0123456789ABCD",0.09
"legend_caption.tiles","legend_caption","tiles","K7Q2M9XD","WebP q50 (cwebp)","WebP",1200,900,1200,50,TRUE,189,88,FALSE,"exact","K7Q2M9XD",15.43
"rug_outside.dots","rug_outside","dots","Zürich-δ✓","WebP q50 (cwebp)","WebP",1050,750,1050,50,TRUE,164,111,TRUE,"exact","Zürich-δ✓",0.18
"rug_outside.tiles","rug_outside","tiles","café-δ","WebP q50 (cwebp)","WebP",1050,750,1050,50,TRUE,164,114,FALSE,"exact","café-δ",8.05
"heatmap_raster.dots","heatmap_raster","dots","f47ac10b-58cc-4372-a567-0e02b2c3d479","WebP q50 (cwebp)","WebP",1050,750,1050,50,TRUE,144,109,TRUE,"exact","f47ac10b-58cc-4372-a567-0e02b2c3d479",1.56
"heatmap_raster.tiles","heatmap_raster","tiles","K7Q2M9XD","WebP q50 (cwebp)","WebP",1050,750,1050,50,TRUE,144,114,FALSE,"NULL",NA,3.32
"dense_10k.dots","dense_10k","dots","K7Q2M9XD","WebP q50 (cwebp)","WebP",1400,1000,1400,50,TRUE,165,111,TRUE,"exact","K7Q2M9XD",0.26
"dense_10k.tiles","dense_10k","tiles","ZZ0123456789","WebP q50 (cwebp)","WebP",1400,1000,1400,50,TRUE,165,114,FALSE,"exact","ZZ0123456789",4.18
"dates_line.dots","dates_line","dots","f47ac10b-58cc-4372-a567-0e02b2c3d479","WebP q50 (cwebp)","WebP",1200,675,1200,50,TRUE,184,96,TRUE,"exact","f47ac10b-58cc-4372-a567-0e02b2c3d479",0.48
"dates_line.tiles","dates_line","tiles","RUN-42","WebP q50 (cwebp)","WebP",1200,675,1200,50,TRUE,184,101,FALSE,"NULL",NA,4.14
"theme_dark.dots","theme_dark","dots","RUN-42","WebP q50 (cwebp)","WebP",1050,750,1050,50,TRUE,164,111,TRUE,"exact","RUN-42",0.06
"theme_dark.tiles","theme_dark","tiles","RUN-42","WebP q50 (cwebp)","WebP",1050,750,1050,50,TRUE,164,114,FALSE,"NULL",NA,3.49
"black_bg.dots","black_bg","dots","K7Q2M9XD","WebP q50 (cwebp)","WebP",1050,750,1050,50,TRUE,164,111,TRUE,"exact","K7Q2M9XD",0.04
"black_bg.tiles","black_bg","tiles","K7Q2M9XD","WebP q50 (cwebp)","WebP",1050,750,1050,50,TRUE,164,114,FALSE,"NULL",NA,4.69
"theme_void.dots","theme_void","dots","f47ac10b-58cc-4372-a567-0e02b2c3d479","WebP q50 (cwebp)","WebP",1050,750,1050,50,TRUE,178,120,TRUE,"exact","f47ac10b-58cc-4372-a567-0e02b2c3d479",0.76
"theme_void.tiles","theme_void","tiles","K7Q2M9XD","WebP q50 (cwebp)","WebP",1050,750,1050,50,TRUE,178,127,FALSE,"exact","K7Q2M9XD",1.41
"tall_3x8.dots","tall_3x8","dots","K7Q2M9XD","WebP q50 (cwebp)","WebP",450,1200,450,50,TRUE,38,187,FALSE,"exact","K7Q2M9XD",0.02
"tall_3x8.tiles","tall_3x8","tiles","RUN-42","WebP q50 (cwebp)","WebP",450,1200,450,50,TRUE,38,190,FALSE,"NULL",NA,3.07
"wide_12x3.dots","wide_12x3","dots","f47ac10b-58cc-4372-a567-0e02b2c3d479","WebP q50 (cwebp)","WebP",1800,450,1800,50,TRUE,291,58,TRUE,"exact","f47ac10b-58cc-4372-a567-0e02b2c3d479",0.53
"wide_12x3.tiles","wide_12x3","tiles","K7Q2M9XD","WebP q50 (cwebp)","WebP",1800,450,1800,50,TRUE,291,63,FALSE,"NULL",NA,1.93
"small_4x3_96dpi.dots","small_4x3_96dpi","dots","K7Q2M9XD","WebP q50 (cwebp)","WebP",384,288,384,50,TRUE,88,60,FALSE,"exact","K7Q2M9XD",0.02
"small_4x3_96dpi.tiles","small_4x3_96dpi","tiles","RUN-42","WebP q50 (cwebp)","WebP",384,288,384,50,TRUE,88,63,FALSE,"NULL",NA,0.53
"huge_14x10_300dpi.dots","huge_14x10_300dpi","dots","f47ac10b-58cc-4372-a567-0e02b2c3d479","WebP q50 (cwebp)","WebP",4200,3000,4200,50,TRUE,337,236,TRUE,"exact","f47ac10b-58cc-4372-a567-0e02b2c3d479",3.36
"long_title.dots","long_title","dots","ZZ0123456789ABCD","WebP q50 (cwebp)","WebP",1050,750,1050,50,TRUE,164,99,TRUE,"exact","ZZ0123456789ABCD",0.17
"long_title.tiles","long_title","tiles","ZZ0123456789","WebP q50 (cwebp)","WebP",1050,750,1050,50,TRUE,164,102,FALSE,"exact","ZZ0123456789",1.07
"coord_polar.dots","coord_polar","dots","K7Q2M9XD","WebP q50 (cwebp)","WebP",900,900,900,50,TRUE,108,108,TRUE,"exact","K7Q2M9XD",0.05
"coord_polar.tiles","coord_polar","tiles","RUN-42","WebP q50 (cwebp)","WebP",900,900,900,50,TRUE,108,108,FALSE,"NULL",NA,1.76
"text_heavy.dots","text_heavy","dots","Zürich-δ✓","WebP q50 (cwebp)","WebP",1050,750,1050,50,TRUE,164,94,TRUE,"exact","Zürich-δ✓",0.05
"text_heavy.tiles","text_heavy","tiles","café-δ","WebP q50 (cwebp)","WebP",1050,750,1050,50,TRUE,164,97,FALSE,"exact","café-δ",3.09
"baseline.dots","baseline","dots","K7Q2M9XD","WebP q75 at 640 px (cwebp -resize)","WebP",640,458,640,75,TRUE,164,111,TRUE,"exact","K7Q2M9XD",0.02
"baseline.tiles","baseline","tiles","K7Q2M9XD","WebP q75 at 640 px (cwebp -resize)","WebP",640,458,640,75,TRUE,164,114,FALSE,"exact","K7Q2M9XD",0.82
"facets_3x4.dots","facets_3x4","dots","K7Q2M9XD","WebP q75 at 640 px (cwebp -resize)","WebP",640,427,640,75,TRUE,176,124,TRUE,"exact","K7Q2M9XD",0.03
"facet_wrap_1x2.dots","facet_wrap_1x2","dots","RUN-42","WebP q75 at 640 px (cwebp -resize)","WebP",640,356,640,75,TRUE,215,105,TRUE,"exact","RUN-42",0.03
"facet_wrap_1x2.tiles","facet_wrap_1x2","tiles","K7Q2M9XD","WebP q75 at 640 px (cwebp -resize)","WebP",640,356,640,75,TRUE,215,108,FALSE,"NULL",NA,1.09
"legend_caption.dots","legend_caption","dots","ZZ0123456789ABCD","WebP q75 at 640 px (cwebp -resize)","WebP",640,480,640,75,TRUE,189,85,TRUE,"exact","ZZ0123456789ABCD",0.02
"legend_caption.tiles","legend_caption","tiles","K7Q2M9XD","WebP q75 at 640 px (cwebp -resize)","WebP",640,480,640,75,TRUE,189,88,FALSE,"NULL",NA,2.56
"rug_outside.dots","rug_outside","dots","Zürich-δ✓","WebP q75 at 640 px (cwebp -resize)","WebP",640,458,640,75,TRUE,164,111,TRUE,"exact","Zürich-δ✓",0.02
"rug_outside.tiles","rug_outside","tiles","café-δ","WebP q75 at 640 px (cwebp -resize)","WebP",640,458,640,75,TRUE,164,114,FALSE,"NULL",NA,1.98
"heatmap_raster.dots","heatmap_raster","dots","f47ac10b-58cc-4372-a567-0e02b2c3d479","WebP q75 at 640 px (cwebp -resize)","WebP",640,458,640,75,TRUE,144,109,TRUE,"exact","f47ac10b-58cc-4372-a567-0e02b2c3d479",0.33
"heatmap_raster.tiles","heatmap_raster","tiles","K7Q2M9XD","WebP q75 at 640 px (cwebp -resize)","WebP",640,458,640,75,TRUE,144,114,FALSE,"NULL",NA,1.39
"dense_10k.dots","dense_10k","dots","K7Q2M9XD","WebP q75 at 640 px (cwebp -resize)","WebP",640,458,640,75,TRUE,165,111,TRUE,"exact","K7Q2M9XD",0.02
"dense_10k.tiles","dense_10k","tiles","ZZ0123456789","WebP q75 at 640 px (cwebp -resize)","WebP",640,458,640,75,TRUE,165,114,FALSE,"NULL",NA,1.85
"dates_line.dots","dates_line","dots","f47ac10b-58cc-4372-a567-0e02b2c3d479","WebP q75 at 640 px (cwebp -resize)","WebP",640,360,640,75,TRUE,184,96,TRUE,"exact","f47ac10b-58cc-4372-a567-0e02b2c3d479",0.28
"dates_line.tiles","dates_line","tiles","RUN-42","WebP q75 at 640 px (cwebp -resize)","WebP",640,360,640,75,TRUE,184,101,FALSE,"NULL",NA,0.71
"theme_dark.dots","theme_dark","dots","RUN-42","WebP q75 at 640 px (cwebp -resize)","WebP",640,458,640,75,TRUE,164,111,TRUE,"exact","RUN-42",0.02
"theme_dark.tiles","theme_dark","tiles","RUN-42","WebP q75 at 640 px (cwebp -resize)","WebP",640,458,640,75,TRUE,164,114,FALSE,"NULL",NA,0.61
"black_bg.dots","black_bg","dots","K7Q2M9XD","WebP q75 at 640 px (cwebp -resize)","WebP",640,458,640,75,TRUE,164,111,TRUE,"exact","K7Q2M9XD",0.04
"black_bg.tiles","black_bg","tiles","K7Q2M9XD","WebP q75 at 640 px (cwebp -resize)","WebP",640,458,640,75,TRUE,164,114,FALSE,"NULL",NA,0.78
"theme_void.dots","theme_void","dots","f47ac10b-58cc-4372-a567-0e02b2c3d479","WebP q75 at 640 px (cwebp -resize)","WebP",640,458,640,75,TRUE,178,120,TRUE,"exact","f47ac10b-58cc-4372-a567-0e02b2c3d479",0.18
"theme_void.tiles","theme_void","tiles","K7Q2M9XD","WebP q75 at 640 px (cwebp -resize)","WebP",640,458,640,75,TRUE,178,127,FALSE,"exact","K7Q2M9XD",0.49
"tall_3x8.dots","tall_3x8","dots","K7Q2M9XD","WebP q75 at 640 px (cwebp -resize)","WebP",640,1707,640,75,TRUE,38,187,TRUE,"exact","K7Q2M9XD",0.05
"tall_3x8.tiles","tall_3x8","tiles","RUN-42","WebP q75 at 640 px (cwebp -resize)","WebP",640,1707,640,75,TRUE,38,190,FALSE,"NULL",NA,3.99
"wide_12x3.dots","wide_12x3","dots","f47ac10b-58cc-4372-a567-0e02b2c3d479","WebP q75 at 640 px (cwebp -resize)","WebP",640,160,640,75,TRUE,291,58,TRUE,"exact","f47ac10b-58cc-4372-a567-0e02b2c3d479",0.16
"wide_12x3.tiles","wide_12x3","tiles","K7Q2M9XD","WebP q75 at 640 px (cwebp -resize)","WebP",640,160,640,75,TRUE,291,63,FALSE,"NULL",NA,0.33
"small_4x3_96dpi.dots","small_4x3_96dpi","dots","K7Q2M9XD","WebP q75 at 640 px (cwebp -resize)","WebP",640,480,640,75,TRUE,88,60,TRUE,"exact","K7Q2M9XD",0.02
"small_4x3_96dpi.tiles","small_4x3_96dpi","tiles","RUN-42","WebP q75 at 640 px (cwebp -resize)","WebP",640,480,640,75,TRUE,88,63,FALSE,"NULL",NA,0.88
"huge_14x10_300dpi.dots","huge_14x10_300dpi","dots","f47ac10b-58cc-4372-a567-0e02b2c3d479","WebP q75 at 640 px (cwebp -resize)","WebP",640,458,640,75,TRUE,337,236,TRUE,"exact","f47ac10b-58cc-4372-a567-0e02b2c3d479",0.11
"long_title.dots","long_title","dots","ZZ0123456789ABCD","WebP q75 at 640 px (cwebp -resize)","WebP",640,458,640,75,TRUE,164,99,TRUE,"exact","ZZ0123456789ABCD",0.02
"long_title.tiles","long_title","tiles","ZZ0123456789","WebP q75 at 640 px (cwebp -resize)","WebP",640,458,640,75,TRUE,164,102,FALSE,"NULL",NA,1.03
"coord_polar.dots","coord_polar","dots","K7Q2M9XD","WebP q75 at 640 px (cwebp -resize)","WebP",640,640,640,75,TRUE,108,108,TRUE,"exact","K7Q2M9XD",0.03
"coord_polar.tiles","coord_polar","tiles","RUN-42","WebP q75 at 640 px (cwebp -resize)","WebP",640,640,640,75,TRUE,108,108,FALSE,"NULL",NA,0.92
"text_heavy.dots","text_heavy","dots","Zürich-δ✓","WebP q75 at 640 px (cwebp -resize)","WebP",640,458,640,75,TRUE,164,94,TRUE,"exact","Zürich-δ✓",0.02
"text_heavy.tiles","text_heavy","tiles","café-δ","WebP q75 at 640 px (cwebp -resize)","WebP",640,458,640,75,TRUE,164,97,FALSE,"NULL",NA,1.1
"baseline.dots","baseline","dots","K7Q2M9XD","PDF -> pdftoppm 72 dpi","PDF / SVG",504,360,504,NA,TRUE,164,111,TRUE,"exact","K7Q2M9XD",0.01
"baseline.tiles","baseline","tiles","K7Q2M9XD","PDF -> pdftoppm 72 dpi","PDF / SVG",504,360,504,NA,TRUE,164,114,FALSE,"exact","K7Q2M9XD",0.39
"facets_3x4.dots","facets_3x4","dots","K7Q2M9XD","PDF -> pdftoppm 72 dpi","PDF / SVG",648,432,648,NA,TRUE,176,124,TRUE,"exact","K7Q2M9XD",0.02
"facet_wrap_1x2.dots","facet_wrap_1x2","dots","RUN-42","PDF -> pdftoppm 72 dpi","PDF / SVG",648,360,648,NA,TRUE,215,105,TRUE,"exact","RUN-42",0.01
"facet_wrap_1x2.tiles","facet_wrap_1x2","tiles","K7Q2M9XD","PDF -> pdftoppm 72 dpi","PDF / SVG",648,360,648,NA,TRUE,215,108,FALSE,"NULL",NA,0.54
"legend_caption.dots","legend_caption","dots","ZZ0123456789ABCD","PDF -> pdftoppm 72 dpi","PDF / SVG",576,432,576,NA,TRUE,189,85,TRUE,"exact","ZZ0123456789ABCD",0.01
"legend_caption.tiles","legend_caption","tiles","K7Q2M9XD","PDF -> pdftoppm 72 dpi","PDF / SVG",576,432,576,NA,TRUE,189,88,FALSE,"exact","K7Q2M9XD",1.29
"rug_outside.dots","rug_outside","dots","Zürich-δ✓","PDF -> pdftoppm 72 dpi","PDF / SVG",504,360,504,NA,TRUE,164,111,TRUE,"exact","Zürich-δ✓",0.01
"rug_outside.tiles","rug_outside","tiles","café-δ","PDF -> pdftoppm 72 dpi","PDF / SVG",504,360,504,NA,TRUE,164,114,FALSE,"exact","café-δ",0.44
"heatmap_raster.dots","heatmap_raster","dots","f47ac10b-58cc-4372-a567-0e02b2c3d479","PDF -> pdftoppm 72 dpi","PDF / SVG",504,360,504,NA,TRUE,144,109,TRUE,"exact","f47ac10b-58cc-4372-a567-0e02b2c3d479",0.19
"heatmap_raster.tiles","heatmap_raster","tiles","K7Q2M9XD","PDF -> pdftoppm 72 dpi","PDF / SVG",504,360,504,NA,TRUE,144,114,FALSE,"exact","K7Q2M9XD",0.63
"dense_10k.dots","dense_10k","dots","K7Q2M9XD","PDF -> pdftoppm 72 dpi","PDF / SVG",504,360,504,NA,TRUE,165,111,TRUE,"exact","K7Q2M9XD",0.01
"dense_10k.tiles","dense_10k","tiles","ZZ0123456789","PDF -> pdftoppm 72 dpi","PDF / SVG",504,360,504,NA,TRUE,165,114,FALSE,"exact","ZZ0123456789",0.87
"dates_line.dots","dates_line","dots","f47ac10b-58cc-4372-a567-0e02b2c3d479","PDF -> pdftoppm 72 dpi","PDF / SVG",576,324,576,NA,TRUE,184,96,TRUE,"exact","f47ac10b-58cc-4372-a567-0e02b2c3d479",0.23
"dates_line.tiles","dates_line","tiles","RUN-42","PDF -> pdftoppm 72 dpi","PDF / SVG",576,324,576,NA,TRUE,184,101,FALSE,"NULL",NA,0.73
"theme_dark.dots","theme_dark","dots","RUN-42","PDF -> pdftoppm 72 dpi","PDF / SVG",504,360,504,NA,TRUE,164,111,TRUE,"exact","RUN-42",0.01
"theme_dark.tiles","theme_dark","tiles","RUN-42","PDF -> pdftoppm 72 dpi","PDF / SVG",504,360,504,NA,TRUE,164,114,FALSE,"exact","RUN-42",0.48
"black_bg.dots","black_bg","dots","K7Q2M9XD","PDF -> pdftoppm 72 dpi","PDF / SVG",504,360,504,NA,TRUE,164,111,TRUE,"exact","K7Q2M9XD",0.02
"black_bg.tiles","black_bg","tiles","K7Q2M9XD","PDF -> pdftoppm 72 dpi","PDF / SVG",504,360,504,NA,TRUE,164,114,FALSE,"NULL",NA,0.54
"theme_void.dots","theme_void","dots","f47ac10b-58cc-4372-a567-0e02b2c3d479","PDF -> pdftoppm 72 dpi","PDF / SVG",504,360,504,NA,TRUE,178,120,TRUE,"exact","f47ac10b-58cc-4372-a567-0e02b2c3d479",0.24
"theme_void.tiles","theme_void","tiles","K7Q2M9XD","PDF -> pdftoppm 72 dpi","PDF / SVG",504,360,504,NA,TRUE,178,127,FALSE,"exact","K7Q2M9XD",0.34
"tall_3x8.dots","tall_3x8","dots","K7Q2M9XD","PDF -> pdftoppm 72 dpi","PDF / SVG",216,576,216,NA,TRUE,38,187,FALSE,"exact","K7Q2M9XD",0.38
"tall_3x8.tiles","tall_3x8","tiles","RUN-42","PDF -> pdftoppm 72 dpi","PDF / SVG",216,576,216,NA,TRUE,38,190,FALSE,"NULL",NA,0.94
"wide_12x3.dots","wide_12x3","dots","f47ac10b-58cc-4372-a567-0e02b2c3d479","PDF -> pdftoppm 72 dpi","PDF / SVG",864,216,864,NA,TRUE,291,58,TRUE,"exact","f47ac10b-58cc-4372-a567-0e02b2c3d479",0.21
"wide_12x3.tiles","wide_12x3","tiles","K7Q2M9XD","PDF -> pdftoppm 72 dpi","PDF / SVG",864,216,864,NA,TRUE,291,63,FALSE,"NULL",NA,0.36
"small_4x3_96dpi.dots","small_4x3_96dpi","dots","K7Q2M9XD","PDF -> pdftoppm 72 dpi","PDF / SVG",288,216,288,NA,TRUE,88,60,FALSE,"exact","K7Q2M9XD",0.01
"small_4x3_96dpi.tiles","small_4x3_96dpi","tiles","RUN-42","PDF -> pdftoppm 72 dpi","PDF / SVG",288,216,288,NA,TRUE,88,63,FALSE,"NULL",NA,0.23
"huge_14x10_300dpi.dots","huge_14x10_300dpi","dots","f47ac10b-58cc-4372-a567-0e02b2c3d479","PDF -> pdftoppm 72 dpi","PDF / SVG",1008,720,1008,NA,TRUE,337,236,TRUE,"exact","f47ac10b-58cc-4372-a567-0e02b2c3d479",0.19
"long_title.dots","long_title","dots","ZZ0123456789ABCD","PDF -> pdftoppm 72 dpi","PDF / SVG",504,360,504,NA,TRUE,164,99,TRUE,"exact","ZZ0123456789ABCD",0.02
"long_title.tiles","long_title","tiles","ZZ0123456789","PDF -> pdftoppm 72 dpi","PDF / SVG",504,360,504,NA,TRUE,164,102,FALSE,"exact","ZZ0123456789",0.49
"coord_polar.dots","coord_polar","dots","K7Q2M9XD","PDF -> pdftoppm 72 dpi","PDF / SVG",432,432,432,NA,TRUE,108,108,TRUE,"exact","K7Q2M9XD",0.01
"coord_polar.tiles","coord_polar","tiles","RUN-42","PDF -> pdftoppm 72 dpi","PDF / SVG",432,432,432,NA,TRUE,108,108,FALSE,"NULL",NA,0.48
"text_heavy.dots","text_heavy","dots","Zürich-δ✓","PDF -> pdftoppm 72 dpi","PDF / SVG",504,360,504,NA,TRUE,164,94,TRUE,"exact","Zürich-δ✓",0.01
"text_heavy.tiles","text_heavy","tiles","café-δ","PDF -> pdftoppm 72 dpi","PDF / SVG",504,360,504,NA,TRUE,164,97,FALSE,"exact","café-δ",0.51
"baseline.dots","baseline","dots","K7Q2M9XD","PDF -> pdftoppm 110 dpi","PDF / SVG",770,550,770,NA,TRUE,164,111,TRUE,"exact","K7Q2M9XD",0.02
"baseline.tiles","baseline","tiles","K7Q2M9XD","PDF -> pdftoppm 110 dpi","PDF / SVG",770,550,770,NA,TRUE,164,114,FALSE,"exact","K7Q2M9XD",0.49
"facets_3x4.dots","facets_3x4","dots","K7Q2M9XD","PDF -> pdftoppm 110 dpi","PDF / SVG",990,660,990,NA,TRUE,176,124,TRUE,"exact","K7Q2M9XD",0.03
"facet_wrap_1x2.dots","facet_wrap_1x2","dots","RUN-42","PDF -> pdftoppm 110 dpi","PDF / SVG",990,550,990,NA,TRUE,215,105,TRUE,"exact","RUN-42",0.03
"facet_wrap_1x2.tiles","facet_wrap_1x2","tiles","K7Q2M9XD","PDF -> pdftoppm 110 dpi","PDF / SVG",990,550,990,NA,TRUE,215,108,FALSE,"exact","K7Q2M9XD",0.71
"legend_caption.dots","legend_caption","dots","ZZ0123456789ABCD","PDF -> pdftoppm 110 dpi","PDF / SVG",880,660,880,NA,TRUE,189,85,TRUE,"exact","ZZ0123456789ABCD",0.03
"legend_caption.tiles","legend_caption","tiles","K7Q2M9XD","PDF -> pdftoppm 110 dpi","PDF / SVG",880,660,880,NA,TRUE,189,88,FALSE,"exact","K7Q2M9XD",2.65
"rug_outside.dots","rug_outside","dots","Zürich-δ✓","PDF -> pdftoppm 110 dpi","PDF / SVG",770,550,770,NA,TRUE,164,111,TRUE,"exact","Zürich-δ✓",0.02
"rug_outside.tiles","rug_outside","tiles","café-δ","PDF -> pdftoppm 110 dpi","PDF / SVG",770,550,770,NA,TRUE,164,114,FALSE,"exact","café-δ",0.73
"heatmap_raster.dots","heatmap_raster","dots","f47ac10b-58cc-4372-a567-0e02b2c3d479","PDF -> pdftoppm 110 dpi","PDF / SVG",770,550,770,NA,TRUE,144,109,TRUE,"exact","f47ac10b-58cc-4372-a567-0e02b2c3d479",0.24
"heatmap_raster.tiles","heatmap_raster","tiles","K7Q2M9XD","PDF -> pdftoppm 110 dpi","PDF / SVG",770,550,770,NA,TRUE,144,114,FALSE,"exact","K7Q2M9XD",1
"dense_10k.dots","dense_10k","dots","K7Q2M9XD","PDF -> pdftoppm 110 dpi","PDF / SVG",770,550,770,NA,TRUE,165,111,TRUE,"exact","K7Q2M9XD",0.02
"dense_10k.tiles","dense_10k","tiles","ZZ0123456789","PDF -> pdftoppm 110 dpi","PDF / SVG",770,550,770,NA,TRUE,165,114,FALSE,"exact","ZZ0123456789",1.01
"dates_line.dots","dates_line","dots","f47ac10b-58cc-4372-a567-0e02b2c3d479","PDF -> pdftoppm 110 dpi","PDF / SVG",880,495,880,NA,TRUE,184,96,TRUE,"exact","f47ac10b-58cc-4372-a567-0e02b2c3d479",0.25
"dates_line.tiles","dates_line","tiles","RUN-42","PDF -> pdftoppm 110 dpi","PDF / SVG",880,495,880,NA,TRUE,184,101,FALSE,"exact","RUN-42",1.12
"theme_dark.dots","theme_dark","dots","RUN-42","PDF -> pdftoppm 110 dpi","PDF / SVG",770,550,770,NA,TRUE,164,111,TRUE,"exact","RUN-42",0.03
"theme_dark.tiles","theme_dark","tiles","RUN-42","PDF -> pdftoppm 110 dpi","PDF / SVG",770,550,770,NA,TRUE,164,114,FALSE,"exact","RUN-42",0.64
"black_bg.dots","black_bg","dots","K7Q2M9XD","PDF -> pdftoppm 110 dpi","PDF / SVG",770,550,770,NA,TRUE,164,111,TRUE,"exact","K7Q2M9XD",0.02
"black_bg.tiles","black_bg","tiles","K7Q2M9XD","PDF -> pdftoppm 110 dpi","PDF / SVG",770,550,770,NA,TRUE,164,114,FALSE,"exact","K7Q2M9XD",0.71
"theme_void.dots","theme_void","dots","f47ac10b-58cc-4372-a567-0e02b2c3d479","PDF -> pdftoppm 110 dpi","PDF / SVG",770,550,770,NA,TRUE,178,120,TRUE,"exact","f47ac10b-58cc-4372-a567-0e02b2c3d479",0.26
"theme_void.tiles","theme_void","tiles","K7Q2M9XD","PDF -> pdftoppm 110 dpi","PDF / SVG",770,550,770,NA,TRUE,178,127,FALSE,"exact","K7Q2M9XD",0.59
"tall_3x8.dots","tall_3x8","dots","K7Q2M9XD","PDF -> pdftoppm 110 dpi","PDF / SVG",330,880,330,NA,TRUE,38,187,FALSE,"exact","K7Q2M9XD",0.01
"tall_3x8.tiles","tall_3x8","tiles","RUN-42","PDF -> pdftoppm 110 dpi","PDF / SVG",330,880,330,NA,TRUE,38,190,FALSE,"NULL",NA,1.33
"wide_12x3.dots","wide_12x3","dots","f47ac10b-58cc-4372-a567-0e02b2c3d479","PDF -> pdftoppm 110 dpi","PDF / SVG",1320,330,1320,NA,TRUE,291,58,TRUE,"exact","f47ac10b-58cc-4372-a567-0e02b2c3d479",0.27
"wide_12x3.tiles","wide_12x3","tiles","K7Q2M9XD","PDF -> pdftoppm 110 dpi","PDF / SVG",1320,330,1320,NA,TRUE,291,63,FALSE,"exact","K7Q2M9XD",0.99
"small_4x3_96dpi.dots","small_4x3_96dpi","dots","K7Q2M9XD","PDF -> pdftoppm 110 dpi","PDF / SVG",440,330,440,NA,TRUE,88,60,TRUE,"exact","K7Q2M9XD",0.01
"small_4x3_96dpi.tiles","small_4x3_96dpi","tiles","RUN-42","PDF -> pdftoppm 110 dpi","PDF / SVG",440,330,440,NA,TRUE,88,63,FALSE,"NULL",NA,0.31
"huge_14x10_300dpi.dots","huge_14x10_300dpi","dots","f47ac10b-58cc-4372-a567-0e02b2c3d479","PDF -> pdftoppm 110 dpi","PDF / SVG",1540,1100,1540,NA,TRUE,337,236,TRUE,"exact","f47ac10b-58cc-4372-a567-0e02b2c3d479",0.33
"long_title.dots","long_title","dots","ZZ0123456789ABCD","PDF -> pdftoppm 110 dpi","PDF / SVG",770,550,770,NA,TRUE,164,99,TRUE,"exact","ZZ0123456789ABCD",0.03
"long_title.tiles","long_title","tiles","ZZ0123456789","PDF -> pdftoppm 110 dpi","PDF / SVG",770,550,770,NA,TRUE,164,102,FALSE,"exact","ZZ0123456789",0.73
"coord_polar.dots","coord_polar","dots","K7Q2M9XD","PDF -> pdftoppm 110 dpi","PDF / SVG",660,660,660,NA,TRUE,108,108,TRUE,"exact","K7Q2M9XD",0.02
"coord_polar.tiles","coord_polar","tiles","RUN-42","PDF -> pdftoppm 110 dpi","PDF / SVG",660,660,660,NA,TRUE,108,108,FALSE,"NULL",NA,0.93
"text_heavy.dots","text_heavy","dots","Zürich-δ✓","PDF -> pdftoppm 110 dpi","PDF / SVG",770,550,770,NA,TRUE,164,94,TRUE,"exact","Zürich-δ✓",0.02
"text_heavy.tiles","text_heavy","tiles","café-δ","PDF -> pdftoppm 110 dpi","PDF / SVG",770,550,770,NA,TRUE,164,97,FALSE,"NULL",NA,1.48
"baseline.dots","baseline","dots","K7Q2M9XD","PDF -> pdftoppm 150 dpi","PDF / SVG",1050,750,1050,NA,TRUE,164,111,TRUE,"exact","K7Q2M9XD",0.03
"baseline.tiles","baseline","tiles","K7Q2M9XD","PDF -> pdftoppm 150 dpi","PDF / SVG",1050,750,1050,NA,TRUE,164,114,TRUE,"exact","K7Q2M9XD",0.74
"baseline.both","baseline","both","K7Q2M9XD","PDF -> pdftoppm 150 dpi","PDF / SVG",1050,750,1050,NA,TRUE,164,111,TRUE,"exact","K7Q2M9XD",0.04
"baseline.none","baseline","none",NA,"PDF -> pdftoppm 150 dpi","PDF / SVG",1050,750,1050,NA,TRUE,164,114,FALSE,"NULL",NA,0.89
"facets_3x4.dots","facets_3x4","dots","K7Q2M9XD","PDF -> pdftoppm 150 dpi","PDF / SVG",1350,900,1350,NA,TRUE,176,124,TRUE,"exact","K7Q2M9XD",0.07
"facets_3x4.tiles","facets_3x4","tiles","RUN-42","PDF -> pdftoppm 150 dpi","PDF / SVG",1350,900,1350,NA,TRUE,176,127,TRUE,"NULL",NA,41.75
"facets_3x4.both","facets_3x4","both","RUN-42","PDF -> pdftoppm 150 dpi","PDF / SVG",1350,900,1350,NA,TRUE,176,124,TRUE,"exact","RUN-42",0.06
"facets_3x4.none","facets_3x4","none",NA,"PDF -> pdftoppm 150 dpi","PDF / SVG",1350,900,1350,NA,TRUE,176,127,FALSE,"NULL",NA,51.04
"facet_wrap_1x2.dots","facet_wrap_1x2","dots","RUN-42","PDF -> pdftoppm 150 dpi","PDF / SVG",1350,750,1350,NA,TRUE,215,105,TRUE,"exact","RUN-42",0.04
"facet_wrap_1x2.tiles","facet_wrap_1x2","tiles","K7Q2M9XD","PDF -> pdftoppm 150 dpi","PDF / SVG",1350,750,1350,NA,TRUE,215,108,TRUE,"exact","K7Q2M9XD",1.16
"facet_wrap_1x2.both","facet_wrap_1x2","both","K7Q2M9XD","PDF -> pdftoppm 150 dpi","PDF / SVG",1350,750,1350,NA,TRUE,215,105,TRUE,"exact","K7Q2M9XD",0.06
"facet_wrap_1x2.none","facet_wrap_1x2","none",NA,"PDF -> pdftoppm 150 dpi","PDF / SVG",1350,750,1350,NA,TRUE,215,108,FALSE,"NULL",NA,1.34
"legend_caption.dots","legend_caption","dots","ZZ0123456789ABCD","PDF -> pdftoppm 150 dpi","PDF / SVG",1200,900,1200,NA,TRUE,189,85,TRUE,"exact","ZZ0123456789ABCD",0.06
"legend_caption.tiles","legend_caption","tiles","K7Q2M9XD","PDF -> pdftoppm 150 dpi","PDF / SVG",1200,900,1200,NA,TRUE,189,88,TRUE,"exact","K7Q2M9XD",4.32
"legend_caption.both","legend_caption","both","K7Q2M9XD","PDF -> pdftoppm 150 dpi","PDF / SVG",1200,900,1200,NA,TRUE,189,85,TRUE,"exact","K7Q2M9XD",0.05
"legend_caption.none","legend_caption","none",NA,"PDF -> pdftoppm 150 dpi","PDF / SVG",1200,900,1200,NA,TRUE,189,88,FALSE,"NULL",NA,4.84
"rug_outside.dots","rug_outside","dots","Zürich-δ✓","PDF -> pdftoppm 150 dpi","PDF / SVG",1050,750,1050,NA,TRUE,164,111,TRUE,"exact","Zürich-δ✓",0.03
"rug_outside.tiles","rug_outside","tiles","café-δ","PDF -> pdftoppm 150 dpi","PDF / SVG",1050,750,1050,NA,TRUE,164,114,TRUE,"exact","café-δ",1.14
"rug_outside.both","rug_outside","both","café-δ","PDF -> pdftoppm 150 dpi","PDF / SVG",1050,750,1050,NA,TRUE,164,111,TRUE,"exact","café-δ",0.04
"rug_outside.none","rug_outside","none",NA,"PDF -> pdftoppm 150 dpi","PDF / SVG",1050,750,1050,NA,TRUE,164,114,FALSE,"NULL",NA,1.82
"heatmap_raster.dots","heatmap_raster","dots","f47ac10b-58cc-4372-a567-0e02b2c3d479","PDF -> pdftoppm 150 dpi","PDF / SVG",1050,750,1050,NA,TRUE,144,109,TRUE,"exact","f47ac10b-58cc-4372-a567-0e02b2c3d479",0.37
"heatmap_raster.tiles","heatmap_raster","tiles","K7Q2M9XD","PDF -> pdftoppm 150 dpi","PDF / SVG",1050,750,1050,NA,TRUE,144,114,FALSE,"exact","K7Q2M9XD",1.58
"heatmap_raster.both","heatmap_raster","both","K7Q2M9XD","PDF -> pdftoppm 150 dpi","PDF / SVG",1050,750,1050,NA,TRUE,144,111,TRUE,"exact","K7Q2M9XD",0.05
"heatmap_raster.none","heatmap_raster","none",NA,"PDF -> pdftoppm 150 dpi","PDF / SVG",1050,750,1050,NA,TRUE,144,114,FALSE,"NULL",NA,1.75
"dense_10k.dots","dense_10k","dots","K7Q2M9XD","PDF -> pdftoppm 150 dpi","PDF / SVG",1050,750,1050,NA,TRUE,165,111,TRUE,"exact","K7Q2M9XD",0.06
"dense_10k.tiles","dense_10k","tiles","ZZ0123456789","PDF -> pdftoppm 150 dpi","PDF / SVG",1050,750,1050,NA,TRUE,165,114,TRUE,"exact","ZZ0123456789",1.54
"dense_10k.both","dense_10k","both","ZZ0123456789","PDF -> pdftoppm 150 dpi","PDF / SVG",1050,750,1050,NA,TRUE,165,111,TRUE,"exact","ZZ0123456789",0.04
"dense_10k.none","dense_10k","none",NA,"PDF -> pdftoppm 150 dpi","PDF / SVG",1050,750,1050,NA,TRUE,165,114,FALSE,"NULL",NA,1.83
"dates_line.dots","dates_line","dots","f47ac10b-58cc-4372-a567-0e02b2c3d479","PDF -> pdftoppm 150 dpi","PDF / SVG",1200,675,1200,NA,TRUE,184,96,TRUE,"exact","f47ac10b-58cc-4372-a567-0e02b2c3d479",0.36
"dates_line.tiles","dates_line","tiles","RUN-42","PDF -> pdftoppm 150 dpi","PDF / SVG",1200,675,1200,NA,TRUE,184,101,TRUE,"exact","RUN-42",1.2
"dates_line.both","dates_line","both","RUN-42","PDF -> pdftoppm 150 dpi","PDF / SVG",1200,675,1200,NA,TRUE,184,98,TRUE,"exact","RUN-42",0.06
"dates_line.none","dates_line","none",NA,"PDF -> pdftoppm 150 dpi","PDF / SVG",1200,675,1200,NA,TRUE,184,101,FALSE,"NULL",NA,1.68
"theme_dark.dots","theme_dark","dots","RUN-42","PDF -> pdftoppm 150 dpi","PDF / SVG",1050,750,1050,NA,TRUE,164,111,TRUE,"exact","RUN-42",0.05
"theme_dark.tiles","theme_dark","tiles","RUN-42","PDF -> pdftoppm 150 dpi","PDF / SVG",1050,750,1050,NA,TRUE,164,114,TRUE,"exact","RUN-42",1.14
"theme_dark.both","theme_dark","both","RUN-42","PDF -> pdftoppm 150 dpi","PDF / SVG",1050,750,1050,NA,TRUE,164,111,TRUE,"exact","RUN-42",0.03
"theme_dark.none","theme_dark","none",NA,"PDF -> pdftoppm 150 dpi","PDF / SVG",1050,750,1050,NA,TRUE,164,114,FALSE,"NULL",NA,1.67
"black_bg.dots","black_bg","dots","K7Q2M9XD","PDF -> pdftoppm 150 dpi","PDF / SVG",1050,750,1050,NA,TRUE,164,111,TRUE,"exact","K7Q2M9XD",0.05
"black_bg.tiles","black_bg","tiles","K7Q2M9XD","PDF -> pdftoppm 150 dpi","PDF / SVG",1050,750,1050,NA,TRUE,164,114,TRUE,"exact","K7Q2M9XD",1.24
"black_bg.both","black_bg","both","K7Q2M9XD","PDF -> pdftoppm 150 dpi","PDF / SVG",1050,750,1050,NA,TRUE,164,111,TRUE,"exact","K7Q2M9XD",0.03
"black_bg.none","black_bg","none",NA,"PDF -> pdftoppm 150 dpi","PDF / SVG",1050,750,1050,NA,TRUE,164,114,FALSE,"NULL",NA,1.07
"theme_void.dots","theme_void","dots","f47ac10b-58cc-4372-a567-0e02b2c3d479","PDF -> pdftoppm 150 dpi","PDF / SVG",1050,750,1050,NA,TRUE,178,120,TRUE,"exact","f47ac10b-58cc-4372-a567-0e02b2c3d479",0.42
"theme_void.tiles","theme_void","tiles","K7Q2M9XD","PDF -> pdftoppm 150 dpi","PDF / SVG",1050,750,1050,NA,TRUE,178,127,TRUE,"exact","K7Q2M9XD",0.9
"theme_void.both","theme_void","both","K7Q2M9XD","PDF -> pdftoppm 150 dpi","PDF / SVG",1050,750,1050,NA,TRUE,178,122,TRUE,"exact","K7Q2M9XD",0.04
"theme_void.none","theme_void","none",NA,"PDF -> pdftoppm 150 dpi","PDF / SVG",1050,750,1050,NA,TRUE,178,127,FALSE,"NULL",NA,1.32
"tall_3x8.dots","tall_3x8","dots","K7Q2M9XD","PDF -> pdftoppm 150 dpi","PDF / SVG",450,1200,450,NA,TRUE,38,187,TRUE,"exact","K7Q2M9XD",0.03
"tall_3x8.tiles","tall_3x8","tiles","RUN-42","PDF -> pdftoppm 150 dpi","PDF / SVG",450,1200,450,NA,TRUE,38,190,FALSE,"NULL",NA,1.88
"tall_3x8.both","tall_3x8","both","RUN-42","PDF -> pdftoppm 150 dpi","PDF / SVG",450,1200,450,NA,TRUE,38,187,TRUE,"exact","RUN-42",0.03
"tall_3x8.none","tall_3x8","none",NA,"PDF -> pdftoppm 150 dpi","PDF / SVG",450,1200,450,NA,TRUE,38,190,FALSE,"NULL",NA,1.86
"wide_12x3.dots","wide_12x3","dots","f47ac10b-58cc-4372-a567-0e02b2c3d479","PDF -> pdftoppm 150 dpi","PDF / SVG",1800,450,1800,NA,TRUE,291,58,TRUE,"exact","f47ac10b-58cc-4372-a567-0e02b2c3d479",0.44
"wide_12x3.tiles","wide_12x3","tiles","K7Q2M9XD","PDF -> pdftoppm 150 dpi","PDF / SVG",1800,450,1800,NA,TRUE,291,63,FALSE,"NULL",NA,1.6
"wide_12x3.both","wide_12x3","both","K7Q2M9XD","PDF -> pdftoppm 150 dpi","PDF / SVG",1800,450,1800,NA,TRUE,291,60,TRUE,"exact","K7Q2M9XD",0.04
"wide_12x3.none","wide_12x3","none",NA,"PDF -> pdftoppm 150 dpi","PDF / SVG",1800,450,1800,NA,TRUE,291,63,FALSE,"NULL",NA,1.18
"small_4x3_96dpi.dots","small_4x3_96dpi","dots","K7Q2M9XD","PDF -> pdftoppm 150 dpi","PDF / SVG",600,450,600,NA,TRUE,88,60,TRUE,"exact","K7Q2M9XD",0.01
"small_4x3_96dpi.tiles","small_4x3_96dpi","tiles","RUN-42","PDF -> pdftoppm 150 dpi","PDF / SVG",600,450,600,NA,TRUE,88,63,FALSE,"NULL",NA,0.5
"small_4x3_96dpi.both","small_4x3_96dpi","both","RUN-42","PDF -> pdftoppm 150 dpi","PDF / SVG",600,450,600,NA,TRUE,88,60,TRUE,"exact","RUN-42",0.01
"small_4x3_96dpi.none","small_4x3_96dpi","none",NA,"PDF -> pdftoppm 150 dpi","PDF / SVG",600,450,600,NA,TRUE,88,63,FALSE,"NULL",NA,0.52
"huge_14x10_300dpi.dots","huge_14x10_300dpi","dots","f47ac10b-58cc-4372-a567-0e02b2c3d479","PDF -> pdftoppm 150 dpi","PDF / SVG",2100,1500,2100,NA,TRUE,337,236,TRUE,"exact","f47ac10b-58cc-4372-a567-0e02b2c3d479",0.59
"huge_14x10_300dpi.tiles","huge_14x10_300dpi","tiles","K7Q2M9XD","PDF -> pdftoppm 150 dpi","PDF / SVG",2100,1500,2100,NA,TRUE,337,241,TRUE,"exact","K7Q2M9XD",8.33
"huge_14x10_300dpi.both","huge_14x10_300dpi","both","K7Q2M9XD","PDF -> pdftoppm 150 dpi","PDF / SVG",2100,1500,2100,NA,TRUE,337,238,TRUE,"exact","K7Q2M9XD",0.15
"huge_14x10_300dpi.none","huge_14x10_300dpi","none",NA,"PDF -> pdftoppm 150 dpi","PDF / SVG",2100,1500,2100,NA,TRUE,337,241,FALSE,"NULL",NA,8.62
"long_title.dots","long_title","dots","ZZ0123456789ABCD","PDF -> pdftoppm 150 dpi","PDF / SVG",1050,750,1050,NA,TRUE,164,99,TRUE,"exact","ZZ0123456789ABCD",0.03
"long_title.tiles","long_title","tiles","ZZ0123456789","PDF -> pdftoppm 150 dpi","PDF / SVG",1050,750,1050,NA,TRUE,164,102,TRUE,"exact","ZZ0123456789",1.04
"long_title.both","long_title","both","ZZ0123456789","PDF -> pdftoppm 150 dpi","PDF / SVG",1050,750,1050,NA,TRUE,164,99,TRUE,"exact","ZZ0123456789",0.04
"long_title.none","long_title","none",NA,"PDF -> pdftoppm 150 dpi","PDF / SVG",1050,750,1050,NA,TRUE,164,102,FALSE,"NULL",NA,1.16
"coord_polar.dots","coord_polar","dots","K7Q2M9XD","PDF -> pdftoppm 150 dpi","PDF / SVG",900,900,900,NA,TRUE,108,108,TRUE,"exact","K7Q2M9XD",0.04
"coord_polar.tiles","coord_polar","tiles","RUN-42","PDF -> pdftoppm 150 dpi","PDF / SVG",900,900,900,NA,TRUE,108,108,FALSE,"NULL",NA,3.21
"coord_polar.both","coord_polar","both","RUN-42","PDF -> pdftoppm 150 dpi","PDF / SVG",900,900,900,NA,TRUE,108,108,TRUE,"exact","RUN-42",0.04
"coord_polar.none","coord_polar","none",NA,"PDF -> pdftoppm 150 dpi","PDF / SVG",900,900,900,NA,TRUE,108,108,FALSE,"NULL",NA,3.03
"text_heavy.dots","text_heavy","dots","Zürich-δ✓","PDF -> pdftoppm 150 dpi","PDF / SVG",1050,750,1050,NA,TRUE,164,94,TRUE,"exact","Zürich-δ✓",0.08
"text_heavy.tiles","text_heavy","tiles","café-δ","PDF -> pdftoppm 150 dpi","PDF / SVG",1050,750,1050,NA,TRUE,164,97,TRUE,"exact","café-δ",3.17
"text_heavy.both","text_heavy","both","café-δ","PDF -> pdftoppm 150 dpi","PDF / SVG",1050,750,1050,NA,TRUE,164,94,TRUE,"exact","café-δ",0.07
"text_heavy.none","text_heavy","none",NA,"PDF -> pdftoppm 150 dpi","PDF / SVG",1050,750,1050,NA,TRUE,164,97,FALSE,"NULL",NA,3.44
"baseline.dots","baseline","dots","K7Q2M9XD","PDF -> pdftoppm 300 dpi","PDF / SVG",2100,1500,2100,NA,TRUE,164,111,TRUE,"exact","K7Q2M9XD",0.14
"baseline.tiles","baseline","tiles","K7Q2M9XD","PDF -> pdftoppm 300 dpi","PDF / SVG",2100,1500,2100,NA,TRUE,164,114,TRUE,"exact","K7Q2M9XD",5.24
"facets_3x4.dots","facets_3x4","dots","K7Q2M9XD","PDF -> pdftoppm 300 dpi","PDF / SVG",2700,1800,2700,NA,TRUE,176,124,TRUE,"exact","K7Q2M9XD",0.59
"facet_wrap_1x2.dots","facet_wrap_1x2","dots","RUN-42","PDF -> pdftoppm 300 dpi","PDF / SVG",2700,1500,2700,NA,TRUE,215,105,TRUE,"exact","RUN-42",0.39
"facet_wrap_1x2.tiles","facet_wrap_1x2","tiles","K7Q2M9XD","PDF -> pdftoppm 300 dpi","PDF / SVG",2700,1500,2700,NA,TRUE,215,108,TRUE,"exact","K7Q2M9XD",4.16
"legend_caption.dots","legend_caption","dots","ZZ0123456789ABCD","PDF -> pdftoppm 300 dpi","PDF / SVG",2400,1800,2400,NA,TRUE,189,85,TRUE,"exact","ZZ0123456789ABCD",0.66
"legend_caption.tiles","legend_caption","tiles","K7Q2M9XD","PDF -> pdftoppm 300 dpi","PDF / SVG",2400,1800,2400,NA,TRUE,189,88,TRUE,"exact","K7Q2M9XD",22.49
"rug_outside.dots","rug_outside","dots","Zürich-δ✓","PDF -> pdftoppm 300 dpi","PDF / SVG",2100,1500,2100,NA,TRUE,164,111,TRUE,"exact","Zürich-δ✓",0.19
"rug_outside.tiles","rug_outside","tiles","café-δ","PDF -> pdftoppm 300 dpi","PDF / SVG",2100,1500,2100,NA,TRUE,164,114,TRUE,"exact","café-δ",9.35
"heatmap_raster.dots","heatmap_raster","dots","f47ac10b-58cc-4372-a567-0e02b2c3d479","PDF -> pdftoppm 300 dpi","PDF / SVG",2100,1500,2100,NA,TRUE,144,109,TRUE,"exact","f47ac10b-58cc-4372-a567-0e02b2c3d479",1.21
"heatmap_raster.tiles","heatmap_raster","tiles","K7Q2M9XD","PDF -> pdftoppm 300 dpi","PDF / SVG",2100,1500,2100,NA,TRUE,144,114,FALSE,"exact","K7Q2M9XD",10.52
"dense_10k.dots","dense_10k","dots","K7Q2M9XD","PDF -> pdftoppm 300 dpi","PDF / SVG",2100,1500,2100,NA,TRUE,165,111,TRUE,"exact","K7Q2M9XD",0.16
"dense_10k.tiles","dense_10k","tiles","ZZ0123456789","PDF -> pdftoppm 300 dpi","PDF / SVG",2100,1500,2100,NA,TRUE,165,114,TRUE,"exact","ZZ0123456789",11.56
"dates_line.dots","dates_line","dots","f47ac10b-58cc-4372-a567-0e02b2c3d479","PDF -> pdftoppm 300 dpi","PDF / SVG",2400,1350,2400,NA,TRUE,184,96,TRUE,"exact","f47ac10b-58cc-4372-a567-0e02b2c3d479",1.37
"dates_line.tiles","dates_line","tiles","RUN-42","PDF -> pdftoppm 300 dpi","PDF / SVG",2400,1350,2400,NA,TRUE,184,101,TRUE,"exact","RUN-42",13.55
"theme_dark.dots","theme_dark","dots","RUN-42","PDF -> pdftoppm 300 dpi","PDF / SVG",2100,1500,2100,NA,TRUE,164,111,TRUE,"exact","RUN-42",0.2
"theme_dark.tiles","theme_dark","tiles","RUN-42","PDF -> pdftoppm 300 dpi","PDF / SVG",2100,1500,2100,NA,TRUE,164,114,TRUE,"exact","RUN-42",12.98
"black_bg.dots","black_bg","dots","K7Q2M9XD","PDF -> pdftoppm 300 dpi","PDF / SVG",2100,1500,2100,NA,TRUE,164,111,TRUE,"exact","K7Q2M9XD",0.29
"black_bg.tiles","black_bg","tiles","K7Q2M9XD","PDF -> pdftoppm 300 dpi","PDF / SVG",2100,1500,2100,NA,TRUE,164,114,TRUE,"exact","K7Q2M9XD",9.93
"theme_void.dots","theme_void","dots","f47ac10b-58cc-4372-a567-0e02b2c3d479","PDF -> pdftoppm 300 dpi","PDF / SVG",2100,1500,2100,NA,TRUE,178,120,TRUE,"exact","f47ac10b-58cc-4372-a567-0e02b2c3d479",2.85
"theme_void.tiles","theme_void","tiles","K7Q2M9XD","PDF -> pdftoppm 300 dpi","PDF / SVG",2100,1500,2100,NA,TRUE,178,127,TRUE,"exact","K7Q2M9XD",7.37
"tall_3x8.dots","tall_3x8","dots","K7Q2M9XD","PDF -> pdftoppm 300 dpi","PDF / SVG",900,2400,900,NA,TRUE,38,187,TRUE,"exact","K7Q2M9XD",0.18
"tall_3x8.tiles","tall_3x8","tiles","RUN-42","PDF -> pdftoppm 300 dpi","PDF / SVG",900,2400,900,NA,TRUE,38,190,FALSE,"NULL",NA,14.16
"wide_12x3.dots","wide_12x3","dots","f47ac10b-58cc-4372-a567-0e02b2c3d479","PDF -> pdftoppm 300 dpi","PDF / SVG",3600,900,3600,NA,TRUE,291,58,TRUE,"exact","f47ac10b-58cc-4372-a567-0e02b2c3d479",3.75
"wide_12x3.tiles","wide_12x3","tiles","K7Q2M9XD","PDF -> pdftoppm 300 dpi","PDF / SVG",3600,900,3600,NA,TRUE,291,63,FALSE,"NULL",NA,3.77
"small_4x3_96dpi.dots","small_4x3_96dpi","dots","K7Q2M9XD","PDF -> pdftoppm 300 dpi","PDF / SVG",1200,900,1200,NA,TRUE,88,60,TRUE,"exact","K7Q2M9XD",0.07
"small_4x3_96dpi.tiles","small_4x3_96dpi","tiles","RUN-42","PDF -> pdftoppm 300 dpi","PDF / SVG",1200,900,1200,NA,TRUE,88,63,TRUE,"exact","RUN-42",1.17
"huge_14x10_300dpi.dots","huge_14x10_300dpi","dots","f47ac10b-58cc-4372-a567-0e02b2c3d479","PDF -> pdftoppm 300 dpi","PDF / SVG",4200,3000,4200,NA,TRUE,337,236,TRUE,"exact","f47ac10b-58cc-4372-a567-0e02b2c3d479",6.25
"long_title.dots","long_title","dots","ZZ0123456789ABCD","PDF -> pdftoppm 300 dpi","PDF / SVG",2100,1500,2100,NA,TRUE,164,99,TRUE,"exact","ZZ0123456789ABCD",0.23
"long_title.tiles","long_title","tiles","ZZ0123456789","PDF -> pdftoppm 300 dpi","PDF / SVG",2100,1500,2100,NA,TRUE,164,102,TRUE,"exact","ZZ0123456789",7.9
"coord_polar.dots","coord_polar","dots","K7Q2M9XD","PDF -> pdftoppm 300 dpi","PDF / SVG",1800,1800,1800,NA,TRUE,108,108,TRUE,"exact","K7Q2M9XD",0.14
"coord_polar.tiles","coord_polar","tiles","RUN-42","PDF -> pdftoppm 300 dpi","PDF / SVG",1800,1800,1800,NA,TRUE,108,108,FALSE,"NULL",NA,9.69
"text_heavy.dots","text_heavy","dots","Zürich-δ✓","PDF -> pdftoppm 300 dpi","PDF / SVG",2100,1500,2100,NA,TRUE,164,94,TRUE,"exact","Zürich-δ✓",0.13
"text_heavy.tiles","text_heavy","tiles","café-δ","PDF -> pdftoppm 300 dpi","PDF / SVG",2100,1500,2100,NA,TRUE,164,97,TRUE,"exact","café-δ",9.47
"baseline.dots","baseline","dots","K7Q2M9XD","PDF -> sips PNG (72 dpi)","PDF / SVG",504,360,504,NA,TRUE,164,111,TRUE,"exact","K7Q2M9XD",0.02
"baseline.tiles","baseline","tiles","K7Q2M9XD","PDF -> sips PNG (72 dpi)","PDF / SVG",504,360,504,NA,TRUE,164,114,FALSE,"exact","K7Q2M9XD",0.6
"facets_3x4.dots","facets_3x4","dots","K7Q2M9XD","PDF -> sips PNG (72 dpi)","PDF / SVG",648,432,648,NA,TRUE,176,124,TRUE,"exact","K7Q2M9XD",0.02
"facet_wrap_1x2.dots","facet_wrap_1x2","dots","RUN-42","PDF -> sips PNG (72 dpi)","PDF / SVG",648,360,648,NA,TRUE,215,105,TRUE,"exact","RUN-42",0.04
"facet_wrap_1x2.tiles","facet_wrap_1x2","tiles","K7Q2M9XD","PDF -> sips PNG (72 dpi)","PDF / SVG",648,360,648,NA,TRUE,215,108,FALSE,"exact","K7Q2M9XD",1.74
"legend_caption.dots","legend_caption","dots","ZZ0123456789ABCD","PDF -> sips PNG (72 dpi)","PDF / SVG",576,432,576,NA,TRUE,189,85,TRUE,"exact","ZZ0123456789ABCD",0.01
"legend_caption.tiles","legend_caption","tiles","K7Q2M9XD","PDF -> sips PNG (72 dpi)","PDF / SVG",576,432,576,NA,TRUE,189,88,FALSE,"exact","K7Q2M9XD",3.84
"rug_outside.dots","rug_outside","dots","Zürich-δ✓","PDF -> sips PNG (72 dpi)","PDF / SVG",504,360,504,NA,TRUE,164,111,TRUE,"exact","Zürich-δ✓",0.05
"rug_outside.tiles","rug_outside","tiles","café-δ","PDF -> sips PNG (72 dpi)","PDF / SVG",504,360,504,NA,TRUE,164,114,FALSE,"exact","café-δ",2.92
"heatmap_raster.dots","heatmap_raster","dots","f47ac10b-58cc-4372-a567-0e02b2c3d479","PDF -> sips PNG (72 dpi)","PDF / SVG",504,360,504,NA,TRUE,144,109,TRUE,"exact","f47ac10b-58cc-4372-a567-0e02b2c3d479",0.81
"heatmap_raster.tiles","heatmap_raster","tiles","K7Q2M9XD","PDF -> sips PNG (72 dpi)","PDF / SVG",504,360,504,NA,TRUE,144,114,FALSE,"exact","K7Q2M9XD",1.31
"dense_10k.dots","dense_10k","dots","K7Q2M9XD","PDF -> sips PNG (72 dpi)","PDF / SVG",504,360,504,NA,TRUE,165,111,TRUE,"exact","K7Q2M9XD",0.02
"dense_10k.tiles","dense_10k","tiles","ZZ0123456789","PDF -> sips PNG (72 dpi)","PDF / SVG",504,360,504,NA,TRUE,165,114,FALSE,"exact","ZZ0123456789",1.09
"dates_line.dots","dates_line","dots","f47ac10b-58cc-4372-a567-0e02b2c3d479","PDF -> sips PNG (72 dpi)","PDF / SVG",576,324,576,NA,TRUE,184,96,TRUE,"exact","f47ac10b-58cc-4372-a567-0e02b2c3d479",0.25
"dates_line.tiles","dates_line","tiles","RUN-42","PDF -> sips PNG (72 dpi)","PDF / SVG",576,324,576,NA,TRUE,184,101,FALSE,"exact","RUN-42",0.54
"theme_dark.dots","theme_dark","dots","RUN-42","PDF -> sips PNG (72 dpi)","PDF / SVG",504,360,504,NA,TRUE,164,111,TRUE,"exact","RUN-42",0.01
"theme_dark.tiles","theme_dark","tiles","RUN-42","PDF -> sips PNG (72 dpi)","PDF / SVG",504,360,504,NA,TRUE,164,114,FALSE,"exact","RUN-42",0.35
"black_bg.dots","black_bg","dots","K7Q2M9XD","PDF -> sips PNG (72 dpi)","PDF / SVG",504,360,504,NA,TRUE,164,111,TRUE,"exact","K7Q2M9XD",0.01
"black_bg.tiles","black_bg","tiles","K7Q2M9XD","PDF -> sips PNG (72 dpi)","PDF / SVG",504,360,504,NA,TRUE,164,114,FALSE,"exact","K7Q2M9XD",0.47
"theme_void.dots","theme_void","dots","f47ac10b-58cc-4372-a567-0e02b2c3d479","PDF -> sips PNG (72 dpi)","PDF / SVG",504,360,504,NA,TRUE,178,120,TRUE,"exact","f47ac10b-58cc-4372-a567-0e02b2c3d479",0.19
"theme_void.tiles","theme_void","tiles","K7Q2M9XD","PDF -> sips PNG (72 dpi)","PDF / SVG",504,360,504,NA,TRUE,178,127,FALSE,"exact","K7Q2M9XD",0.38
"tall_3x8.dots","tall_3x8","dots","K7Q2M9XD","PDF -> sips PNG (72 dpi)","PDF / SVG",216,576,216,NA,TRUE,38,187,FALSE,"exact","K7Q2M9XD",0.01
"tall_3x8.tiles","tall_3x8","tiles","RUN-42","PDF -> sips PNG (72 dpi)","PDF / SVG",216,576,216,NA,TRUE,38,190,FALSE,"NULL",NA,1.07
"wide_12x3.dots","wide_12x3","dots","f47ac10b-58cc-4372-a567-0e02b2c3d479","PDF -> sips PNG (72 dpi)","PDF / SVG",864,216,864,NA,TRUE,291,58,TRUE,"exact","f47ac10b-58cc-4372-a567-0e02b2c3d479",0.24
"wide_12x3.tiles","wide_12x3","tiles","K7Q2M9XD","PDF -> sips PNG (72 dpi)","PDF / SVG",864,216,864,NA,TRUE,291,63,FALSE,"NULL",NA,0.66
"small_4x3_96dpi.dots","small_4x3_96dpi","dots","K7Q2M9XD","PDF -> sips PNG (72 dpi)","PDF / SVG",288,216,288,NA,TRUE,88,60,FALSE,"exact","K7Q2M9XD",0.01
"small_4x3_96dpi.tiles","small_4x3_96dpi","tiles","RUN-42","PDF -> sips PNG (72 dpi)","PDF / SVG",288,216,288,NA,TRUE,88,63,FALSE,"NULL",NA,0.35
"huge_14x10_300dpi.dots","huge_14x10_300dpi","dots","f47ac10b-58cc-4372-a567-0e02b2c3d479","PDF -> sips PNG (72 dpi)","PDF / SVG",1008,720,1008,NA,TRUE,337,236,TRUE,"exact","f47ac10b-58cc-4372-a567-0e02b2c3d479",0.35
"long_title.dots","long_title","dots","ZZ0123456789ABCD","PDF -> sips PNG (72 dpi)","PDF / SVG",504,360,504,NA,TRUE,164,99,TRUE,"exact","ZZ0123456789ABCD",0.02
"long_title.tiles","long_title","tiles","ZZ0123456789","PDF -> sips PNG (72 dpi)","PDF / SVG",504,360,504,NA,TRUE,164,102,FALSE,"exact","ZZ0123456789",0.97
"coord_polar.dots","coord_polar","dots","K7Q2M9XD","PDF -> sips PNG (72 dpi)","PDF / SVG",432,432,432,NA,TRUE,108,108,TRUE,"exact","K7Q2M9XD",0.01
"coord_polar.tiles","coord_polar","tiles","RUN-42","PDF -> sips PNG (72 dpi)","PDF / SVG",432,432,432,NA,TRUE,108,108,FALSE,"NULL",NA,0.6
"text_heavy.dots","text_heavy","dots","Zürich-δ✓","PDF -> sips PNG (72 dpi)","PDF / SVG",504,360,504,NA,TRUE,164,94,TRUE,"exact","Zürich-δ✓",0.01
"text_heavy.tiles","text_heavy","tiles","café-δ","PDF -> sips PNG (72 dpi)","PDF / SVG",504,360,504,NA,TRUE,164,97,FALSE,"exact","café-δ",0.67
"baseline.dots","baseline","dots","K7Q2M9XD","PDF -> Quick Look 1000 px","PDF / SVG",1000,714,1000,NA,TRUE,164,111,TRUE,"exact","K7Q2M9XD",0.05
"baseline.tiles","baseline","tiles","K7Q2M9XD","PDF -> Quick Look 1000 px","PDF / SVG",1000,714,1000,NA,TRUE,164,114,TRUE,"exact","K7Q2M9XD",0.93
"facets_3x4.dots","facets_3x4","dots","K7Q2M9XD","PDF -> Quick Look 1000 px","PDF / SVG",1000,666,1000,NA,TRUE,176,124,TRUE,"exact","K7Q2M9XD",0.05
"facet_wrap_1x2.dots","facet_wrap_1x2","dots","RUN-42","PDF -> Quick Look 1000 px","PDF / SVG",1000,555,1000,NA,TRUE,215,105,TRUE,"exact","RUN-42",0.04
"facet_wrap_1x2.tiles","facet_wrap_1x2","tiles","K7Q2M9XD","PDF -> Quick Look 1000 px","PDF / SVG",1000,555,1000,NA,TRUE,215,108,FALSE,"exact","K7Q2M9XD",0.91
"legend_caption.dots","legend_caption","dots","ZZ0123456789ABCD","PDF -> Quick Look 1000 px","PDF / SVG",1000,750,1000,NA,TRUE,189,85,TRUE,"exact","ZZ0123456789ABCD",0.06
"legend_caption.tiles","legend_caption","tiles","K7Q2M9XD","PDF -> Quick Look 1000 px","PDF / SVG",1000,750,1000,NA,TRUE,189,88,FALSE,"exact","K7Q2M9XD",3.97
"rug_outside.dots","rug_outside","dots","Zürich-δ✓","PDF -> Quick Look 1000 px","PDF / SVG",1000,714,1000,NA,TRUE,164,111,TRUE,"exact","Zürich-δ✓",0.05
"rug_outside.tiles","rug_outside","tiles","café-δ","PDF -> Quick Look 1000 px","PDF / SVG",1000,714,1000,NA,TRUE,164,114,TRUE,"exact","café-δ",1.8
"heatmap_raster.dots","heatmap_raster","dots","f47ac10b-58cc-4372-a567-0e02b2c3d479","PDF -> Quick Look 1000 px","PDF / SVG",1000,714,1000,NA,TRUE,144,109,TRUE,"exact","f47ac10b-58cc-4372-a567-0e02b2c3d479",0.34
"heatmap_raster.tiles","heatmap_raster","tiles","K7Q2M9XD","PDF -> Quick Look 1000 px","PDF / SVG",1000,714,1000,NA,TRUE,144,114,FALSE,"exact","K7Q2M9XD",1.8
"dense_10k.dots","dense_10k","dots","K7Q2M9XD","PDF -> Quick Look 1000 px","PDF / SVG",1000,714,1000,NA,TRUE,165,111,TRUE,"exact","K7Q2M9XD",0.04
"dense_10k.tiles","dense_10k","tiles","ZZ0123456789","PDF -> Quick Look 1000 px","PDF / SVG",1000,714,1000,NA,TRUE,165,114,TRUE,"exact","ZZ0123456789",1.47
"dates_line.dots","dates_line","dots","f47ac10b-58cc-4372-a567-0e02b2c3d479","PDF -> Quick Look 1000 px","PDF / SVG",1000,562,1000,NA,TRUE,184,96,TRUE,"exact","f47ac10b-58cc-4372-a567-0e02b2c3d479",0.33
"dates_line.tiles","dates_line","tiles","RUN-42","PDF -> Quick Look 1000 px","PDF / SVG",1000,562,1000,NA,TRUE,184,101,FALSE,"exact","RUN-42",1.11
"theme_dark.dots","theme_dark","dots","RUN-42","PDF -> Quick Look 1000 px","PDF / SVG",1000,714,1000,NA,TRUE,164,111,TRUE,"exact","RUN-42",0.05
"theme_dark.tiles","theme_dark","tiles","RUN-42","PDF -> Quick Look 1000 px","PDF / SVG",1000,714,1000,NA,TRUE,164,114,TRUE,"exact","RUN-42",1.33
"black_bg.dots","black_bg","dots","K7Q2M9XD","PDF -> Quick Look 1000 px","PDF / SVG",1000,714,1000,NA,TRUE,164,111,TRUE,"exact","K7Q2M9XD",0.06
"black_bg.tiles","black_bg","tiles","K7Q2M9XD","PDF -> Quick Look 1000 px","PDF / SVG",1000,714,1000,NA,TRUE,164,114,TRUE,"exact","K7Q2M9XD",1.39
"theme_void.dots","theme_void","dots","f47ac10b-58cc-4372-a567-0e02b2c3d479","PDF -> Quick Look 1000 px","PDF / SVG",1000,714,1000,NA,TRUE,178,120,TRUE,"exact","f47ac10b-58cc-4372-a567-0e02b2c3d479",0.61
"theme_void.tiles","theme_void","tiles","K7Q2M9XD","PDF -> Quick Look 1000 px","PDF / SVG",1000,714,1000,NA,TRUE,178,127,TRUE,"exact","K7Q2M9XD",1.03
"tall_3x8.dots","tall_3x8","dots","K7Q2M9XD","PDF -> Quick Look 1000 px","PDF / SVG",375,1000,375,NA,TRUE,38,187,TRUE,"exact","K7Q2M9XD",0.03
"tall_3x8.tiles","tall_3x8","tiles","RUN-42","PDF -> Quick Look 1000 px","PDF / SVG",375,1000,375,NA,TRUE,38,190,FALSE,"NULL",NA,2.22
"wide_12x3.dots","wide_12x3","dots","f47ac10b-58cc-4372-a567-0e02b2c3d479","PDF -> Quick Look 1000 px","PDF / SVG",1000,250,1000,NA,TRUE,291,58,TRUE,"exact","f47ac10b-58cc-4372-a567-0e02b2c3d479",0.3
"wide_12x3.tiles","wide_12x3","tiles","K7Q2M9XD","PDF -> Quick Look 1000 px","PDF / SVG",1000,250,1000,NA,TRUE,291,63,FALSE,"NULL",NA,0.71
"small_4x3_96dpi.dots","small_4x3_96dpi","dots","K7Q2M9XD","PDF -> Quick Look 1000 px","PDF / SVG",1000,750,1000,NA,TRUE,88,60,TRUE,"exact","K7Q2M9XD",0.05
"small_4x3_96dpi.tiles","small_4x3_96dpi","tiles","RUN-42","PDF -> Quick Look 1000 px","PDF / SVG",1000,750,1000,NA,TRUE,88,63,TRUE,"exact","RUN-42",0.84
"huge_14x10_300dpi.dots","huge_14x10_300dpi","dots","f47ac10b-58cc-4372-a567-0e02b2c3d479","PDF -> Quick Look 1000 px","PDF / SVG",1000,714,1000,NA,TRUE,337,236,TRUE,"exact","f47ac10b-58cc-4372-a567-0e02b2c3d479",0.29
"long_title.dots","long_title","dots","ZZ0123456789ABCD","PDF -> Quick Look 1000 px","PDF / SVG",1000,714,1000,NA,TRUE,164,99,TRUE,"exact","ZZ0123456789ABCD",0.06
"long_title.tiles","long_title","tiles","ZZ0123456789","PDF -> Quick Look 1000 px","PDF / SVG",1000,714,1000,NA,TRUE,164,102,TRUE,"exact","ZZ0123456789",1.41
"coord_polar.dots","coord_polar","dots","K7Q2M9XD","PDF -> Quick Look 1000 px","PDF / SVG",1000,1000,1000,NA,TRUE,108,108,TRUE,"exact","K7Q2M9XD",0.07
"coord_polar.tiles","coord_polar","tiles","RUN-42","PDF -> Quick Look 1000 px","PDF / SVG",1000,1000,1000,NA,TRUE,108,108,FALSE,"NULL",NA,3.01
"text_heavy.dots","text_heavy","dots","Zürich-δ✓","PDF -> Quick Look 1000 px","PDF / SVG",1000,714,1000,NA,TRUE,164,94,TRUE,"exact","Zürich-δ✓",0.05
"text_heavy.tiles","text_heavy","tiles","café-δ","PDF -> Quick Look 1000 px","PDF / SVG",1000,714,1000,NA,TRUE,164,97,TRUE,"exact","café-δ",1.7
"baseline.dots","baseline","dots","K7Q2M9XD","SVG -> Quick Look 1000 px","PDF / SVG",1000,1000,1000,NA,TRUE,164,111,FALSE,"exact","K7Q2M9XD",0.09
"baseline.tiles","baseline","tiles","K7Q2M9XD","SVG -> Quick Look 1000 px","PDF / SVG",1000,1000,1000,NA,TRUE,164,114,FALSE,"exact","K7Q2M9XD",1.14
"facets_3x4.dots","facets_3x4","dots","K7Q2M9XD","SVG -> Quick Look 1000 px","PDF / SVG",1000,1000,1000,NA,TRUE,176,124,FALSE,"NULL",NA,30.72
"facet_wrap_1x2.dots","facet_wrap_1x2","dots","RUN-42","SVG -> Quick Look 1000 px","PDF / SVG",1000,1000,1000,NA,TRUE,215,105,FALSE,"NULL",NA,2.23
"facet_wrap_1x2.tiles","facet_wrap_1x2","tiles","K7Q2M9XD","SVG -> Quick Look 1000 px","PDF / SVG",1000,1000,1000,NA,TRUE,215,108,FALSE,"exact","K7Q2M9XD",1.63
"legend_caption.dots","legend_caption","dots","ZZ0123456789ABCD","SVG -> Quick Look 1000 px","PDF / SVG",1000,1000,1000,NA,TRUE,189,85,FALSE,"exact","ZZ0123456789ABCD",0.09
"legend_caption.tiles","legend_caption","tiles","K7Q2M9XD","SVG -> Quick Look 1000 px","PDF / SVG",1000,1000,1000,NA,TRUE,189,88,FALSE,"exact","K7Q2M9XD",4.49
"rug_outside.dots","rug_outside","dots","Zürich-δ✓","SVG -> Quick Look 1000 px","PDF / SVG",1000,1000,1000,NA,TRUE,164,111,FALSE,"exact","Zürich-δ✓",0.09
"rug_outside.tiles","rug_outside","tiles","café-δ","SVG -> Quick Look 1000 px","PDF / SVG",1000,1000,1000,NA,TRUE,164,114,FALSE,"exact","café-δ",1.44
"heatmap_raster.dots","heatmap_raster","dots","f47ac10b-58cc-4372-a567-0e02b2c3d479","SVG -> Quick Look 1000 px","PDF / SVG",1000,1000,1000,NA,TRUE,144,109,FALSE,"exact","f47ac10b-58cc-4372-a567-0e02b2c3d479",0.8
"heatmap_raster.tiles","heatmap_raster","tiles","K7Q2M9XD","SVG -> Quick Look 1000 px","PDF / SVG",1000,1000,1000,NA,TRUE,144,114,FALSE,"NULL",NA,2.25
"dense_10k.dots","dense_10k","dots","K7Q2M9XD","SVG -> Quick Look 1000 px","PDF / SVG",1000,1000,1000,NA,TRUE,165,111,FALSE,"exact","K7Q2M9XD",0.08
"dense_10k.tiles","dense_10k","tiles","ZZ0123456789","SVG -> Quick Look 1000 px","PDF / SVG",1000,1000,1000,NA,TRUE,165,114,FALSE,"exact","ZZ0123456789",1.54
"dates_line.dots","dates_line","dots","f47ac10b-58cc-4372-a567-0e02b2c3d479","SVG -> Quick Look 1000 px","PDF / SVG",1000,1000,1000,NA,TRUE,184,96,FALSE,"exact","f47ac10b-58cc-4372-a567-0e02b2c3d479",0.41
"dates_line.tiles","dates_line","tiles","RUN-42","SVG -> Quick Look 1000 px","PDF / SVG",1000,1000,1000,NA,TRUE,184,101,FALSE,"NULL",NA,2.45
"theme_dark.dots","theme_dark","dots","RUN-42","SVG -> Quick Look 1000 px","PDF / SVG",1000,1000,1000,NA,TRUE,164,111,FALSE,"exact","RUN-42",0.09
"theme_dark.tiles","theme_dark","tiles","RUN-42","SVG -> Quick Look 1000 px","PDF / SVG",1000,1000,1000,NA,TRUE,164,114,FALSE,"exact","RUN-42",1.56
"black_bg.dots","black_bg","dots","K7Q2M9XD","SVG -> Quick Look 1000 px","PDF / SVG",1000,1000,1000,NA,TRUE,164,111,FALSE,"exact","K7Q2M9XD",0.09
"black_bg.tiles","black_bg","tiles","K7Q2M9XD","SVG -> Quick Look 1000 px","PDF / SVG",1000,1000,1000,NA,TRUE,164,114,FALSE,"exact","K7Q2M9XD",1.69
"theme_void.dots","theme_void","dots","f47ac10b-58cc-4372-a567-0e02b2c3d479","SVG -> Quick Look 1000 px","PDF / SVG",1000,1000,1000,NA,TRUE,178,120,FALSE,"exact","f47ac10b-58cc-4372-a567-0e02b2c3d479",0.63
"theme_void.tiles","theme_void","tiles","K7Q2M9XD","SVG -> Quick Look 1000 px","PDF / SVG",1000,1000,1000,NA,TRUE,178,127,FALSE,"exact","K7Q2M9XD",1.25
"tall_3x8.dots","tall_3x8","dots","K7Q2M9XD","SVG -> Quick Look 1000 px","PDF / SVG",1000,1000,1000,NA,TRUE,38,187,FALSE,"NULL",NA,3.46
"tall_3x8.tiles","tall_3x8","tiles","RUN-42","SVG -> Quick Look 1000 px","PDF / SVG",1000,1000,1000,NA,TRUE,38,190,FALSE,"NULL",NA,3.87
"wide_12x3.dots","wide_12x3","dots","f47ac10b-58cc-4372-a567-0e02b2c3d479","SVG -> Quick Look 1000 px","PDF / SVG",1000,1000,1000,NA,TRUE,291,58,FALSE,"NULL",NA,2.7
"wide_12x3.tiles","wide_12x3","tiles","K7Q2M9XD","SVG -> Quick Look 1000 px","PDF / SVG",1000,1000,1000,NA,TRUE,291,63,FALSE,"exact","K7Q2M9XD",2.42
"small_4x3_96dpi.dots","small_4x3_96dpi","dots","K7Q2M9XD","SVG -> Quick Look 1000 px","PDF / SVG",1000,1000,1000,NA,TRUE,88,60,FALSE,"exact","K7Q2M9XD",0.08
"small_4x3_96dpi.tiles","small_4x3_96dpi","tiles","RUN-42","SVG -> Quick Look 1000 px","PDF / SVG",1000,1000,1000,NA,TRUE,88,63,FALSE,"exact","RUN-42",1.64
"huge_14x10_300dpi.dots","huge_14x10_300dpi","dots","f47ac10b-58cc-4372-a567-0e02b2c3d479","SVG -> Quick Look 1000 px","PDF / SVG",1000,1000,1000,NA,TRUE,337,236,FALSE,"NULL",NA,2.83
"long_title.dots","long_title","dots","ZZ0123456789ABCD","SVG -> Quick Look 1000 px","PDF / SVG",1000,1000,1000,NA,TRUE,164,99,FALSE,"exact","ZZ0123456789ABCD",0.14
"long_title.tiles","long_title","tiles","ZZ0123456789","SVG -> Quick Look 1000 px","PDF / SVG",1000,1000,1000,NA,TRUE,164,102,FALSE,"exact","ZZ0123456789",1.85
"coord_polar.dots","coord_polar","dots","K7Q2M9XD","SVG -> Quick Look 1000 px","PDF / SVG",1000,1000,1000,NA,TRUE,108,108,FALSE,"exact","K7Q2M9XD",0.07
"coord_polar.tiles","coord_polar","tiles","RUN-42","SVG -> Quick Look 1000 px","PDF / SVG",1000,1000,1000,NA,TRUE,108,108,FALSE,"NULL",NA,2.7
"text_heavy.dots","text_heavy","dots","Zürich-δ✓","SVG -> Quick Look 1000 px","PDF / SVG",1000,1000,1000,NA,TRUE,164,94,FALSE,"exact","Zürich-δ✓",0.19
"text_heavy.tiles","text_heavy","tiles","café-δ","SVG -> Quick Look 1000 px","PDF / SVG",1000,1000,1000,NA,TRUE,164,97,FALSE,"exact","café-δ",1.69
"baseline.dots","baseline","dots","K7Q2M9XD","Transparent PNG as saved","Transparent PNG",1050,750,1050,NA,TRUE,164,111,TRUE,"exact","K7Q2M9XD",0.04
"baseline.tiles","baseline","tiles","K7Q2M9XD","Transparent PNG as saved","Transparent PNG",1050,750,1050,NA,TRUE,164,114,TRUE,"exact","K7Q2M9XD",0.9
"facets_3x4.dots","facets_3x4","dots","K7Q2M9XD","Transparent PNG as saved","Transparent PNG",1350,900,1350,NA,TRUE,176,124,TRUE,"exact","K7Q2M9XD",0.09
"facet_wrap_1x2.dots","facet_wrap_1x2","dots","RUN-42","Transparent PNG as saved","Transparent PNG",1350,750,1350,NA,TRUE,215,105,TRUE,"exact","RUN-42",0.07
"facet_wrap_1x2.tiles","facet_wrap_1x2","tiles","K7Q2M9XD","Transparent PNG as saved","Transparent PNG",1350,750,1350,NA,TRUE,215,108,TRUE,"exact","K7Q2M9XD",1.35
"legend_caption.dots","legend_caption","dots","ZZ0123456789ABCD","Transparent PNG as saved","Transparent PNG",1200,900,1200,NA,TRUE,189,85,TRUE,"exact","ZZ0123456789ABCD",0.1
"legend_caption.tiles","legend_caption","tiles","K7Q2M9XD","Transparent PNG as saved","Transparent PNG",1200,900,1200,NA,TRUE,189,88,TRUE,"exact","K7Q2M9XD",6.34
"rug_outside.dots","rug_outside","dots","Zürich-δ✓","Transparent PNG as saved","Transparent PNG",1050,750,1050,NA,TRUE,164,111,TRUE,"exact","Zürich-δ✓",0.05
"rug_outside.tiles","rug_outside","tiles","café-δ","Transparent PNG as saved","Transparent PNG",1050,750,1050,NA,TRUE,164,114,TRUE,"exact","café-δ",1.98
"heatmap_raster.dots","heatmap_raster","dots","f47ac10b-58cc-4372-a567-0e02b2c3d479","Transparent PNG as saved","Transparent PNG",1050,750,1050,NA,TRUE,144,109,TRUE,"exact","f47ac10b-58cc-4372-a567-0e02b2c3d479",0.4
"heatmap_raster.tiles","heatmap_raster","tiles","K7Q2M9XD","Transparent PNG as saved","Transparent PNG",1050,750,1050,NA,TRUE,144,114,FALSE,"NULL",NA,1.86
"dense_10k.dots","dense_10k","dots","K7Q2M9XD","Transparent PNG as saved","Transparent PNG",1400,1000,1400,NA,TRUE,165,111,TRUE,"exact","K7Q2M9XD",0.09
"dense_10k.tiles","dense_10k","tiles","ZZ0123456789","Transparent PNG as saved","Transparent PNG",1400,1000,1400,NA,TRUE,165,114,TRUE,"exact","ZZ0123456789",2.18
"dates_line.dots","dates_line","dots","f47ac10b-58cc-4372-a567-0e02b2c3d479","Transparent PNG as saved","Transparent PNG",1200,675,1200,NA,TRUE,184,96,TRUE,"exact","f47ac10b-58cc-4372-a567-0e02b2c3d479",0.54
"dates_line.tiles","dates_line","tiles","RUN-42","Transparent PNG as saved","Transparent PNG",1200,675,1200,NA,TRUE,184,101,TRUE,"NULL",NA,2.28
"theme_dark.dots","theme_dark","dots","RUN-42","Transparent PNG as saved","Transparent PNG",1050,750,1050,NA,TRUE,164,111,TRUE,"exact","RUN-42",0.06
"theme_dark.tiles","theme_dark","tiles","RUN-42","Transparent PNG as saved","Transparent PNG",1050,750,1050,NA,TRUE,164,114,TRUE,"exact","RUN-42",1.45
"black_bg.dots","black_bg","dots","K7Q2M9XD","Transparent PNG as saved","Transparent PNG",1050,750,1050,NA,TRUE,164,111,TRUE,"NULL",NA,1.63
"black_bg.tiles","black_bg","tiles","K7Q2M9XD","Transparent PNG as saved","Transparent PNG",1050,750,1050,NA,TRUE,164,114,TRUE,"exact","K7Q2M9XD",1.43
"theme_void.dots","theme_void","dots","f47ac10b-58cc-4372-a567-0e02b2c3d479","Transparent PNG as saved","Transparent PNG",1050,750,1050,NA,TRUE,178,120,TRUE,"exact","f47ac10b-58cc-4372-a567-0e02b2c3d479",0.61
"theme_void.tiles","theme_void","tiles","K7Q2M9XD","Transparent PNG as saved","Transparent PNG",1050,750,1050,NA,TRUE,178,127,TRUE,"exact","K7Q2M9XD",1.1
"tall_3x8.dots","tall_3x8","dots","K7Q2M9XD","Transparent PNG as saved","Transparent PNG",450,1200,450,NA,TRUE,38,187,TRUE,"exact","K7Q2M9XD",0.03
"tall_3x8.tiles","tall_3x8","tiles","RUN-42","Transparent PNG as saved","Transparent PNG",450,1200,450,NA,TRUE,38,190,FALSE,"NULL",NA,4.36
"wide_12x3.dots","wide_12x3","dots","f47ac10b-58cc-4372-a567-0e02b2c3d479","Transparent PNG as saved","Transparent PNG",1800,450,1800,NA,TRUE,291,58,TRUE,"exact","f47ac10b-58cc-4372-a567-0e02b2c3d479",0.5
"wide_12x3.tiles","wide_12x3","tiles","K7Q2M9XD","Transparent PNG as saved","Transparent PNG",1800,450,1800,NA,TRUE,291,63,FALSE,"NULL",NA,1.83
"small_4x3_96dpi.dots","small_4x3_96dpi","dots","K7Q2M9XD","Transparent PNG as saved","Transparent PNG",384,288,384,NA,TRUE,88,60,TRUE,"exact","K7Q2M9XD",0.02
"small_4x3_96dpi.tiles","small_4x3_96dpi","tiles","RUN-42","Transparent PNG as saved","Transparent PNG",384,288,384,NA,TRUE,88,63,FALSE,"NULL",NA,0.3
"huge_14x10_300dpi.dots","huge_14x10_300dpi","dots","f47ac10b-58cc-4372-a567-0e02b2c3d479","Transparent PNG as saved","Transparent PNG",4200,3000,4200,NA,TRUE,337,236,TRUE,"exact","f47ac10b-58cc-4372-a567-0e02b2c3d479",5.06
"long_title.dots","long_title","dots","ZZ0123456789ABCD","Transparent PNG as saved","Transparent PNG",1050,750,1050,NA,TRUE,164,99,TRUE,"exact","ZZ0123456789ABCD",0.05
"long_title.tiles","long_title","tiles","ZZ0123456789","Transparent PNG as saved","Transparent PNG",1050,750,1050,NA,TRUE,164,102,TRUE,"exact","ZZ0123456789",1.55
"coord_polar.dots","coord_polar","dots","K7Q2M9XD","Transparent PNG as saved","Transparent PNG",900,900,900,NA,TRUE,108,108,TRUE,"exact","K7Q2M9XD",0.05
"coord_polar.tiles","coord_polar","tiles","RUN-42","Transparent PNG as saved","Transparent PNG",900,900,900,NA,TRUE,108,108,FALSE,"NULL",NA,2.31
"text_heavy.dots","text_heavy","dots","Zürich-δ✓","Transparent PNG as saved","Transparent PNG",1050,750,1050,NA,TRUE,164,94,TRUE,"exact","Zürich-δ✓",0.05
"text_heavy.tiles","text_heavy","tiles","café-δ","Transparent PNG as saved","Transparent PNG",1050,750,1050,NA,TRUE,164,97,TRUE,"exact","café-δ",3.56
"baseline.dots","baseline","dots","K7Q2M9XD","Transparent on white (ffmpeg overlay)","Transparent PNG",1050,750,1050,NA,TRUE,164,111,TRUE,"exact","K7Q2M9XD",0.05
"baseline.tiles","baseline","tiles","K7Q2M9XD","Transparent on white (ffmpeg overlay)","Transparent PNG",1050,750,1050,NA,TRUE,164,114,TRUE,"exact","K7Q2M9XD",2.02
"facets_3x4.dots","facets_3x4","dots","K7Q2M9XD","Transparent on white (ffmpeg overlay)","Transparent PNG",1350,900,1350,NA,TRUE,176,124,TRUE,"exact","K7Q2M9XD",0.06
"facet_wrap_1x2.dots","facet_wrap_1x2","dots","RUN-42","Transparent on white (ffmpeg overlay)","Transparent PNG",1350,750,1350,NA,TRUE,215,105,TRUE,"exact","RUN-42",0.09
"facet_wrap_1x2.tiles","facet_wrap_1x2","tiles","K7Q2M9XD","Transparent on white (ffmpeg overlay)","Transparent PNG",1350,750,1350,NA,TRUE,215,108,TRUE,"exact","K7Q2M9XD",1.86
"legend_caption.dots","legend_caption","dots","ZZ0123456789ABCD","Transparent on white (ffmpeg overlay)","Transparent PNG",1200,900,1200,NA,TRUE,189,85,TRUE,"exact","ZZ0123456789ABCD",0.04
"legend_caption.tiles","legend_caption","tiles","K7Q2M9XD","Transparent on white (ffmpeg overlay)","Transparent PNG",1200,900,1200,NA,TRUE,189,88,TRUE,"exact","K7Q2M9XD",7.8
"rug_outside.dots","rug_outside","dots","Zürich-δ✓","Transparent on white (ffmpeg overlay)","Transparent PNG",1050,750,1050,NA,TRUE,164,111,TRUE,"exact","Zürich-δ✓",0.08
"rug_outside.tiles","rug_outside","tiles","café-δ","Transparent on white (ffmpeg overlay)","Transparent PNG",1050,750,1050,NA,TRUE,164,114,TRUE,"exact","café-δ",2.72
"heatmap_raster.dots","heatmap_raster","dots","f47ac10b-58cc-4372-a567-0e02b2c3d479","Transparent on white (ffmpeg overlay)","Transparent PNG",1050,750,1050,NA,TRUE,144,109,TRUE,"exact","f47ac10b-58cc-4372-a567-0e02b2c3d479",0.38
"heatmap_raster.tiles","heatmap_raster","tiles","K7Q2M9XD","Transparent on white (ffmpeg overlay)","Transparent PNG",1050,750,1050,NA,TRUE,144,114,FALSE,"NULL",NA,2.48
"dense_10k.dots","dense_10k","dots","K7Q2M9XD","Transparent on white (ffmpeg overlay)","Transparent PNG",1400,1000,1400,NA,TRUE,165,111,TRUE,"exact","K7Q2M9XD",0.08
"dense_10k.tiles","dense_10k","tiles","ZZ0123456789","Transparent on white (ffmpeg overlay)","Transparent PNG",1400,1000,1400,NA,TRUE,165,114,TRUE,"exact","ZZ0123456789",3.18
"dates_line.dots","dates_line","dots","f47ac10b-58cc-4372-a567-0e02b2c3d479","Transparent on white (ffmpeg overlay)","Transparent PNG",1200,675,1200,NA,TRUE,184,96,TRUE,"exact","f47ac10b-58cc-4372-a567-0e02b2c3d479",0.5
"dates_line.tiles","dates_line","tiles","RUN-42","Transparent on white (ffmpeg overlay)","Transparent PNG",1200,675,1200,NA,TRUE,184,101,TRUE,"NULL",NA,3.69
"theme_dark.dots","theme_dark","dots","RUN-42","Transparent on white (ffmpeg overlay)","Transparent PNG",1050,750,1050,NA,TRUE,164,111,TRUE,"exact","RUN-42",0.14
"theme_dark.tiles","theme_dark","tiles","RUN-42","Transparent on white (ffmpeg overlay)","Transparent PNG",1050,750,1050,NA,TRUE,164,114,TRUE,"exact","RUN-42",2.3
"black_bg.dots","black_bg","dots","K7Q2M9XD","Transparent on white (ffmpeg overlay)","Transparent PNG",1050,750,1050,NA,TRUE,164,111,TRUE,"NULL",NA,1.85
"black_bg.tiles","black_bg","tiles","K7Q2M9XD","Transparent on white (ffmpeg overlay)","Transparent PNG",1050,750,1050,NA,TRUE,164,114,TRUE,"exact","K7Q2M9XD",1.59
"theme_void.dots","theme_void","dots","f47ac10b-58cc-4372-a567-0e02b2c3d479","Transparent on white (ffmpeg overlay)","Transparent PNG",1050,750,1050,NA,TRUE,178,120,TRUE,"exact","f47ac10b-58cc-4372-a567-0e02b2c3d479",0.84
"theme_void.tiles","theme_void","tiles","K7Q2M9XD","Transparent on white (ffmpeg overlay)","Transparent PNG",1050,750,1050,NA,TRUE,178,127,TRUE,"exact","K7Q2M9XD",0.99
"tall_3x8.dots","tall_3x8","dots","K7Q2M9XD","Transparent on white (ffmpeg overlay)","Transparent PNG",450,1200,450,NA,TRUE,38,187,TRUE,"exact","K7Q2M9XD",0.04
"tall_3x8.tiles","tall_3x8","tiles","RUN-42","Transparent on white (ffmpeg overlay)","Transparent PNG",450,1200,450,NA,TRUE,38,190,FALSE,"NULL",NA,4.31
"wide_12x3.dots","wide_12x3","dots","f47ac10b-58cc-4372-a567-0e02b2c3d479","Transparent on white (ffmpeg overlay)","Transparent PNG",1800,450,1800,NA,TRUE,291,58,TRUE,"exact","f47ac10b-58cc-4372-a567-0e02b2c3d479",0.51
"wide_12x3.tiles","wide_12x3","tiles","K7Q2M9XD","Transparent on white (ffmpeg overlay)","Transparent PNG",1800,450,1800,NA,TRUE,291,63,FALSE,"NULL",NA,1.88
"small_4x3_96dpi.dots","small_4x3_96dpi","dots","K7Q2M9XD","Transparent on white (ffmpeg overlay)","Transparent PNG",384,288,384,NA,TRUE,88,60,TRUE,"exact","K7Q2M9XD",0.01
"small_4x3_96dpi.tiles","small_4x3_96dpi","tiles","RUN-42","Transparent on white (ffmpeg overlay)","Transparent PNG",384,288,384,NA,TRUE,88,63,FALSE,"NULL",NA,0.32
"huge_14x10_300dpi.dots","huge_14x10_300dpi","dots","f47ac10b-58cc-4372-a567-0e02b2c3d479","Transparent on white (ffmpeg overlay)","Transparent PNG",4200,3000,4200,NA,TRUE,337,236,TRUE,"exact","f47ac10b-58cc-4372-a567-0e02b2c3d479",3.42
"long_title.dots","long_title","dots","ZZ0123456789ABCD","Transparent on white (ffmpeg overlay)","Transparent PNG",1050,750,1050,NA,TRUE,164,99,TRUE,"exact","ZZ0123456789ABCD",0.04
"long_title.tiles","long_title","tiles","ZZ0123456789","Transparent on white (ffmpeg overlay)","Transparent PNG",1050,750,1050,NA,TRUE,164,102,TRUE,"exact","ZZ0123456789",1.67
"coord_polar.dots","coord_polar","dots","K7Q2M9XD","Transparent on white (ffmpeg overlay)","Transparent PNG",900,900,900,NA,TRUE,108,108,TRUE,"exact","K7Q2M9XD",0.04
"coord_polar.tiles","coord_polar","tiles","RUN-42","Transparent on white (ffmpeg overlay)","Transparent PNG",900,900,900,NA,TRUE,108,108,FALSE,"NULL",NA,2.79
"text_heavy.dots","text_heavy","dots","Zürich-δ✓","Transparent on white (ffmpeg overlay)","Transparent PNG",1050,750,1050,NA,TRUE,164,94,TRUE,"exact","Zürich-δ✓",0.05
"text_heavy.tiles","text_heavy","tiles","café-δ","Transparent on white (ffmpeg overlay)","Transparent PNG",1050,750,1050,NA,TRUE,164,97,TRUE,"exact","café-δ",3.26
"baseline.dots","baseline","dots","K7Q2M9XD","Transparent on Slack dark (ffmpeg overlay)","Transparent PNG",1050,750,1050,NA,TRUE,164,111,TRUE,"exact","K7Q2M9XD",0.06
"baseline.tiles","baseline","tiles","K7Q2M9XD","Transparent on Slack dark (ffmpeg overlay)","Transparent PNG",1050,750,1050,NA,TRUE,164,114,TRUE,"exact","K7Q2M9XD",1.47
"baseline.both","baseline","both","K7Q2M9XD","Transparent on Slack dark (ffmpeg overlay)","Transparent PNG",1050,750,1050,NA,TRUE,164,111,TRUE,"exact","K7Q2M9XD",0.04
"baseline.none","baseline","none",NA,"Transparent on Slack dark (ffmpeg overlay)","Transparent PNG",1050,750,1050,NA,TRUE,164,114,FALSE,"NULL",NA,1.85
"facets_3x4.dots","facets_3x4","dots","K7Q2M9XD","Transparent on Slack dark (ffmpeg overlay)","Transparent PNG",1350,900,1350,NA,TRUE,176,124,TRUE,"exact","K7Q2M9XD",0.09
"facets_3x4.tiles","facets_3x4","tiles","RUN-42","Transparent on Slack dark (ffmpeg overlay)","Transparent PNG",1350,900,1350,NA,TRUE,176,127,TRUE,"NULL",NA,29.3
"facets_3x4.both","facets_3x4","both","RUN-42","Transparent on Slack dark (ffmpeg overlay)","Transparent PNG",1350,900,1350,NA,TRUE,176,124,TRUE,"exact","RUN-42",0.07
"facets_3x4.none","facets_3x4","none",NA,"Transparent on Slack dark (ffmpeg overlay)","Transparent PNG",1350,900,1350,NA,TRUE,176,127,FALSE,"NULL",NA,40.53
"facet_wrap_1x2.dots","facet_wrap_1x2","dots","RUN-42","Transparent on Slack dark (ffmpeg overlay)","Transparent PNG",1350,750,1350,NA,TRUE,215,105,TRUE,"exact","RUN-42",0.1
"facet_wrap_1x2.tiles","facet_wrap_1x2","tiles","K7Q2M9XD","Transparent on Slack dark (ffmpeg overlay)","Transparent PNG",1350,750,1350,NA,TRUE,215,108,TRUE,"exact","K7Q2M9XD",1.34
"facet_wrap_1x2.both","facet_wrap_1x2","both","K7Q2M9XD","Transparent on Slack dark (ffmpeg overlay)","Transparent PNG",1350,750,1350,NA,TRUE,215,105,TRUE,"exact","K7Q2M9XD",0.06
"facet_wrap_1x2.none","facet_wrap_1x2","none",NA,"Transparent on Slack dark (ffmpeg overlay)","Transparent PNG",1350,750,1350,NA,TRUE,215,108,FALSE,"NULL",NA,2.35
"legend_caption.dots","legend_caption","dots","ZZ0123456789ABCD","Transparent on Slack dark (ffmpeg overlay)","Transparent PNG",1200,900,1200,NA,TRUE,189,85,TRUE,"exact","ZZ0123456789ABCD",0.04
"legend_caption.tiles","legend_caption","tiles","K7Q2M9XD","Transparent on Slack dark (ffmpeg overlay)","Transparent PNG",1200,900,1200,NA,TRUE,189,88,TRUE,"exact","K7Q2M9XD",5.87
"legend_caption.both","legend_caption","both","K7Q2M9XD","Transparent on Slack dark (ffmpeg overlay)","Transparent PNG",1200,900,1200,NA,TRUE,189,85,TRUE,"exact","K7Q2M9XD",0.06
"legend_caption.none","legend_caption","none",NA,"Transparent on Slack dark (ffmpeg overlay)","Transparent PNG",1200,900,1200,NA,TRUE,189,88,FALSE,"NULL",NA,7.57
"rug_outside.dots","rug_outside","dots","Zürich-δ✓","Transparent on Slack dark (ffmpeg overlay)","Transparent PNG",1050,750,1050,NA,TRUE,164,111,TRUE,"exact","Zürich-δ✓",0.05
"rug_outside.tiles","rug_outside","tiles","café-δ","Transparent on Slack dark (ffmpeg overlay)","Transparent PNG",1050,750,1050,NA,TRUE,164,114,TRUE,"NULL",NA,2.22
"rug_outside.both","rug_outside","both","café-δ","Transparent on Slack dark (ffmpeg overlay)","Transparent PNG",1050,750,1050,NA,TRUE,164,111,TRUE,"exact","café-δ",0.04
"rug_outside.none","rug_outside","none",NA,"Transparent on Slack dark (ffmpeg overlay)","Transparent PNG",1050,750,1050,NA,TRUE,164,114,FALSE,"NULL",NA,2.07
"heatmap_raster.dots","heatmap_raster","dots","f47ac10b-58cc-4372-a567-0e02b2c3d479","Transparent on Slack dark (ffmpeg overlay)","Transparent PNG",1050,750,1050,NA,TRUE,144,109,TRUE,"exact","f47ac10b-58cc-4372-a567-0e02b2c3d479",0.38
"heatmap_raster.tiles","heatmap_raster","tiles","K7Q2M9XD","Transparent on Slack dark (ffmpeg overlay)","Transparent PNG",1050,750,1050,NA,TRUE,144,114,FALSE,"NULL",NA,1.15
"heatmap_raster.both","heatmap_raster","both","K7Q2M9XD","Transparent on Slack dark (ffmpeg overlay)","Transparent PNG",1050,750,1050,NA,TRUE,144,111,TRUE,"exact","K7Q2M9XD",0.05
"heatmap_raster.none","heatmap_raster","none",NA,"Transparent on Slack dark (ffmpeg overlay)","Transparent PNG",1050,750,1050,NA,TRUE,144,114,FALSE,"NULL",NA,0.97
"dense_10k.dots","dense_10k","dots","K7Q2M9XD","Transparent on Slack dark (ffmpeg overlay)","Transparent PNG",1400,1000,1400,NA,TRUE,165,111,TRUE,"exact","K7Q2M9XD",0.05
"dense_10k.tiles","dense_10k","tiles","ZZ0123456789","Transparent on Slack dark (ffmpeg overlay)","Transparent PNG",1400,1000,1400,NA,TRUE,165,114,TRUE,"exact","ZZ0123456789",3.07
"dense_10k.both","dense_10k","both","ZZ0123456789","Transparent on Slack dark (ffmpeg overlay)","Transparent PNG",1400,1000,1400,NA,TRUE,165,111,TRUE,"exact","ZZ0123456789",0.12
"dense_10k.none","dense_10k","none",NA,"Transparent on Slack dark (ffmpeg overlay)","Transparent PNG",1400,1000,1400,NA,TRUE,165,114,FALSE,"NULL",NA,3.74
"dates_line.dots","dates_line","dots","f47ac10b-58cc-4372-a567-0e02b2c3d479","Transparent on Slack dark (ffmpeg overlay)","Transparent PNG",1200,675,1200,NA,TRUE,184,96,TRUE,"exact","f47ac10b-58cc-4372-a567-0e02b2c3d479",0.69
"dates_line.tiles","dates_line","tiles","RUN-42","Transparent on Slack dark (ffmpeg overlay)","Transparent PNG",1200,675,1200,NA,TRUE,184,101,TRUE,"NULL",NA,1.92
"dates_line.both","dates_line","both","RUN-42","Transparent on Slack dark (ffmpeg overlay)","Transparent PNG",1200,675,1200,NA,TRUE,184,98,TRUE,"exact","RUN-42",0.04
"dates_line.none","dates_line","none",NA,"Transparent on Slack dark (ffmpeg overlay)","Transparent PNG",1200,675,1200,NA,TRUE,184,101,FALSE,"NULL",NA,1.75
"theme_dark.dots","theme_dark","dots","RUN-42","Transparent on Slack dark (ffmpeg overlay)","Transparent PNG",1050,750,1050,NA,TRUE,164,111,TRUE,"exact","RUN-42",0.05
"theme_dark.tiles","theme_dark","tiles","RUN-42","Transparent on Slack dark (ffmpeg overlay)","Transparent PNG",1050,750,1050,NA,TRUE,164,114,TRUE,"exact","RUN-42",1.73
"theme_dark.both","theme_dark","both","RUN-42","Transparent on Slack dark (ffmpeg overlay)","Transparent PNG",1050,750,1050,NA,TRUE,164,111,TRUE,"exact","RUN-42",0.04
"theme_dark.none","theme_dark","none",NA,"Transparent on Slack dark (ffmpeg overlay)","Transparent PNG",1050,750,1050,NA,TRUE,164,114,FALSE,"NULL",NA,1.58
"black_bg.dots","black_bg","dots","K7Q2M9XD","Transparent on Slack dark (ffmpeg overlay)","Transparent PNG",1050,750,1050,NA,TRUE,164,111,TRUE,"exact","K7Q2M9XD",0.04
"black_bg.tiles","black_bg","tiles","K7Q2M9XD","Transparent on Slack dark (ffmpeg overlay)","Transparent PNG",1050,750,1050,NA,TRUE,164,114,TRUE,"exact","K7Q2M9XD",1.31
"black_bg.both","black_bg","both","K7Q2M9XD","Transparent on Slack dark (ffmpeg overlay)","Transparent PNG",1050,750,1050,NA,TRUE,164,111,TRUE,"exact","K7Q2M9XD",0.04
"black_bg.none","black_bg","none",NA,"Transparent on Slack dark (ffmpeg overlay)","Transparent PNG",1050,750,1050,NA,TRUE,164,114,FALSE,"NULL",NA,1.19
"theme_void.dots","theme_void","dots","f47ac10b-58cc-4372-a567-0e02b2c3d479","Transparent on Slack dark (ffmpeg overlay)","Transparent PNG",1050,750,1050,NA,TRUE,178,120,TRUE,"exact","f47ac10b-58cc-4372-a567-0e02b2c3d479",0.3
"theme_void.tiles","theme_void","tiles","K7Q2M9XD","Transparent on Slack dark (ffmpeg overlay)","Transparent PNG",1050,750,1050,NA,TRUE,178,127,TRUE,"exact","K7Q2M9XD",0.8
"theme_void.both","theme_void","both","K7Q2M9XD","Transparent on Slack dark (ffmpeg overlay)","Transparent PNG",1050,750,1050,NA,TRUE,178,122,TRUE,"exact","K7Q2M9XD",0.04
"theme_void.none","theme_void","none",NA,"Transparent on Slack dark (ffmpeg overlay)","Transparent PNG",1050,750,1050,NA,TRUE,178,127,FALSE,"NULL",NA,0.99
"tall_3x8.dots","tall_3x8","dots","K7Q2M9XD","Transparent on Slack dark (ffmpeg overlay)","Transparent PNG",450,1200,450,NA,TRUE,38,187,TRUE,"exact","K7Q2M9XD",0.03
"tall_3x8.tiles","tall_3x8","tiles","RUN-42","Transparent on Slack dark (ffmpeg overlay)","Transparent PNG",450,1200,450,NA,TRUE,38,190,FALSE,"NULL",NA,5.19
"tall_3x8.both","tall_3x8","both","RUN-42","Transparent on Slack dark (ffmpeg overlay)","Transparent PNG",450,1200,450,NA,TRUE,38,187,TRUE,"exact","RUN-42",0.03
"tall_3x8.none","tall_3x8","none",NA,"Transparent on Slack dark (ffmpeg overlay)","Transparent PNG",450,1200,450,NA,TRUE,38,190,FALSE,"NULL",NA,7.28
"wide_12x3.dots","wide_12x3","dots","f47ac10b-58cc-4372-a567-0e02b2c3d479","Transparent on Slack dark (ffmpeg overlay)","Transparent PNG",1800,450,1800,NA,TRUE,291,58,TRUE,"exact","f47ac10b-58cc-4372-a567-0e02b2c3d479",0.39
"wide_12x3.tiles","wide_12x3","tiles","K7Q2M9XD","Transparent on Slack dark (ffmpeg overlay)","Transparent PNG",1800,450,1800,NA,TRUE,291,63,FALSE,"NULL",NA,2.22
"wide_12x3.both","wide_12x3","both","K7Q2M9XD","Transparent on Slack dark (ffmpeg overlay)","Transparent PNG",1800,450,1800,NA,TRUE,291,60,TRUE,"exact","K7Q2M9XD",0.05
"wide_12x3.none","wide_12x3","none",NA,"Transparent on Slack dark (ffmpeg overlay)","Transparent PNG",1800,450,1800,NA,TRUE,291,63,FALSE,"NULL",NA,2.45
"small_4x3_96dpi.dots","small_4x3_96dpi","dots","K7Q2M9XD","Transparent on Slack dark (ffmpeg overlay)","Transparent PNG",384,288,384,NA,TRUE,88,60,TRUE,"exact","K7Q2M9XD",0.01
"small_4x3_96dpi.tiles","small_4x3_96dpi","tiles","RUN-42","Transparent on Slack dark (ffmpeg overlay)","Transparent PNG",384,288,384,NA,TRUE,88,63,FALSE,"NULL",NA,0.29
"small_4x3_96dpi.both","small_4x3_96dpi","both","RUN-42","Transparent on Slack dark (ffmpeg overlay)","Transparent PNG",384,288,384,NA,TRUE,88,60,TRUE,"exact","RUN-42",0.01
"small_4x3_96dpi.none","small_4x3_96dpi","none",NA,"Transparent on Slack dark (ffmpeg overlay)","Transparent PNG",384,288,384,NA,TRUE,88,63,FALSE,"NULL",NA,0.31
"huge_14x10_300dpi.dots","huge_14x10_300dpi","dots","f47ac10b-58cc-4372-a567-0e02b2c3d479","Transparent on Slack dark (ffmpeg overlay)","Transparent PNG",4200,3000,4200,NA,TRUE,337,236,TRUE,"exact","f47ac10b-58cc-4372-a567-0e02b2c3d479",5.76
"huge_14x10_300dpi.tiles","huge_14x10_300dpi","tiles","K7Q2M9XD","Transparent on Slack dark (ffmpeg overlay)","Transparent PNG",4200,3000,4200,NA,TRUE,337,241,TRUE,"exact","K7Q2M9XD",28.38
"huge_14x10_300dpi.both","huge_14x10_300dpi","both","K7Q2M9XD","Transparent on Slack dark (ffmpeg overlay)","Transparent PNG",4200,3000,4200,NA,TRUE,337,238,TRUE,"exact","K7Q2M9XD",4.41
"huge_14x10_300dpi.none","huge_14x10_300dpi","none",NA,"Transparent on Slack dark (ffmpeg overlay)","Transparent PNG",4200,3000,4200,NA,TRUE,337,241,FALSE,"NULL",NA,20.34
"long_title.dots","long_title","dots","ZZ0123456789ABCD","Transparent on Slack dark (ffmpeg overlay)","Transparent PNG",1050,750,1050,NA,TRUE,164,99,TRUE,"exact","ZZ0123456789ABCD",0.05
"long_title.tiles","long_title","tiles","ZZ0123456789","Transparent on Slack dark (ffmpeg overlay)","Transparent PNG",1050,750,1050,NA,TRUE,164,102,TRUE,"exact","ZZ0123456789",4
"long_title.both","long_title","both","ZZ0123456789","Transparent on Slack dark (ffmpeg overlay)","Transparent PNG",1050,750,1050,NA,TRUE,164,99,TRUE,"exact","ZZ0123456789",0.05
"long_title.none","long_title","none",NA,"Transparent on Slack dark (ffmpeg overlay)","Transparent PNG",1050,750,1050,NA,TRUE,164,102,FALSE,"NULL",NA,2.61
"coord_polar.dots","coord_polar","dots","K7Q2M9XD","Transparent on Slack dark (ffmpeg overlay)","Transparent PNG",900,900,900,NA,TRUE,108,108,TRUE,"exact","K7Q2M9XD",0.06
"coord_polar.tiles","coord_polar","tiles","RUN-42","Transparent on Slack dark (ffmpeg overlay)","Transparent PNG",900,900,900,NA,TRUE,108,108,FALSE,"NULL",NA,3
"coord_polar.both","coord_polar","both","RUN-42","Transparent on Slack dark (ffmpeg overlay)","Transparent PNG",900,900,900,NA,TRUE,108,108,TRUE,"exact","RUN-42",0.05
"coord_polar.none","coord_polar","none",NA,"Transparent on Slack dark (ffmpeg overlay)","Transparent PNG",900,900,900,NA,TRUE,108,108,FALSE,"NULL",NA,1.97
"text_heavy.dots","text_heavy","dots","Zürich-δ✓","Transparent on Slack dark (ffmpeg overlay)","Transparent PNG",1050,750,1050,NA,TRUE,164,94,TRUE,"exact","Zürich-δ✓",0.05
"text_heavy.tiles","text_heavy","tiles","café-δ","Transparent on Slack dark (ffmpeg overlay)","Transparent PNG",1050,750,1050,NA,TRUE,164,97,TRUE,"exact","café-δ",3.27
"text_heavy.both","text_heavy","both","café-δ","Transparent on Slack dark (ffmpeg overlay)","Transparent PNG",1050,750,1050,NA,TRUE,164,94,TRUE,"exact","café-δ",0.04
"text_heavy.none","text_heavy","none",NA,"Transparent on Slack dark (ffmpeg overlay)","Transparent PNG",1050,750,1050,NA,TRUE,164,97,FALSE,"NULL",NA,4.69
"baseline.dots","baseline","dots","K7Q2M9XD","Transparent on black (ffmpeg overlay)","Transparent PNG",1050,750,1050,NA,TRUE,164,111,TRUE,"exact","K7Q2M9XD",0.04
"baseline.tiles","baseline","tiles","K7Q2M9XD","Transparent on black (ffmpeg overlay)","Transparent PNG",1050,750,1050,NA,TRUE,164,114,TRUE,"exact","K7Q2M9XD",1.91
"facets_3x4.dots","facets_3x4","dots","K7Q2M9XD","Transparent on black (ffmpeg overlay)","Transparent PNG",1350,900,1350,NA,TRUE,176,124,TRUE,"exact","K7Q2M9XD",0.07
"facet_wrap_1x2.dots","facet_wrap_1x2","dots","RUN-42","Transparent on black (ffmpeg overlay)","Transparent PNG",1350,750,1350,NA,TRUE,215,105,TRUE,"exact","RUN-42",0.04
"facet_wrap_1x2.tiles","facet_wrap_1x2","tiles","K7Q2M9XD","Transparent on black (ffmpeg overlay)","Transparent PNG",1350,750,1350,NA,TRUE,215,108,TRUE,"exact","K7Q2M9XD",2.48
"legend_caption.dots","legend_caption","dots","ZZ0123456789ABCD","Transparent on black (ffmpeg overlay)","Transparent PNG",1200,900,1200,NA,TRUE,189,85,TRUE,"exact","ZZ0123456789ABCD",0.06
"legend_caption.tiles","legend_caption","tiles","K7Q2M9XD","Transparent on black (ffmpeg overlay)","Transparent PNG",1200,900,1200,NA,TRUE,189,88,TRUE,"exact","K7Q2M9XD",3.59
"rug_outside.dots","rug_outside","dots","Zürich-δ✓","Transparent on black (ffmpeg overlay)","Transparent PNG",1050,750,1050,NA,TRUE,164,111,TRUE,"exact","Zürich-δ✓",0.05
"rug_outside.tiles","rug_outside","tiles","café-δ","Transparent on black (ffmpeg overlay)","Transparent PNG",1050,750,1050,NA,TRUE,164,114,TRUE,"NULL",NA,2.6
"heatmap_raster.dots","heatmap_raster","dots","f47ac10b-58cc-4372-a567-0e02b2c3d479","Transparent on black (ffmpeg overlay)","Transparent PNG",1050,750,1050,NA,TRUE,144,109,TRUE,"exact","f47ac10b-58cc-4372-a567-0e02b2c3d479",1.43
"heatmap_raster.tiles","heatmap_raster","tiles","K7Q2M9XD","Transparent on black (ffmpeg overlay)","Transparent PNG",1050,750,1050,NA,TRUE,144,114,FALSE,"NULL",NA,2.8
"dense_10k.dots","dense_10k","dots","K7Q2M9XD","Transparent on black (ffmpeg overlay)","Transparent PNG",1400,1000,1400,NA,TRUE,165,111,TRUE,"exact","K7Q2M9XD",0.18
"dense_10k.tiles","dense_10k","tiles","ZZ0123456789","Transparent on black (ffmpeg overlay)","Transparent PNG",1400,1000,1400,NA,TRUE,165,114,TRUE,"exact","ZZ0123456789",5.48
"dates_line.dots","dates_line","dots","f47ac10b-58cc-4372-a567-0e02b2c3d479","Transparent on black (ffmpeg overlay)","Transparent PNG",1200,675,1200,NA,TRUE,184,96,TRUE,"exact","f47ac10b-58cc-4372-a567-0e02b2c3d479",0.98
"dates_line.tiles","dates_line","tiles","RUN-42","Transparent on black (ffmpeg overlay)","Transparent PNG",1200,675,1200,NA,TRUE,184,101,TRUE,"NULL",NA,2.26
"theme_dark.dots","theme_dark","dots","RUN-42","Transparent on black (ffmpeg overlay)","Transparent PNG",1050,750,1050,NA,TRUE,164,111,TRUE,"exact","RUN-42",0.07
"theme_dark.tiles","theme_dark","tiles","RUN-42","Transparent on black (ffmpeg overlay)","Transparent PNG",1050,750,1050,NA,TRUE,164,114,TRUE,"exact","RUN-42",2.95
"black_bg.dots","black_bg","dots","K7Q2M9XD","Transparent on black (ffmpeg overlay)","Transparent PNG",1050,750,1050,NA,TRUE,164,111,TRUE,"exact","K7Q2M9XD",0.05
"black_bg.tiles","black_bg","tiles","K7Q2M9XD","Transparent on black (ffmpeg overlay)","Transparent PNG",1050,750,1050,NA,TRUE,164,114,TRUE,"exact","K7Q2M9XD",3.26
"theme_void.dots","theme_void","dots","f47ac10b-58cc-4372-a567-0e02b2c3d479","Transparent on black (ffmpeg overlay)","Transparent PNG",1050,750,1050,NA,TRUE,178,120,TRUE,"exact","f47ac10b-58cc-4372-a567-0e02b2c3d479",0.94
"theme_void.tiles","theme_void","tiles","K7Q2M9XD","Transparent on black (ffmpeg overlay)","Transparent PNG",1050,750,1050,NA,TRUE,178,127,TRUE,"NULL",NA,2.3
"tall_3x8.dots","tall_3x8","dots","K7Q2M9XD","Transparent on black (ffmpeg overlay)","Transparent PNG",450,1200,450,NA,TRUE,38,187,TRUE,"exact","K7Q2M9XD",0.06
"tall_3x8.tiles","tall_3x8","tiles","RUN-42","Transparent on black (ffmpeg overlay)","Transparent PNG",450,1200,450,NA,TRUE,38,190,FALSE,"NULL",NA,7.17
"wide_12x3.dots","wide_12x3","dots","f47ac10b-58cc-4372-a567-0e02b2c3d479","Transparent on black (ffmpeg overlay)","Transparent PNG",1800,450,1800,NA,TRUE,291,58,TRUE,"exact","f47ac10b-58cc-4372-a567-0e02b2c3d479",0.98
"wide_12x3.tiles","wide_12x3","tiles","K7Q2M9XD","Transparent on black (ffmpeg overlay)","Transparent PNG",1800,450,1800,NA,TRUE,291,63,FALSE,"NULL",NA,4.17
"small_4x3_96dpi.dots","small_4x3_96dpi","dots","K7Q2M9XD","Transparent on black (ffmpeg overlay)","Transparent PNG",384,288,384,NA,TRUE,88,60,TRUE,"exact","K7Q2M9XD",0.02
"small_4x3_96dpi.tiles","small_4x3_96dpi","tiles","RUN-42","Transparent on black (ffmpeg overlay)","Transparent PNG",384,288,384,NA,TRUE,88,63,FALSE,"NULL",NA,0.67
"huge_14x10_300dpi.dots","huge_14x10_300dpi","dots","f47ac10b-58cc-4372-a567-0e02b2c3d479","Transparent on black (ffmpeg overlay)","Transparent PNG",4200,3000,4200,NA,TRUE,337,236,TRUE,"exact","f47ac10b-58cc-4372-a567-0e02b2c3d479",3.65
"long_title.dots","long_title","dots","ZZ0123456789ABCD","Transparent on black (ffmpeg overlay)","Transparent PNG",1050,750,1050,NA,TRUE,164,99,TRUE,"exact","ZZ0123456789ABCD",0.05
"long_title.tiles","long_title","tiles","ZZ0123456789","Transparent on black (ffmpeg overlay)","Transparent PNG",1050,750,1050,NA,TRUE,164,102,TRUE,"exact","ZZ0123456789",2.96
"coord_polar.dots","coord_polar","dots","K7Q2M9XD","Transparent on black (ffmpeg overlay)","Transparent PNG",900,900,900,NA,TRUE,108,108,TRUE,"exact","K7Q2M9XD",0.12
"coord_polar.tiles","coord_polar","tiles","RUN-42","Transparent on black (ffmpeg overlay)","Transparent PNG",900,900,900,NA,TRUE,108,108,FALSE,"NULL",NA,4.01
"text_heavy.dots","text_heavy","dots","Zürich-δ✓","Transparent on black (ffmpeg overlay)","Transparent PNG",1050,750,1050,NA,TRUE,164,94,TRUE,"exact","Zürich-δ✓",0.06
"text_heavy.tiles","text_heavy","tiles","café-δ","Transparent on black (ffmpeg overlay)","Transparent PNG",1050,750,1050,NA,TRUE,164,97,TRUE,"exact","café-δ",1.33
"baseline.dots","baseline","dots","K7Q2M9XD","Transparent on Slack dark + JPEG ~q85","Transparent PNG",1050,750,1050,85,TRUE,164,111,TRUE,"exact","K7Q2M9XD",0.05
"baseline.tiles","baseline","tiles","K7Q2M9XD","Transparent on Slack dark + JPEG ~q85","Transparent PNG",1050,750,1050,85,TRUE,164,114,TRUE,"exact","K7Q2M9XD",1.56
"facets_3x4.dots","facets_3x4","dots","K7Q2M9XD","Transparent on Slack dark + JPEG ~q85","Transparent PNG",1350,900,1350,85,TRUE,176,124,TRUE,"exact","K7Q2M9XD",0.1
"facet_wrap_1x2.dots","facet_wrap_1x2","dots","RUN-42","Transparent on Slack dark + JPEG ~q85","Transparent PNG",1350,750,1350,85,TRUE,215,105,TRUE,"exact","RUN-42",0.12
"facet_wrap_1x2.tiles","facet_wrap_1x2","tiles","K7Q2M9XD","Transparent on Slack dark + JPEG ~q85","Transparent PNG",1350,750,1350,85,TRUE,215,108,TRUE,"exact","K7Q2M9XD",2.93
"legend_caption.dots","legend_caption","dots","ZZ0123456789ABCD","Transparent on Slack dark + JPEG ~q85","Transparent PNG",1200,900,1200,85,TRUE,189,85,TRUE,"exact","ZZ0123456789ABCD",0.05
"legend_caption.tiles","legend_caption","tiles","K7Q2M9XD","Transparent on Slack dark + JPEG ~q85","Transparent PNG",1200,900,1200,85,TRUE,189,88,TRUE,"exact","K7Q2M9XD",8.09
"rug_outside.dots","rug_outside","dots","Zürich-δ✓","Transparent on Slack dark + JPEG ~q85","Transparent PNG",1050,750,1050,85,TRUE,164,111,TRUE,"NULL",NA,4.29
"rug_outside.tiles","rug_outside","tiles","café-δ","Transparent on Slack dark + JPEG ~q85","Transparent PNG",1050,750,1050,85,TRUE,164,114,TRUE,"NULL",NA,4.32
"heatmap_raster.dots","heatmap_raster","dots","f47ac10b-58cc-4372-a567-0e02b2c3d479","Transparent on Slack dark + JPEG ~q85","Transparent PNG",1050,750,1050,85,TRUE,144,109,TRUE,"exact","f47ac10b-58cc-4372-a567-0e02b2c3d479",0.62
"heatmap_raster.tiles","heatmap_raster","tiles","K7Q2M9XD","Transparent on Slack dark + JPEG ~q85","Transparent PNG",1050,750,1050,85,TRUE,144,114,FALSE,"NULL",NA,2.57
"dense_10k.dots","dense_10k","dots","K7Q2M9XD","Transparent on Slack dark + JPEG ~q85","Transparent PNG",1400,1000,1400,85,TRUE,165,111,TRUE,"exact","K7Q2M9XD",0.09
"dense_10k.tiles","dense_10k","tiles","ZZ0123456789","Transparent on Slack dark + JPEG ~q85","Transparent PNG",1400,1000,1400,85,TRUE,165,114,TRUE,"exact","ZZ0123456789",2.92
"dates_line.dots","dates_line","dots","f47ac10b-58cc-4372-a567-0e02b2c3d479","Transparent on Slack dark + JPEG ~q85","Transparent PNG",1200,675,1200,85,TRUE,184,96,TRUE,"exact","f47ac10b-58cc-4372-a567-0e02b2c3d479",1.1
"dates_line.tiles","dates_line","tiles","RUN-42","Transparent on Slack dark + JPEG ~q85","Transparent PNG",1200,675,1200,85,TRUE,184,101,TRUE,"NULL",NA,2.29
"theme_dark.dots","theme_dark","dots","RUN-42","Transparent on Slack dark + JPEG ~q85","Transparent PNG",1050,750,1050,85,TRUE,164,111,TRUE,"exact","RUN-42",0.11
"theme_dark.tiles","theme_dark","tiles","RUN-42","Transparent on Slack dark + JPEG ~q85","Transparent PNG",1050,750,1050,85,TRUE,164,114,TRUE,"exact","RUN-42",1.25
"black_bg.dots","black_bg","dots","K7Q2M9XD","Transparent on Slack dark + JPEG ~q85","Transparent PNG",1050,750,1050,85,TRUE,164,111,TRUE,"exact","K7Q2M9XD",0.05
"black_bg.tiles","black_bg","tiles","K7Q2M9XD","Transparent on Slack dark + JPEG ~q85","Transparent PNG",1050,750,1050,85,TRUE,164,114,TRUE,"exact","K7Q2M9XD",1.49
"theme_void.dots","theme_void","dots","f47ac10b-58cc-4372-a567-0e02b2c3d479","Transparent on Slack dark + JPEG ~q85","Transparent PNG",1050,750,1050,85,TRUE,178,120,TRUE,"exact","f47ac10b-58cc-4372-a567-0e02b2c3d479",0.23
"theme_void.tiles","theme_void","tiles","K7Q2M9XD","Transparent on Slack dark + JPEG ~q85","Transparent PNG",1050,750,1050,85,TRUE,178,127,TRUE,"NULL",NA,1.02
"tall_3x8.dots","tall_3x8","dots","K7Q2M9XD","Transparent on Slack dark + JPEG ~q85","Transparent PNG",450,1200,450,85,TRUE,38,187,FALSE,"NULL",NA,5.7
"tall_3x8.tiles","tall_3x8","tiles","RUN-42","Transparent on Slack dark + JPEG ~q85","Transparent PNG",450,1200,450,85,TRUE,38,190,FALSE,"NULL",NA,6.14
"wide_12x3.dots","wide_12x3","dots","f47ac10b-58cc-4372-a567-0e02b2c3d479","Transparent on Slack dark + JPEG ~q85","Transparent PNG",1800,450,1800,85,TRUE,291,58,TRUE,"exact","f47ac10b-58cc-4372-a567-0e02b2c3d479",0.42
"wide_12x3.tiles","wide_12x3","tiles","K7Q2M9XD","Transparent on Slack dark + JPEG ~q85","Transparent PNG",1800,450,1800,85,TRUE,291,63,FALSE,"NULL",NA,1.78
"small_4x3_96dpi.dots","small_4x3_96dpi","dots","K7Q2M9XD","Transparent on Slack dark + JPEG ~q85","Transparent PNG",384,288,384,85,TRUE,88,60,FALSE,"NULL",NA,0.32
"small_4x3_96dpi.tiles","small_4x3_96dpi","tiles","RUN-42","Transparent on Slack dark + JPEG ~q85","Transparent PNG",384,288,384,85,TRUE,88,63,FALSE,"NULL",NA,0.38
"huge_14x10_300dpi.dots","huge_14x10_300dpi","dots","f47ac10b-58cc-4372-a567-0e02b2c3d479","Transparent on Slack dark + JPEG ~q85","Transparent PNG",4200,3000,4200,85,TRUE,337,236,TRUE,"exact","f47ac10b-58cc-4372-a567-0e02b2c3d479",3.16
"long_title.dots","long_title","dots","ZZ0123456789ABCD","Transparent on Slack dark + JPEG ~q85","Transparent PNG",1050,750,1050,85,TRUE,164,99,TRUE,"exact","ZZ0123456789ABCD",0.59
"long_title.tiles","long_title","tiles","ZZ0123456789","Transparent on Slack dark + JPEG ~q85","Transparent PNG",1050,750,1050,85,TRUE,164,102,TRUE,"exact","ZZ0123456789",1.39
"coord_polar.dots","coord_polar","dots","K7Q2M9XD","Transparent on Slack dark + JPEG ~q85","Transparent PNG",900,900,900,85,TRUE,108,108,TRUE,"exact","K7Q2M9XD",0.04
"coord_polar.tiles","coord_polar","tiles","RUN-42","Transparent on Slack dark + JPEG ~q85","Transparent PNG",900,900,900,85,TRUE,108,108,FALSE,"NULL",NA,3.01
"text_heavy.dots","text_heavy","dots","Zürich-δ✓","Transparent on Slack dark + JPEG ~q85","Transparent PNG",1050,750,1050,85,TRUE,164,94,TRUE,"NULL",NA,2.87
"text_heavy.tiles","text_heavy","tiles","café-δ","Transparent on Slack dark + JPEG ~q85","Transparent PNG",1050,750,1050,85,TRUE,164,97,TRUE,"exact","café-δ",2.77
"baseline.dots","baseline","dots","K7Q2M9XD","Crop: top 30% off (strip kept)","Crops",1050,526,1050,NA,TRUE,164,75,TRUE,"exact","K7Q2M9XD",0.03
"baseline.tiles","baseline","tiles","K7Q2M9XD","Crop: top 30% off (strip kept)","Crops",1050,526,1050,NA,TRUE,164,78,TRUE,"exact","K7Q2M9XD",0.65
"facets_3x4.dots","facets_3x4","dots","K7Q2M9XD","Crop: top 30% off (strip kept)","Crops",1350,631,1350,NA,TRUE,176,93,TRUE,"exact","K7Q2M9XD",0.04
"facet_wrap_1x2.dots","facet_wrap_1x2","dots","RUN-42","Crop: top 30% off (strip kept)","Crops",1350,526,1350,NA,TRUE,215,75,TRUE,"exact","RUN-42",0.03
"facet_wrap_1x2.tiles","facet_wrap_1x2","tiles","K7Q2M9XD","Crop: top 30% off (strip kept)","Crops",1350,526,1350,NA,TRUE,215,78,TRUE,"exact","K7Q2M9XD",1.31
"legend_caption.dots","legend_caption","dots","ZZ0123456789ABCD","Crop: top 30% off (strip kept)","Crops",1200,631,1200,NA,TRUE,189,48,TRUE,"exact","ZZ0123456789ABCD",0.04
"legend_caption.tiles","legend_caption","tiles","K7Q2M9XD","Crop: top 30% off (strip kept)","Crops",1200,631,1200,NA,TRUE,189,51,FALSE,"NULL",NA,7.2
"rug_outside.dots","rug_outside","dots","Zürich-δ✓","Crop: top 30% off (strip kept)","Crops",1050,526,1050,NA,TRUE,164,75,TRUE,"exact","Zürich-δ✓",0.05
"rug_outside.tiles","rug_outside","tiles","café-δ","Crop: top 30% off (strip kept)","Crops",1050,526,1050,NA,TRUE,164,78,TRUE,"exact","café-δ",1.31
"heatmap_raster.dots","heatmap_raster","dots","f47ac10b-58cc-4372-a567-0e02b2c3d479","Crop: top 30% off (strip kept)","Crops",1050,526,1050,NA,TRUE,144,73,TRUE,"exact","f47ac10b-58cc-4372-a567-0e02b2c3d479",0.38
"heatmap_raster.tiles","heatmap_raster","tiles","K7Q2M9XD","Crop: top 30% off (strip kept)","Crops",1050,526,1050,NA,TRUE,144,78,FALSE,"NULL",NA,1
"dense_10k.dots","dense_10k","dots","K7Q2M9XD","Crop: top 30% off (strip kept)","Crops",1400,701,1400,NA,TRUE,165,75,TRUE,"exact","K7Q2M9XD",0.06
"dense_10k.tiles","dense_10k","tiles","ZZ0123456789","Crop: top 30% off (strip kept)","Crops",1400,701,1400,NA,TRUE,165,78,TRUE,"exact","ZZ0123456789",1.36
"dates_line.dots","dates_line","dots","f47ac10b-58cc-4372-a567-0e02b2c3d479","Crop: top 30% off (strip kept)","Crops",1200,474,1200,NA,TRUE,184,64,TRUE,"exact","f47ac10b-58cc-4372-a567-0e02b2c3d479",0.37
"dates_line.tiles","dates_line","tiles","RUN-42","Crop: top 30% off (strip kept)","Crops",1200,474,1200,NA,TRUE,184,69,FALSE,"NULL",NA,1.5
"theme_dark.dots","theme_dark","dots","RUN-42","Crop: top 30% off (strip kept)","Crops",1050,526,1050,NA,TRUE,164,75,TRUE,"exact","RUN-42",0.03
"theme_dark.tiles","theme_dark","tiles","RUN-42","Crop: top 30% off (strip kept)","Crops",1050,526,1050,NA,TRUE,164,78,TRUE,"exact","RUN-42",0.69
"black_bg.dots","black_bg","dots","K7Q2M9XD","Crop: top 30% off (strip kept)","Crops",1050,526,1050,NA,TRUE,164,75,TRUE,"exact","K7Q2M9XD",0.03
"black_bg.tiles","black_bg","tiles","K7Q2M9XD","Crop: top 30% off (strip kept)","Crops",1050,526,1050,NA,TRUE,164,78,TRUE,"exact","K7Q2M9XD",0.87
"theme_void.dots","theme_void","dots","f47ac10b-58cc-4372-a567-0e02b2c3d479","Crop: top 30% off (strip kept)","Crops",1050,526,1050,NA,TRUE,178,82,TRUE,"exact","f47ac10b-58cc-4372-a567-0e02b2c3d479",0.36
"theme_void.tiles","theme_void","tiles","K7Q2M9XD","Crop: top 30% off (strip kept)","Crops",1050,526,1050,NA,TRUE,178,89,TRUE,"exact","K7Q2M9XD",0.93
"tall_3x8.dots","tall_3x8","dots","K7Q2M9XD","Crop: top 30% off (strip kept)","Crops",450,841,450,NA,TRUE,38,128,TRUE,"exact","K7Q2M9XD",0.02
"tall_3x8.tiles","tall_3x8","tiles","RUN-42","Crop: top 30% off (strip kept)","Crops",450,841,450,NA,TRUE,38,131,FALSE,"NULL",NA,2.93
"wide_12x3.dots","wide_12x3","dots","f47ac10b-58cc-4372-a567-0e02b2c3d479","Crop: top 30% off (strip kept)","Crops",1800,316,1800,NA,TRUE,291,37,TRUE,"exact","f47ac10b-58cc-4372-a567-0e02b2c3d479",0.53
"wide_12x3.tiles","wide_12x3","tiles","K7Q2M9XD","Crop: top 30% off (strip kept)","Crops",1800,316,1800,NA,TRUE,291,42,FALSE,"NULL",NA,1.63
"small_4x3_96dpi.dots","small_4x3_96dpi","dots","K7Q2M9XD","Crop: top 30% off (strip kept)","Crops",384,203,384,NA,TRUE,88,39,TRUE,"exact","K7Q2M9XD",0.01
"small_4x3_96dpi.tiles","small_4x3_96dpi","tiles","RUN-42","Crop: top 30% off (strip kept)","Crops",384,203,384,NA,TRUE,88,43,FALSE,"NULL",NA,0.27
"huge_14x10_300dpi.dots","huge_14x10_300dpi","dots","f47ac10b-58cc-4372-a567-0e02b2c3d479","Crop: top 30% off (strip kept)","Crops",4200,2101,4200,NA,TRUE,337,162,TRUE,"exact","f47ac10b-58cc-4372-a567-0e02b2c3d479",4.32
"long_title.dots","long_title","dots","ZZ0123456789ABCD","Crop: top 30% off (strip kept)","Crops",1050,526,1050,NA,TRUE,164,75,TRUE,"exact","ZZ0123456789ABCD",0.03
"long_title.tiles","long_title","tiles","ZZ0123456789","Crop: top 30% off (strip kept)","Crops",1050,526,1050,NA,TRUE,164,78,TRUE,"exact","ZZ0123456789",0.73
"coord_polar.dots","coord_polar","dots","K7Q2M9XD","Crop: top 30% off (strip kept)","Crops",900,631,900,NA,TRUE,108,80,TRUE,"exact","K7Q2M9XD",0.03
"coord_polar.tiles","coord_polar","tiles","RUN-42","Crop: top 30% off (strip kept)","Crops",900,631,900,NA,TRUE,108,81,FALSE,"NULL",NA,1.78
"text_heavy.dots","text_heavy","dots","Zürich-δ✓","Crop: top 30% off (strip kept)","Crops",1050,526,1050,NA,TRUE,164,70,TRUE,"exact","Zürich-δ✓",0.03
"text_heavy.tiles","text_heavy","tiles","café-δ","Crop: top 30% off (strip kept)","Crops",1050,526,1050,NA,TRUE,164,73,TRUE,"exact","café-δ",3.47
"baseline.dots","baseline","dots","K7Q2M9XD","Crop: bottom 4% off (strip cut)","Crops",1050,720,1050,NA,FALSE,164,111,FALSE,"NULL",NA,1.96
"baseline.tiles","baseline","tiles","K7Q2M9XD","Crop: bottom 4% off (strip cut)","Crops",1050,720,1050,NA,FALSE,164,114,TRUE,"exact","K7Q2M9XD",2.77
"baseline.both","baseline","both","K7Q2M9XD","Crop: bottom 4% off (strip cut)","Crops",1050,720,1050,NA,FALSE,164,111,TRUE,"exact","K7Q2M9XD",2.61
"baseline.none","baseline","none",NA,"Crop: bottom 4% off (strip cut)","Crops",1050,720,1050,NA,FALSE,164,114,FALSE,"NULL",NA,2.65
"facets_3x4.dots","facets_3x4","dots","K7Q2M9XD","Crop: bottom 4% off (strip cut)","Crops",1350,864,1350,NA,FALSE,176,124,FALSE,"NULL",NA,106.84
"facets_3x4.tiles","facets_3x4","tiles","RUN-42","Crop: bottom 4% off (strip cut)","Crops",1350,864,1350,NA,FALSE,176,127,TRUE,"NULL",NA,71.68
"facets_3x4.both","facets_3x4","both","RUN-42","Crop: bottom 4% off (strip cut)","Crops",1350,864,1350,NA,FALSE,176,124,TRUE,"NULL",NA,80.99
"facets_3x4.none","facets_3x4","none",NA,"Crop: bottom 4% off (strip cut)","Crops",1350,864,1350,NA,FALSE,176,127,FALSE,"NULL",NA,105.51
"facet_wrap_1x2.dots","facet_wrap_1x2","dots","RUN-42","Crop: bottom 4% off (strip cut)","Crops",1350,720,1350,NA,FALSE,215,105,FALSE,"NULL",NA,2.04
"facet_wrap_1x2.tiles","facet_wrap_1x2","tiles","K7Q2M9XD","Crop: bottom 4% off (strip cut)","Crops",1350,720,1350,NA,FALSE,215,108,TRUE,"exact","K7Q2M9XD",1.65
"facet_wrap_1x2.both","facet_wrap_1x2","both","K7Q2M9XD","Crop: bottom 4% off (strip cut)","Crops",1350,720,1350,NA,FALSE,215,105,TRUE,"exact","K7Q2M9XD",1.75
"facet_wrap_1x2.none","facet_wrap_1x2","none",NA,"Crop: bottom 4% off (strip cut)","Crops",1350,720,1350,NA,FALSE,215,108,FALSE,"NULL",NA,2.31
"legend_caption.dots","legend_caption","dots","ZZ0123456789ABCD","Crop: bottom 4% off (strip cut)","Crops",1200,864,1200,NA,FALSE,189,85,FALSE,"NULL",NA,14.9
"legend_caption.tiles","legend_caption","tiles","K7Q2M9XD","Crop: bottom 4% off (strip cut)","Crops",1200,864,1200,NA,FALSE,189,88,TRUE,"exact","K7Q2M9XD",15.98
"legend_caption.both","legend_caption","both","K7Q2M9XD","Crop: bottom 4% off (strip cut)","Crops",1200,864,1200,NA,FALSE,189,85,TRUE,"NULL",NA,21.23
"legend_caption.none","legend_caption","none",NA,"Crop: bottom 4% off (strip cut)","Crops",1200,864,1200,NA,FALSE,189,88,FALSE,"NULL",NA,20.94
"rug_outside.dots","rug_outside","dots","Zürich-δ✓","Crop: bottom 4% off (strip cut)","Crops",1050,720,1050,NA,FALSE,164,111,FALSE,"NULL",NA,7.47
"rug_outside.tiles","rug_outside","tiles","café-δ","Crop: bottom 4% off (strip cut)","Crops",1050,720,1050,NA,FALSE,164,114,TRUE,"exact","café-δ",5.78
"rug_outside.both","rug_outside","both","café-δ","Crop: bottom 4% off (strip cut)","Crops",1050,720,1050,NA,FALSE,164,111,TRUE,"exact","café-δ",3.18
"rug_outside.none","rug_outside","none",NA,"Crop: bottom 4% off (strip cut)","Crops",1050,720,1050,NA,FALSE,164,114,FALSE,"NULL",NA,2.68
"heatmap_raster.dots","heatmap_raster","dots","f47ac10b-58cc-4372-a567-0e02b2c3d479","Crop: bottom 4% off (strip cut)","Crops",1050,720,1050,NA,FALSE,144,109,FALSE,"NULL",NA,2.02
"heatmap_raster.tiles","heatmap_raster","tiles","K7Q2M9XD","Crop: bottom 4% off (strip cut)","Crops",1050,720,1050,NA,FALSE,144,114,FALSE,"NULL",NA,3.69
"heatmap_raster.both","heatmap_raster","both","K7Q2M9XD","Crop: bottom 4% off (strip cut)","Crops",1050,720,1050,NA,FALSE,144,111,FALSE,"NULL",NA,2.95
"heatmap_raster.none","heatmap_raster","none",NA,"Crop: bottom 4% off (strip cut)","Crops",1050,720,1050,NA,FALSE,144,114,FALSE,"NULL",NA,3.81
"dense_10k.dots","dense_10k","dots","K7Q2M9XD","Crop: bottom 4% off (strip cut)","Crops",1400,960,1400,NA,FALSE,165,111,FALSE,"NULL",NA,4.62
"dense_10k.tiles","dense_10k","tiles","ZZ0123456789","Crop: bottom 4% off (strip cut)","Crops",1400,960,1400,NA,FALSE,165,114,TRUE,"exact","ZZ0123456789",4.17
"dense_10k.both","dense_10k","both","ZZ0123456789","Crop: bottom 4% off (strip cut)","Crops",1400,960,1400,NA,FALSE,165,111,TRUE,"exact","ZZ0123456789",4.09
"dense_10k.none","dense_10k","none",NA,"Crop: bottom 4% off (strip cut)","Crops",1400,960,1400,NA,FALSE,165,114,FALSE,"NULL",NA,7.76
"dates_line.dots","dates_line","dots","f47ac10b-58cc-4372-a567-0e02b2c3d479","Crop: bottom 4% off (strip cut)","Crops",1200,648,1200,NA,FALSE,184,96,FALSE,"NULL",NA,2.84
"dates_line.tiles","dates_line","tiles","RUN-42","Crop: bottom 4% off (strip cut)","Crops",1200,648,1200,NA,FALSE,184,101,TRUE,"exact","RUN-42",4.96
"dates_line.both","dates_line","both","RUN-42","Crop: bottom 4% off (strip cut)","Crops",1200,648,1200,NA,FALSE,184,98,TRUE,"exact","RUN-42",3.21
"dates_line.none","dates_line","none",NA,"Crop: bottom 4% off (strip cut)","Crops",1200,648,1200,NA,FALSE,184,101,FALSE,"NULL",NA,3.91
"theme_dark.dots","theme_dark","dots","RUN-42","Crop: bottom 4% off (strip cut)","Crops",1050,720,1050,NA,FALSE,164,111,FALSE,"NULL",NA,3.05
"theme_dark.tiles","theme_dark","tiles","RUN-42","Crop: bottom 4% off (strip cut)","Crops",1050,720,1050,NA,FALSE,164,114,TRUE,"exact","RUN-42",4.43
"theme_dark.both","theme_dark","both","RUN-42","Crop: bottom 4% off (strip cut)","Crops",1050,720,1050,NA,FALSE,164,111,TRUE,"exact","RUN-42",3.29
"theme_dark.none","theme_dark","none",NA,"Crop: bottom 4% off (strip cut)","Crops",1050,720,1050,NA,FALSE,164,114,FALSE,"NULL",NA,4.18
"black_bg.dots","black_bg","dots","K7Q2M9XD","Crop: bottom 4% off (strip cut)","Crops",1050,720,1050,NA,FALSE,164,111,FALSE,"NULL",NA,2.58
"black_bg.tiles","black_bg","tiles","K7Q2M9XD","Crop: bottom 4% off (strip cut)","Crops",1050,720,1050,NA,FALSE,164,114,TRUE,"exact","K7Q2M9XD",2.67
"black_bg.both","black_bg","both","K7Q2M9XD","Crop: bottom 4% off (strip cut)","Crops",1050,720,1050,NA,FALSE,164,111,TRUE,"exact","K7Q2M9XD",2.15
"black_bg.none","black_bg","none",NA,"Crop: bottom 4% off (strip cut)","Crops",1050,720,1050,NA,FALSE,164,114,FALSE,"NULL",NA,2.32
"theme_void.dots","theme_void","dots","f47ac10b-58cc-4372-a567-0e02b2c3d479","Crop: bottom 4% off (strip cut)","Crops",1050,720,1050,NA,FALSE,178,120,FALSE,"NULL",NA,1.57
"theme_void.tiles","theme_void","tiles","K7Q2M9XD","Crop: bottom 4% off (strip cut)","Crops",1050,720,1050,NA,FALSE,178,122,TRUE,"exact","K7Q2M9XD",1.47
"theme_void.both","theme_void","both","K7Q2M9XD","Crop: bottom 4% off (strip cut)","Crops",1050,720,1050,NA,FALSE,178,122,TRUE,"exact","K7Q2M9XD",1.44
"theme_void.none","theme_void","none",NA,"Crop: bottom 4% off (strip cut)","Crops",1050,720,1050,NA,FALSE,178,122,FALSE,"NULL",NA,1.45
"tall_3x8.dots","tall_3x8","dots","K7Q2M9XD","Crop: bottom 4% off (strip cut)","Crops",450,1152,450,NA,FALSE,38,187,FALSE,"NULL",NA,3.02
"tall_3x8.tiles","tall_3x8","tiles","RUN-42","Crop: bottom 4% off (strip cut)","Crops",450,1152,450,NA,FALSE,38,190,FALSE,"NULL",NA,3.26
"tall_3x8.both","tall_3x8","both","RUN-42","Crop: bottom 4% off (strip cut)","Crops",450,1152,450,NA,FALSE,38,187,FALSE,"NULL",NA,3.38
"tall_3x8.none","tall_3x8","none",NA,"Crop: bottom 4% off (strip cut)","Crops",450,1152,450,NA,FALSE,38,190,FALSE,"NULL",NA,4.23
"wide_12x3.dots","wide_12x3","dots","f47ac10b-58cc-4372-a567-0e02b2c3d479","Crop: bottom 4% off (strip cut)","Crops",1800,432,1800,NA,FALSE,291,58,FALSE,"NULL",NA,3.15
"wide_12x3.tiles","wide_12x3","tiles","K7Q2M9XD","Crop: bottom 4% off (strip cut)","Crops",1800,432,1800,NA,FALSE,291,63,FALSE,"NULL",NA,2.92
"wide_12x3.both","wide_12x3","both","K7Q2M9XD","Crop: bottom 4% off (strip cut)","Crops",1800,432,1800,NA,FALSE,291,60,FALSE,"NULL",NA,2.92
"wide_12x3.none","wide_12x3","none",NA,"Crop: bottom 4% off (strip cut)","Crops",1800,432,1800,NA,FALSE,291,63,FALSE,"NULL",NA,2.04
"small_4x3_96dpi.dots","small_4x3_96dpi","dots","K7Q2M9XD","Crop: bottom 4% off (strip cut)","Crops",384,276,384,NA,FALSE,88,60,FALSE,"NULL",NA,0.59
"small_4x3_96dpi.tiles","small_4x3_96dpi","tiles","RUN-42","Crop: bottom 4% off (strip cut)","Crops",384,276,384,NA,FALSE,88,63,FALSE,"NULL",NA,0.35
"small_4x3_96dpi.both","small_4x3_96dpi","both","RUN-42","Crop: bottom 4% off (strip cut)","Crops",384,276,384,NA,FALSE,88,60,FALSE,"NULL",NA,0.34
"small_4x3_96dpi.none","small_4x3_96dpi","none",NA,"Crop: bottom 4% off (strip cut)","Crops",384,276,384,NA,FALSE,88,63,FALSE,"NULL",NA,0.31
"huge_14x10_300dpi.dots","huge_14x10_300dpi","dots","f47ac10b-58cc-4372-a567-0e02b2c3d479","Crop: bottom 4% off (strip cut)","Crops",4200,2880,4200,NA,FALSE,337,236,FALSE,"NULL",NA,31.36
"huge_14x10_300dpi.tiles","huge_14x10_300dpi","tiles","K7Q2M9XD","Crop: bottom 4% off (strip cut)","Crops",4200,2880,4200,NA,FALSE,337,241,TRUE,"exact","K7Q2M9XD",69.05
"huge_14x10_300dpi.both","huge_14x10_300dpi","both","K7Q2M9XD","Crop: bottom 4% off (strip cut)","Crops",4200,2880,4200,NA,FALSE,337,238,TRUE,"exact","K7Q2M9XD",64.03
"huge_14x10_300dpi.none","huge_14x10_300dpi","none",NA,"Crop: bottom 4% off (strip cut)","Crops",4200,2880,4200,NA,FALSE,337,241,FALSE,"NULL",NA,46.83
"long_title.dots","long_title","dots","ZZ0123456789ABCD","Crop: bottom 4% off (strip cut)","Crops",1050,720,1050,NA,FALSE,164,99,FALSE,"NULL",NA,10.14
"long_title.tiles","long_title","tiles","ZZ0123456789","Crop: bottom 4% off (strip cut)","Crops",1050,720,1050,NA,FALSE,164,102,TRUE,"exact","ZZ0123456789",3.41
"long_title.both","long_title","both","ZZ0123456789","Crop: bottom 4% off (strip cut)","Crops",1050,720,1050,NA,FALSE,164,99,TRUE,"exact","ZZ0123456789",3.26
"long_title.none","long_title","none",NA,"Crop: bottom 4% off (strip cut)","Crops",1050,720,1050,NA,FALSE,164,102,FALSE,"NULL",NA,2.68
"coord_polar.dots","coord_polar","dots","K7Q2M9XD","Crop: bottom 4% off (strip cut)","Crops",900,864,900,NA,FALSE,108,108,FALSE,"NULL",NA,4.07
"coord_polar.tiles","coord_polar","tiles","RUN-42","Crop: bottom 4% off (strip cut)","Crops",900,864,900,NA,FALSE,108,108,FALSE,"NULL",NA,4.34
"coord_polar.both","coord_polar","both","RUN-42","Crop: bottom 4% off (strip cut)","Crops",900,864,900,NA,FALSE,108,108,FALSE,"NULL",NA,3.69
"coord_polar.none","coord_polar","none",NA,"Crop: bottom 4% off (strip cut)","Crops",900,864,900,NA,FALSE,108,108,FALSE,"NULL",NA,3.85
"text_heavy.dots","text_heavy","dots","Zürich-δ✓","Crop: bottom 4% off (strip cut)","Crops",1050,720,1050,NA,FALSE,164,94,FALSE,"NULL",NA,5.99
"text_heavy.tiles","text_heavy","tiles","café-δ","Crop: bottom 4% off (strip cut)","Crops",1050,720,1050,NA,FALSE,164,97,TRUE,"exact","café-δ",3.74
"text_heavy.both","text_heavy","both","café-δ","Crop: bottom 4% off (strip cut)","Crops",1050,720,1050,NA,FALSE,164,94,TRUE,"NULL",NA,10.06
"text_heavy.none","text_heavy","none",NA,"Crop: bottom 4% off (strip cut)","Crops",1050,720,1050,NA,FALSE,164,97,FALSE,"NULL",NA,8.44
"baseline.dots","baseline","dots","K7Q2M9XD","Crop: left 8% off","Crops",967,750,1050,NA,FALSE,162,111,FALSE,"NULL",NA,7.09
"baseline.tiles","baseline","tiles","K7Q2M9XD","Crop: left 8% off","Crops",967,750,1050,NA,FALSE,162,114,TRUE,"exact","K7Q2M9XD",2.23
"facets_3x4.dots","facets_3x4","dots","K7Q2M9XD","Crop: left 8% off","Crops",1243,900,1350,NA,FALSE,170,124,FALSE,"NULL",NA,28.97
"facet_wrap_1x2.dots","facet_wrap_1x2","dots","RUN-42","Crop: left 8% off","Crops",1243,750,1350,NA,FALSE,208,105,FALSE,"NULL",NA,2.03
"facet_wrap_1x2.tiles","facet_wrap_1x2","tiles","K7Q2M9XD","Crop: left 8% off","Crops",1243,750,1350,NA,FALSE,208,108,TRUE,"exact","K7Q2M9XD",0.94
"legend_caption.dots","legend_caption","dots","ZZ0123456789ABCD","Crop: left 8% off","Crops",1105,900,1200,NA,FALSE,185,85,FALSE,"NULL",NA,10.63
"legend_caption.tiles","legend_caption","tiles","K7Q2M9XD","Crop: left 8% off","Crops",1105,900,1200,NA,FALSE,185,88,TRUE,"exact","K7Q2M9XD",8.76
"rug_outside.dots","rug_outside","dots","Zürich-δ✓","Crop: left 8% off","Crops",967,750,1050,NA,FALSE,162,111,FALSE,"NULL",NA,3.01
"rug_outside.tiles","rug_outside","tiles","café-δ","Crop: left 8% off","Crops",967,750,1050,NA,FALSE,162,114,TRUE,"exact","café-δ",2.69
"heatmap_raster.dots","heatmap_raster","dots","f47ac10b-58cc-4372-a567-0e02b2c3d479","Crop: left 8% off","Crops",967,750,1050,NA,FALSE,140,109,FALSE,"NULL",NA,2.32
"heatmap_raster.tiles","heatmap_raster","tiles","K7Q2M9XD","Crop: left 8% off","Crops",967,750,1050,NA,FALSE,140,114,FALSE,"NULL",NA,1.78
"dense_10k.dots","dense_10k","dots","K7Q2M9XD","Crop: left 8% off","Crops",1289,1000,1400,NA,FALSE,162,111,FALSE,"NULL",NA,6.25
"dense_10k.tiles","dense_10k","tiles","ZZ0123456789","Crop: left 8% off","Crops",1289,1000,1400,NA,FALSE,162,114,TRUE,"exact","ZZ0123456789",4.59
"dates_line.dots","dates_line","dots","f47ac10b-58cc-4372-a567-0e02b2c3d479","Crop: left 8% off","Crops",1105,675,1200,NA,FALSE,184,96,FALSE,"NULL",NA,3.9
"dates_line.tiles","dates_line","tiles","RUN-42","Crop: left 8% off","Crops",1105,675,1200,NA,FALSE,184,101,TRUE,"exact","RUN-42",2.86
"theme_dark.dots","theme_dark","dots","RUN-42","Crop: left 8% off","Crops",967,750,1050,NA,FALSE,162,111,FALSE,"NULL",NA,1.99
"theme_dark.tiles","theme_dark","tiles","RUN-42","Crop: left 8% off","Crops",967,750,1050,NA,FALSE,162,114,TRUE,"exact","RUN-42",2.2
"black_bg.dots","black_bg","dots","K7Q2M9XD","Crop: left 8% off","Crops",967,750,1050,NA,FALSE,162,111,FALSE,"NULL",NA,1.3
"black_bg.tiles","black_bg","tiles","K7Q2M9XD","Crop: left 8% off","Crops",967,750,1050,NA,FALSE,162,114,TRUE,"exact","K7Q2M9XD",1.35
"theme_void.dots","theme_void","dots","f47ac10b-58cc-4372-a567-0e02b2c3d479","Crop: left 8% off","Crops",967,750,1050,NA,FALSE,164,120,FALSE,"NULL",NA,1.26
"theme_void.tiles","theme_void","tiles","K7Q2M9XD","Crop: left 8% off","Crops",967,750,1050,NA,FALSE,164,127,TRUE,"exact","K7Q2M9XD",1.08
"tall_3x8.dots","tall_3x8","dots","K7Q2M9XD","Crop: left 8% off","Crops",415,1200,450,NA,FALSE,38,187,FALSE,"NULL",NA,3.1
"tall_3x8.tiles","tall_3x8","tiles","RUN-42","Crop: left 8% off","Crops",415,1200,450,NA,FALSE,38,190,FALSE,"NULL",NA,3.45
"wide_12x3.dots","wide_12x3","dots","f47ac10b-58cc-4372-a567-0e02b2c3d479","Crop: left 8% off","Crops",1657,450,1800,NA,FALSE,279,58,FALSE,"NULL",NA,1.45
"wide_12x3.tiles","wide_12x3","tiles","K7Q2M9XD","Crop: left 8% off","Crops",1657,450,1800,NA,FALSE,279,63,FALSE,"NULL",NA,1.58
"small_4x3_96dpi.dots","small_4x3_96dpi","dots","K7Q2M9XD","Crop: left 8% off","Crops",354,288,384,NA,FALSE,88,60,FALSE,"NULL",NA,0.3
"small_4x3_96dpi.tiles","small_4x3_96dpi","tiles","RUN-42","Crop: left 8% off","Crops",354,288,384,NA,FALSE,88,63,FALSE,"NULL",NA,0.39
"huge_14x10_300dpi.dots","huge_14x10_300dpi","dots","f47ac10b-58cc-4372-a567-0e02b2c3d479","Crop: left 8% off","Crops",3865,3000,4200,NA,FALSE,325,236,FALSE,"NULL",NA,14.12
"long_title.dots","long_title","dots","ZZ0123456789ABCD","Crop: left 8% off","Crops",967,750,1050,NA,FALSE,162,99,FALSE,"NULL",NA,2.77
"long_title.tiles","long_title","tiles","ZZ0123456789","Crop: left 8% off","Crops",967,750,1050,NA,FALSE,162,102,TRUE,"exact","ZZ0123456789",1.4
"coord_polar.dots","coord_polar","dots","K7Q2M9XD","Crop: left 8% off","Crops",829,900,900,NA,FALSE,106,108,FALSE,"NULL",NA,1.77
"coord_polar.tiles","coord_polar","tiles","RUN-42","Crop: left 8% off","Crops",829,900,900,NA,FALSE,106,108,FALSE,"NULL",NA,1.97
"text_heavy.dots","text_heavy","dots","Zürich-δ✓","Crop: left 8% off","Crops",967,750,1050,NA,FALSE,162,94,FALSE,"NULL",NA,3.37
"text_heavy.tiles","text_heavy","tiles","café-δ","Crop: left 8% off","Crops",967,750,1050,NA,FALSE,162,97,TRUE,"exact","café-δ",2.95
"baseline.dots","baseline","dots","K7Q2M9XD","Crop: tight around all panels","Crops",970,656,1050,NA,FALSE,164,111,FALSE,"NULL",NA,1.37
"baseline.tiles","baseline","tiles","K7Q2M9XD","Crop: tight around all panels","Crops",970,674,1050,NA,FALSE,164,114,TRUE,"exact","K7Q2M9XD",1.79
"baseline.both","baseline","both","K7Q2M9XD","Crop: tight around all panels","Crops",970,656,1050,NA,FALSE,164,111,TRUE,"exact","K7Q2M9XD",2.03
"baseline.none","baseline","none",NA,"Crop: tight around all panels","Crops",970,674,1050,NA,FALSE,164,114,FALSE,"NULL",NA,1.45
"facets_3x4.dots","facets_3x4","dots","K7Q2M9XD","Crop: tight around all panels","Crops",1043,734,1350,NA,FALSE,176,124,FALSE,"NULL",NA,19.04
"facets_3x4.tiles","facets_3x4","tiles","RUN-42","Crop: tight around all panels","Crops",1043,752,1350,NA,FALSE,176,127,TRUE,"NULL",NA,16.72
"facets_3x4.both","facets_3x4","both","RUN-42","Crop: tight around all panels","Crops",1043,734,1350,NA,FALSE,176,124,TRUE,"NULL",NA,16.48
"facets_3x4.none","facets_3x4","none",NA,"Crop: tight around all panels","Crops",1043,752,1350,NA,FALSE,176,127,FALSE,"NULL",NA,20.41
"facet_wrap_1x2.dots","facet_wrap_1x2","dots","RUN-42","Crop: tight around all panels","Crops",1270,621,1350,NA,FALSE,215,105,FALSE,"NULL",NA,0.99
"facet_wrap_1x2.tiles","facet_wrap_1x2","tiles","K7Q2M9XD","Crop: tight around all panels","Crops",1270,639,1350,NA,FALSE,215,108,TRUE,"exact","K7Q2M9XD",1.77
"facet_wrap_1x2.both","facet_wrap_1x2","both","K7Q2M9XD","Crop: tight around all panels","Crops",1270,621,1350,NA,FALSE,215,105,TRUE,"exact","K7Q2M9XD",2
"facet_wrap_1x2.none","facet_wrap_1x2","none",NA,"Crop: tight around all panels","Crops",1270,639,1350,NA,FALSE,215,108,FALSE,"NULL",NA,1.56
"legend_caption.dots","legend_caption","dots","ZZ0123456789ABCD","Crop: tight around all panels","Crops",1120,505,1200,NA,FALSE,189,85,FALSE,"NULL",NA,1.48
"legend_caption.tiles","legend_caption","tiles","K7Q2M9XD","Crop: tight around all panels","Crops",1120,523,1200,NA,FALSE,189,88,TRUE,"exact","K7Q2M9XD",2.85
"legend_caption.both","legend_caption","both","K7Q2M9XD","Crop: tight around all panels","Crops",1120,505,1200,NA,FALSE,189,85,TRUE,"NULL",NA,3.69
"legend_caption.none","legend_caption","none",NA,"Crop: tight around all panels","Crops",1120,523,1200,NA,FALSE,189,88,FALSE,"NULL",NA,1.61
"rug_outside.dots","rug_outside","dots","Zürich-δ✓","Crop: tight around all panels","Crops",970,656,1050,NA,FALSE,164,111,FALSE,"NULL",NA,2.73
"rug_outside.tiles","rug_outside","tiles","café-δ","Crop: tight around all panels","Crops",970,674,1050,NA,FALSE,164,114,TRUE,"exact","café-δ",1.97
"rug_outside.both","rug_outside","both","café-δ","Crop: tight around all panels","Crops",970,656,1050,NA,FALSE,164,111,TRUE,"exact","café-δ",2.14
"rug_outside.none","rug_outside","none",NA,"Crop: tight around all panels","Crops",970,674,1050,NA,FALSE,164,114,FALSE,"NULL",NA,0.86
"heatmap_raster.dots","heatmap_raster","dots","f47ac10b-58cc-4372-a567-0e02b2c3d479","Crop: tight around all panels","Crops",852,644,1050,NA,FALSE,144,109,FALSE,"NULL",NA,0.66
"heatmap_raster.tiles","heatmap_raster","tiles","K7Q2M9XD","Crop: tight around all panels","Crops",852,674,1050,NA,FALSE,144,114,FALSE,"NULL",NA,0.62
"heatmap_raster.both","heatmap_raster","both","K7Q2M9XD","Crop: tight around all panels","Crops",852,656,1050,NA,FALSE,144,111,FALSE,"NULL",NA,0.58
"heatmap_raster.none","heatmap_raster","none",NA,"Crop: tight around all panels","Crops",852,674,1050,NA,FALSE,144,114,FALSE,"NULL",NA,0.68
"dense_10k.dots","dense_10k","dots","K7Q2M9XD","Crop: tight around all panels","Crops",1299,875,1400,NA,FALSE,165,111,FALSE,"NULL",NA,3.01
"dense_10k.tiles","dense_10k","tiles","ZZ0123456789","Crop: tight around all panels","Crops",1299,898,1400,NA,FALSE,165,114,TRUE,"exact","ZZ0123456789",3.29
"dense_10k.both","dense_10k","both","ZZ0123456789","Crop: tight around all panels","Crops",1299,875,1400,NA,FALSE,165,111,TRUE,"exact","ZZ0123456789",3.27
"dense_10k.none","dense_10k","none",NA,"Crop: tight around all panels","Crops",1299,898,1400,NA,FALSE,165,114,FALSE,"NULL",NA,3.52
"dates_line.dots","dates_line","dots","f47ac10b-58cc-4372-a567-0e02b2c3d479","Crop: tight around all panels","Crops",1090,569,1200,NA,FALSE,184,96,FALSE,"NULL",NA,1.2
"dates_line.tiles","dates_line","tiles","RUN-42","Crop: tight around all panels","Crops",1090,599,1200,NA,FALSE,184,101,TRUE,"exact","RUN-42",1.71
"dates_line.both","dates_line","both","RUN-42","Crop: tight around all panels","Crops",1090,581,1200,NA,FALSE,184,98,TRUE,"exact","RUN-42",1.5
"dates_line.none","dates_line","none",NA,"Crop: tight around all panels","Crops",1090,599,1200,NA,FALSE,184,101,FALSE,"NULL",NA,1.37
"theme_dark.dots","theme_dark","dots","RUN-42","Crop: tight around all panels","Crops",970,656,1050,NA,FALSE,164,111,FALSE,"NULL",NA,1.01
"theme_dark.tiles","theme_dark","tiles","RUN-42","Crop: tight around all panels","Crops",970,674,1050,NA,FALSE,164,114,TRUE,"exact","RUN-42",1.45
"theme_dark.both","theme_dark","both","RUN-42","Crop: tight around all panels","Crops",970,656,1050,NA,FALSE,164,111,TRUE,"exact","RUN-42",1.66
"theme_dark.none","theme_dark","none",NA,"Crop: tight around all panels","Crops",970,674,1050,NA,FALSE,164,114,FALSE,"NULL",NA,1.11
"black_bg.dots","black_bg","dots","K7Q2M9XD","Crop: tight around all panels","Crops",970,656,1050,NA,FALSE,164,111,FALSE,"NULL",NA,0.72
"black_bg.tiles","black_bg","tiles","K7Q2M9XD","Crop: tight around all panels","Crops",970,674,1050,NA,FALSE,164,114,TRUE,"exact","K7Q2M9XD",1.09
"black_bg.both","black_bg","both","K7Q2M9XD","Crop: tight around all panels","Crops",970,656,1050,NA,FALSE,164,111,TRUE,"exact","K7Q2M9XD",1.16
"black_bg.none","black_bg","none",NA,"Crop: tight around all panels","Crops",970,674,1050,NA,FALSE,164,114,FALSE,"NULL",NA,0.8
"theme_void.dots","theme_void","dots","f47ac10b-58cc-4372-a567-0e02b2c3d479","Crop: tight around all panels","Crops",1050,709,1050,NA,FALSE,178,120,FALSE,"NULL",NA,0.99
"theme_void.tiles","theme_void","tiles","K7Q2M9XD","Crop: tight around all panels","Crops",1050,750,1050,NA,TRUE,178,127,TRUE,"exact","K7Q2M9XD",1
"theme_void.both","theme_void","both","K7Q2M9XD","Crop: tight around all panels","Crops",1050,721,1050,NA,FALSE,178,122,TRUE,"exact","K7Q2M9XD",1.05
"theme_void.none","theme_void","none",NA,"Crop: tight around all panels","Crops",1050,750,1050,NA,TRUE,178,127,FALSE,"NULL",NA,1.32
"tall_3x8.dots","tall_3x8","dots","K7Q2M9XD","Crop: tight around all panels","Crops",225,1106,450,NA,FALSE,38,187,FALSE,"NULL",NA,0.84
"tall_3x8.tiles","tall_3x8","tiles","RUN-42","Crop: tight around all panels","Crops",225,1124,450,NA,FALSE,38,190,FALSE,"NULL",NA,1.11
"tall_3x8.both","tall_3x8","both","RUN-42","Crop: tight around all panels","Crops",225,1106,450,NA,FALSE,38,187,FALSE,"NULL",NA,1.11
"tall_3x8.none","tall_3x8","none",NA,"Crop: tight around all panels","Crops",225,1124,450,NA,FALSE,38,190,FALSE,"NULL",NA,0.77
"wide_12x3.dots","wide_12x3","dots","f47ac10b-58cc-4372-a567-0e02b2c3d479","Crop: tight around all panels","Crops",1720,344,1800,NA,FALSE,291,58,FALSE,"NULL",NA,0.66
"wide_12x3.tiles","wide_12x3","tiles","K7Q2M9XD","Crop: tight around all panels","Crops",1720,374,1800,NA,FALSE,291,63,FALSE,"NULL",NA,1.34
"wide_12x3.both","wide_12x3","both","K7Q2M9XD","Crop: tight around all panels","Crops",1720,356,1800,NA,FALSE,291,60,FALSE,"NULL",NA,1.49
"wide_12x3.none","wide_12x3","none",NA,"Crop: tight around all panels","Crops",1720,374,1800,NA,FALSE,291,63,FALSE,"NULL",NA,1.18
"small_4x3_96dpi.dots","small_4x3_96dpi","dots","K7Q2M9XD","Crop: tight around all panels","Crops",333,228,384,NA,FALSE,88,60,FALSE,"NULL",NA,0.17
"small_4x3_96dpi.tiles","small_4x3_96dpi","tiles","RUN-42","Crop: tight around all panels","Crops",333,240,384,NA,FALSE,88,63,FALSE,"exact","RUN-42",0.34
"small_4x3_96dpi.both","small_4x3_96dpi","both","RUN-42","Crop: tight around all panels","Crops",333,228,384,NA,FALSE,88,60,FALSE,"NULL",NA,0.36
"small_4x3_96dpi.none","small_4x3_96dpi","none",NA,"Crop: tight around all panels","Crops",333,240,384,NA,FALSE,88,63,FALSE,"NULL",NA,0.15
"huge_14x10_300dpi.dots","huge_14x10_300dpi","dots","f47ac10b-58cc-4372-a567-0e02b2c3d479","Crop: tight around all panels","Crops",3979,2787,4200,NA,FALSE,337,236,FALSE,"NULL",NA,16.95
"huge_14x10_300dpi.tiles","huge_14x10_300dpi","tiles","K7Q2M9XD","Crop: tight around all panels","Crops",3979,2847,4200,NA,FALSE,337,241,TRUE,"exact","K7Q2M9XD",27.99
"huge_14x10_300dpi.both","huge_14x10_300dpi","both","K7Q2M9XD","Crop: tight around all panels","Crops",3979,2812,4200,NA,FALSE,337,238,TRUE,"exact","K7Q2M9XD",27.44
"huge_14x10_300dpi.none","huge_14x10_300dpi","none",NA,"Crop: tight around all panels","Crops",3979,2847,4200,NA,FALSE,337,241,FALSE,"NULL",NA,17.46
"long_title.dots","long_title","dots","ZZ0123456789ABCD","Crop: tight around all panels","Crops",970,587,1050,NA,FALSE,164,99,FALSE,"NULL",NA,2.16
"long_title.tiles","long_title","tiles","ZZ0123456789","Crop: tight around all panels","Crops",970,605,1050,NA,FALSE,164,102,TRUE,"exact","ZZ0123456789",3.13
"long_title.both","long_title","both","ZZ0123456789","Crop: tight around all panels","Crops",970,587,1050,NA,FALSE,164,99,TRUE,"exact","ZZ0123456789",3.41
"long_title.none","long_title","none",NA,"Crop: tight around all panels","Crops",970,605,1050,NA,FALSE,164,102,FALSE,"NULL",NA,2.43
"coord_polar.dots","coord_polar","dots","K7Q2M9XD","Crop: tight around all panels","Crops",639,639,900,NA,FALSE,108,108,FALSE,"NULL",NA,1.99
"coord_polar.tiles","coord_polar","tiles","RUN-42","Crop: tight around all panels","Crops",639,639,900,NA,FALSE,108,108,FALSE,"NULL",NA,3.54
"coord_polar.both","coord_polar","both","RUN-42","Crop: tight around all panels","Crops",639,639,900,NA,FALSE,108,108,FALSE,"NULL",NA,3.93
"coord_polar.none","coord_polar","none",NA,"Crop: tight around all panels","Crops",639,639,900,NA,FALSE,108,108,FALSE,"NULL",NA,1.62
"text_heavy.dots","text_heavy","dots","Zürich-δ✓","Crop: tight around all panels","Crops",970,559,1050,NA,FALSE,164,94,FALSE,"NULL",NA,2.67
"text_heavy.tiles","text_heavy","tiles","café-δ","Crop: tight around all panels","Crops",970,576,1050,NA,FALSE,164,97,TRUE,"exact","café-δ",5.23
"text_heavy.both","text_heavy","both","café-δ","Crop: tight around all panels","Crops",970,559,1050,NA,FALSE,164,94,TRUE,"NULL",NA,6.79
"text_heavy.none","text_heavy","none",NA,"Crop: tight around all panels","Crops",970,576,1050,NA,FALSE,164,97,FALSE,"NULL",NA,4.01
"baseline.dots","baseline","dots","K7Q2M9XD","Crop: first panel only","Crops",970,656,1050,NA,FALSE,164,111,FALSE,"NULL",NA,3.27
"baseline.tiles","baseline","tiles","K7Q2M9XD","Crop: first panel only","Crops",970,674,1050,NA,FALSE,164,114,TRUE,"exact","K7Q2M9XD",3.32
"facets_3x4.dots","facets_3x4","dots","K7Q2M9XD","Crop: first panel only","Crops",253,238,1350,NA,FALSE,43,40,FALSE,"NULL",NA,1.53
"facet_wrap_1x2.dots","facet_wrap_1x2","dots","RUN-42","Crop: first panel only","Crops",630,621,1350,NA,FALSE,107,105,FALSE,"NULL",NA,2.58
"facet_wrap_1x2.tiles","facet_wrap_1x2","tiles","K7Q2M9XD","Crop: first panel only","Crops",630,639,1350,NA,FALSE,107,108,TRUE,"exact","K7Q2M9XD",2.74
"legend_caption.dots","legend_caption","dots","ZZ0123456789ABCD","Crop: first panel only","Crops",1120,505,1200,NA,FALSE,189,85,FALSE,"NULL",NA,2.27
"legend_caption.tiles","legend_caption","tiles","K7Q2M9XD","Crop: first panel only","Crops",1120,523,1200,NA,FALSE,189,88,TRUE,"exact","K7Q2M9XD",2.61
"rug_outside.dots","rug_outside","dots","Zürich-δ✓","Crop: first panel only","Crops",970,656,1050,NA,FALSE,164,111,FALSE,"NULL",NA,3.27
"rug_outside.tiles","rug_outside","tiles","café-δ","Crop: first panel only","Crops",970,674,1050,NA,FALSE,164,114,TRUE,"exact","café-δ",2.44
"heatmap_raster.dots","heatmap_raster","dots","f47ac10b-58cc-4372-a567-0e02b2c3d479","Crop: first panel only","Crops",852,644,1050,NA,FALSE,144,109,FALSE,"NULL",NA,1.71
"heatmap_raster.tiles","heatmap_raster","tiles","K7Q2M9XD","Crop: first panel only","Crops",852,674,1050,NA,FALSE,144,114,FALSE,"NULL",NA,1.53
"dense_10k.dots","dense_10k","dots","K7Q2M9XD","Crop: first panel only","Crops",1299,875,1400,NA,FALSE,165,111,FALSE,"NULL",NA,2.86
"dense_10k.tiles","dense_10k","tiles","ZZ0123456789","Crop: first panel only","Crops",1299,898,1400,NA,FALSE,165,114,TRUE,"exact","ZZ0123456789",2.92
"dates_line.dots","dates_line","dots","f47ac10b-58cc-4372-a567-0e02b2c3d479","Crop: first panel only","Crops",1090,569,1200,NA,FALSE,184,96,FALSE,"NULL",NA,1.28
"dates_line.tiles","dates_line","tiles","RUN-42","Crop: first panel only","Crops",1090,599,1200,NA,FALSE,184,101,TRUE,"exact","RUN-42",2.16
"theme_dark.dots","theme_dark","dots","RUN-42","Crop: first panel only","Crops",970,656,1050,NA,FALSE,164,111,FALSE,"NULL",NA,1.53
"theme_dark.tiles","theme_dark","tiles","RUN-42","Crop: first panel only","Crops",970,674,1050,NA,FALSE,164,114,TRUE,"exact","RUN-42",2.27
"black_bg.dots","black_bg","dots","K7Q2M9XD","Crop: first panel only","Crops",970,656,1050,NA,FALSE,164,111,FALSE,"NULL",NA,1.05
"black_bg.tiles","black_bg","tiles","K7Q2M9XD","Crop: first panel only","Crops",970,674,1050,NA,FALSE,164,114,TRUE,"exact","K7Q2M9XD",1.3
"theme_void.dots","theme_void","dots","f47ac10b-58cc-4372-a567-0e02b2c3d479","Crop: first panel only","Crops",1050,709,1050,NA,FALSE,178,120,FALSE,"NULL",NA,1
"theme_void.tiles","theme_void","tiles","K7Q2M9XD","Crop: first panel only","Crops",1050,750,1050,NA,TRUE,178,127,TRUE,"exact","K7Q2M9XD",0.92
"tall_3x8.dots","tall_3x8","dots","K7Q2M9XD","Crop: first panel only","Crops",225,1106,450,NA,FALSE,38,187,FALSE,"NULL",NA,0.77
"tall_3x8.tiles","tall_3x8","tiles","RUN-42","Crop: first panel only","Crops",225,1124,450,NA,FALSE,38,190,FALSE,"NULL",NA,1.13
"wide_12x3.dots","wide_12x3","dots","f47ac10b-58cc-4372-a567-0e02b2c3d479","Crop: first panel only","Crops",1720,344,1800,NA,FALSE,291,58,FALSE,"NULL",NA,0.75
"wide_12x3.tiles","wide_12x3","tiles","K7Q2M9XD","Crop: first panel only","Crops",1720,374,1800,NA,FALSE,291,63,FALSE,"NULL",NA,1.81
"small_4x3_96dpi.dots","small_4x3_96dpi","dots","K7Q2M9XD","Crop: first panel only","Crops",333,228,384,NA,FALSE,88,60,FALSE,"NULL",NA,0.2
"small_4x3_96dpi.tiles","small_4x3_96dpi","tiles","RUN-42","Crop: first panel only","Crops",333,240,384,NA,FALSE,88,63,FALSE,"exact","RUN-42",0.35
"huge_14x10_300dpi.dots","huge_14x10_300dpi","dots","f47ac10b-58cc-4372-a567-0e02b2c3d479","Crop: first panel only","Crops",3979,2787,4200,NA,FALSE,337,236,FALSE,"NULL",NA,5.46
"long_title.dots","long_title","dots","ZZ0123456789ABCD","Crop: first panel only","Crops",970,587,1050,NA,FALSE,164,99,FALSE,"NULL",NA,1.25
"long_title.tiles","long_title","tiles","ZZ0123456789","Crop: first panel only","Crops",970,605,1050,NA,FALSE,164,102,TRUE,"exact","ZZ0123456789",1.26
"coord_polar.dots","coord_polar","dots","K7Q2M9XD","Crop: first panel only","Crops",639,639,900,NA,FALSE,108,108,FALSE,"NULL",NA,0.69
"coord_polar.tiles","coord_polar","tiles","RUN-42","Crop: first panel only","Crops",639,639,900,NA,FALSE,108,108,FALSE,"NULL",NA,1.45
"text_heavy.dots","text_heavy","dots","Zürich-δ✓","Crop: first panel only","Crops",970,559,1050,NA,FALSE,164,94,FALSE,"NULL",NA,1.19
"text_heavy.tiles","text_heavy","tiles","café-δ","Crop: first panel only","Crops",970,576,1050,NA,FALSE,164,97,TRUE,"exact","café-δ",1.32
"baseline.dots","baseline","dots","K7Q2M9XD","Crop: 75 mm square of panel","Crops",444,444,1050,NA,FALSE,75,75,FALSE,"NULL",NA,0.3
"baseline.tiles","baseline","tiles","K7Q2M9XD","Crop: 75 mm square of panel","Crops",444,444,1050,NA,FALSE,75,75,TRUE,"exact","K7Q2M9XD",0.44
"baseline.both","baseline","both","K7Q2M9XD","Crop: 75 mm square of panel","Crops",444,444,1050,NA,FALSE,75,75,TRUE,"exact","K7Q2M9XD",0.5
"baseline.none","baseline","none",NA,"Crop: 75 mm square of panel","Crops",444,444,1050,NA,FALSE,75,75,FALSE,"NULL",NA,0.31
"facets_3x4.dots","facets_3x4","dots","K7Q2M9XD","Crop: 75 mm square of panel","Crops",443,444,1350,NA,FALSE,75,75,FALSE,"NULL",NA,1.2
"facets_3x4.tiles","facets_3x4","tiles","RUN-42","Crop: 75 mm square of panel","Crops",443,444,1350,NA,FALSE,75,75,TRUE,"NULL",NA,1.07
"facets_3x4.both","facets_3x4","both","RUN-42","Crop: 75 mm square of panel","Crops",443,444,1350,NA,FALSE,75,75,TRUE,"NULL",NA,1.23
"facets_3x4.none","facets_3x4","none",NA,"Crop: 75 mm square of panel","Crops",443,444,1350,NA,FALSE,75,75,FALSE,"NULL",NA,1.15
"facet_wrap_1x2.dots","facet_wrap_1x2","dots","RUN-42","Crop: 75 mm square of panel","Crops",444,443,1350,NA,FALSE,75,75,FALSE,"NULL",NA,0.4
"facet_wrap_1x2.tiles","facet_wrap_1x2","tiles","K7Q2M9XD","Crop: 75 mm square of panel","Crops",444,443,1350,NA,FALSE,75,75,TRUE,"exact","K7Q2M9XD",0.72
"facet_wrap_1x2.both","facet_wrap_1x2","both","K7Q2M9XD","Crop: 75 mm square of panel","Crops",444,443,1350,NA,FALSE,75,75,TRUE,"exact","K7Q2M9XD",0.54
"facet_wrap_1x2.none","facet_wrap_1x2","none",NA,"Crop: 75 mm square of panel","Crops",444,443,1350,NA,FALSE,75,75,FALSE,"NULL",NA,0.89
"legend_caption.dots","legend_caption","dots","ZZ0123456789ABCD","Crop: 75 mm square of panel","Crops",444,443,1200,NA,FALSE,75,75,FALSE,"NULL",NA,0.52
"legend_caption.tiles","legend_caption","tiles","K7Q2M9XD","Crop: 75 mm square of panel","Crops",444,443,1200,NA,FALSE,75,75,TRUE,"exact","K7Q2M9XD",0.5
"legend_caption.both","legend_caption","both","K7Q2M9XD","Crop: 75 mm square of panel","Crops",444,443,1200,NA,FALSE,75,75,TRUE,"NULL",NA,0.8
"legend_caption.none","legend_caption","none",NA,"Crop: 75 mm square of panel","Crops",444,443,1200,NA,FALSE,75,75,FALSE,"NULL",NA,0.48
"rug_outside.dots","rug_outside","dots","Zürich-δ✓","Crop: 75 mm square of panel","Crops",444,444,1050,NA,FALSE,75,75,FALSE,"NULL",NA,0.45
"rug_outside.tiles","rug_outside","tiles","café-δ","Crop: 75 mm square of panel","Crops",444,444,1050,NA,FALSE,75,75,TRUE,"NULL",NA,0.69
"rug_outside.both","rug_outside","both","café-δ","Crop: 75 mm square of panel","Crops",444,444,1050,NA,FALSE,75,75,TRUE,"NULL",NA,0.74
"rug_outside.none","rug_outside","none",NA,"Crop: 75 mm square of panel","Crops",444,444,1050,NA,FALSE,75,75,FALSE,"NULL",NA,0.41
"heatmap_raster.dots","heatmap_raster","dots","f47ac10b-58cc-4372-a567-0e02b2c3d479","Crop: 75 mm square of panel","Crops",444,444,1050,NA,FALSE,75,75,FALSE,"NULL",NA,0.33
"heatmap_raster.tiles","heatmap_raster","tiles","K7Q2M9XD","Crop: 75 mm square of panel","Crops",444,444,1050,NA,FALSE,75,75,FALSE,"NULL",NA,0.35
"heatmap_raster.both","heatmap_raster","both","K7Q2M9XD","Crop: 75 mm square of panel","Crops",444,444,1050,NA,FALSE,75,75,FALSE,"NULL",NA,0.33
"heatmap_raster.none","heatmap_raster","none",NA,"Crop: 75 mm square of panel","Crops",444,444,1050,NA,FALSE,75,75,FALSE,"NULL",NA,0.34
"dense_10k.dots","dense_10k","dots","K7Q2M9XD","Crop: 75 mm square of panel","Crops",591,591,1400,NA,FALSE,75,75,FALSE,"NULL",NA,3.48
"dense_10k.tiles","dense_10k","tiles","ZZ0123456789","Crop: 75 mm square of panel","Crops",591,592,1400,NA,FALSE,75,75,TRUE,"NULL",NA,3.64
"dense_10k.both","dense_10k","both","ZZ0123456789","Crop: 75 mm square of panel","Crops",591,591,1400,NA,FALSE,75,75,TRUE,"NULL",NA,3.48
"dense_10k.none","dense_10k","none",NA,"Crop: 75 mm square of panel","Crops",591,592,1400,NA,FALSE,75,75,FALSE,"NULL",NA,3.43
"dates_line.dots","dates_line","dots","f47ac10b-58cc-4372-a567-0e02b2c3d479","Crop: 75 mm square of panel","Crops",444,443,1200,NA,FALSE,75,75,FALSE,"NULL",NA,0.43
"dates_line.tiles","dates_line","tiles","RUN-42","Crop: 75 mm square of panel","Crops",444,443,1200,NA,FALSE,75,75,TRUE,"NULL",NA,0.96
"dates_line.both","dates_line","both","RUN-42","Crop: 75 mm square of panel","Crops",444,443,1200,NA,FALSE,75,75,TRUE,"NULL",NA,1.57
"dates_line.none","dates_line","none",NA,"Crop: 75 mm square of panel","Crops",444,443,1200,NA,FALSE,75,75,FALSE,"NULL",NA,0.62
"theme_dark.dots","theme_dark","dots","RUN-42","Crop: 75 mm square of panel","Crops",444,444,1050,NA,FALSE,75,75,FALSE,"NULL",NA,0.71
"theme_dark.tiles","theme_dark","tiles","RUN-42","Crop: 75 mm square of panel","Crops",444,444,1050,NA,FALSE,75,75,TRUE,"exact","RUN-42",0.73
"theme_dark.both","theme_dark","both","RUN-42","Crop: 75 mm square of panel","Crops",444,444,1050,NA,FALSE,75,75,TRUE,"NULL",NA,0.82
"theme_dark.none","theme_dark","none",NA,"Crop: 75 mm square of panel","Crops",444,444,1050,NA,FALSE,75,75,FALSE,"NULL",NA,0.61
"black_bg.dots","black_bg","dots","K7Q2M9XD","Crop: 75 mm square of panel","Crops",444,444,1050,NA,FALSE,75,75,FALSE,"NULL",NA,0.32
"black_bg.tiles","black_bg","tiles","K7Q2M9XD","Crop: 75 mm square of panel","Crops",444,444,1050,NA,FALSE,75,75,TRUE,"exact","K7Q2M9XD",0.53
"black_bg.both","black_bg","both","K7Q2M9XD","Crop: 75 mm square of panel","Crops",444,444,1050,NA,FALSE,75,75,TRUE,"exact","K7Q2M9XD",0.58
"black_bg.none","black_bg","none",NA,"Crop: 75 mm square of panel","Crops",444,444,1050,NA,FALSE,75,75,FALSE,"NULL",NA,0.31
"theme_void.dots","theme_void","dots","f47ac10b-58cc-4372-a567-0e02b2c3d479","Crop: 75 mm square of panel","Crops",444,443,1050,NA,FALSE,75,75,FALSE,"NULL",NA,0.38
"theme_void.tiles","theme_void","tiles","K7Q2M9XD","Crop: 75 mm square of panel","Crops",444,444,1050,NA,FALSE,75,75,TRUE,"exact","K7Q2M9XD",0.47
"theme_void.both","theme_void","both","K7Q2M9XD","Crop: 75 mm square of panel","Crops",444,443,1050,NA,FALSE,75,75,TRUE,"exact","K7Q2M9XD",0.45
"theme_void.none","theme_void","none",NA,"Crop: 75 mm square of panel","Crops",444,444,1050,NA,FALSE,75,75,FALSE,"NULL",NA,0.4
"tall_3x8.dots","tall_3x8","dots","K7Q2M9XD","Crop: 75 mm square of panel","Crops",225,444,450,NA,FALSE,38,75,FALSE,"NULL",NA,0.42
"tall_3x8.tiles","tall_3x8","tiles","RUN-42","Crop: 75 mm square of panel","Crops",225,444,450,NA,FALSE,38,75,FALSE,"NULL",NA,0.54
"tall_3x8.both","tall_3x8","both","RUN-42","Crop: 75 mm square of panel","Crops",225,444,450,NA,FALSE,38,75,FALSE,"NULL",NA,0.56
"tall_3x8.none","tall_3x8","none",NA,"Crop: 75 mm square of panel","Crops",225,444,450,NA,FALSE,38,75,FALSE,"NULL",NA,0.4
"wide_12x3.dots","wide_12x3","dots","f47ac10b-58cc-4372-a567-0e02b2c3d479","Crop: 75 mm square of panel","Crops",444,344,1800,NA,FALSE,75,58,FALSE,"NULL",NA,0.26
"wide_12x3.tiles","wide_12x3","tiles","K7Q2M9XD","Crop: 75 mm square of panel","Crops",444,374,1800,NA,FALSE,75,63,FALSE,"NULL",NA,0.52
"wide_12x3.both","wide_12x3","both","K7Q2M9XD","Crop: 75 mm square of panel","Crops",444,356,1800,NA,FALSE,75,60,FALSE,"NULL",NA,0.62
"wide_12x3.none","wide_12x3","none",NA,"Crop: 75 mm square of panel","Crops",444,374,1800,NA,FALSE,75,63,FALSE,"NULL",NA,0.35
"small_4x3_96dpi.dots","small_4x3_96dpi","dots","K7Q2M9XD","Crop: 75 mm square of panel","Crops",285,228,384,NA,FALSE,75,60,FALSE,"NULL",NA,0.17
"small_4x3_96dpi.tiles","small_4x3_96dpi","tiles","RUN-42","Crop: 75 mm square of panel","Crops",285,240,384,NA,FALSE,75,63,FALSE,"exact","RUN-42",0.34
"small_4x3_96dpi.both","small_4x3_96dpi","both","RUN-42","Crop: 75 mm square of panel","Crops",285,228,384,NA,FALSE,75,60,FALSE,"NULL",NA,0.35
"small_4x3_96dpi.none","small_4x3_96dpi","none",NA,"Crop: 75 mm square of panel","Crops",285,240,384,NA,FALSE,75,63,FALSE,"NULL",NA,0.15
"huge_14x10_300dpi.dots","huge_14x10_300dpi","dots","f47ac10b-58cc-4372-a567-0e02b2c3d479","Crop: 75 mm square of panel","Crops",887,887,4200,NA,FALSE,75,75,FALSE,"NULL",NA,1.38
"huge_14x10_300dpi.tiles","huge_14x10_300dpi","tiles","K7Q2M9XD","Crop: 75 mm square of panel","Crops",887,887,4200,NA,FALSE,75,75,TRUE,"NULL",NA,2.44
"huge_14x10_300dpi.both","huge_14x10_300dpi","both","K7Q2M9XD","Crop: 75 mm square of panel","Crops",887,886,4200,NA,FALSE,75,75,TRUE,"NULL",NA,2.03
"huge_14x10_300dpi.none","huge_14x10_300dpi","none",NA,"Crop: 75 mm square of panel","Crops",887,887,4200,NA,FALSE,75,75,FALSE,"NULL",NA,2.09
"long_title.dots","long_title","dots","ZZ0123456789ABCD","Crop: 75 mm square of panel","Crops",444,443,1050,NA,FALSE,75,75,FALSE,"NULL",NA,0.53
"long_title.tiles","long_title","tiles","ZZ0123456789","Crop: 75 mm square of panel","Crops",444,443,1050,NA,FALSE,75,75,TRUE,"exact","ZZ0123456789",0.45
"long_title.both","long_title","both","ZZ0123456789","Crop: 75 mm square of panel","Crops",444,443,1050,NA,FALSE,75,75,TRUE,"exact","ZZ0123456789",0.44
"long_title.none","long_title","none",NA,"Crop: 75 mm square of panel","Crops",444,443,1050,NA,FALSE,75,75,FALSE,"NULL",NA,0.64
"coord_polar.dots","coord_polar","dots","K7Q2M9XD","Crop: 75 mm square of panel","Crops",443,443,900,NA,FALSE,75,75,FALSE,"NULL",NA,0.36
"coord_polar.tiles","coord_polar","tiles","RUN-42","Crop: 75 mm square of panel","Crops",443,443,900,NA,FALSE,75,75,FALSE,"NULL",NA,0.34
"coord_polar.both","coord_polar","both","RUN-42","Crop: 75 mm square of panel","Crops",443,443,900,NA,FALSE,75,75,FALSE,"NULL",NA,0.35
"coord_polar.none","coord_polar","none",NA,"Crop: 75 mm square of panel","Crops",443,443,900,NA,FALSE,75,75,FALSE,"NULL",NA,0.37
"text_heavy.dots","text_heavy","dots","Zürich-δ✓","Crop: 75 mm square of panel","Crops",444,443,1050,NA,FALSE,75,75,FALSE,"NULL",NA,0.68
"text_heavy.tiles","text_heavy","tiles","café-δ","Crop: 75 mm square of panel","Crops",444,444,1050,NA,FALSE,75,75,TRUE,"NULL",NA,1.02
"text_heavy.both","text_heavy","both","café-δ","Crop: 75 mm square of panel","Crops",444,443,1050,NA,FALSE,75,75,TRUE,"NULL",NA,1.01
"text_heavy.none","text_heavy","none",NA,"Crop: 75 mm square of panel","Crops",444,444,1050,NA,FALSE,75,75,FALSE,"NULL",NA,1.06
"baseline.dots","baseline","dots","K7Q2M9XD","Crop: tight panels + sips JPEG q80","Crops",970,656,1050,80,FALSE,164,111,FALSE,"NULL",NA,1.04
"baseline.tiles","baseline","tiles","K7Q2M9XD","Crop: tight panels + sips JPEG q80","Crops",970,674,1050,80,FALSE,164,114,TRUE,"exact","K7Q2M9XD",1.18
"facets_3x4.dots","facets_3x4","dots","K7Q2M9XD","Crop: tight panels + sips JPEG q80","Crops",1043,734,1350,80,FALSE,176,124,FALSE,"NULL",NA,10.23
"facet_wrap_1x2.dots","facet_wrap_1x2","dots","RUN-42","Crop: tight panels + sips JPEG q80","Crops",1270,621,1350,80,FALSE,215,105,FALSE,"NULL",NA,1.01
"facet_wrap_1x2.tiles","facet_wrap_1x2","tiles","K7Q2M9XD","Crop: tight panels + sips JPEG q80","Crops",1270,639,1350,80,FALSE,215,108,TRUE,"exact","K7Q2M9XD",1.54
"legend_caption.dots","legend_caption","dots","ZZ0123456789ABCD","Crop: tight panels + sips JPEG q80","Crops",1120,505,1200,80,FALSE,189,85,FALSE,"NULL",NA,0.82
"legend_caption.tiles","legend_caption","tiles","K7Q2M9XD","Crop: tight panels + sips JPEG q80","Crops",1120,523,1200,80,FALSE,189,88,TRUE,"exact","K7Q2M9XD",1.3
"rug_outside.dots","rug_outside","dots","Zürich-δ✓","Crop: tight panels + sips JPEG q80","Crops",970,656,1050,80,FALSE,164,111,FALSE,"NULL",NA,0.94
"rug_outside.tiles","rug_outside","tiles","café-δ","Crop: tight panels + sips JPEG q80","Crops",970,674,1050,80,FALSE,164,114,TRUE,"exact","café-δ",1.02
"heatmap_raster.dots","heatmap_raster","dots","f47ac10b-58cc-4372-a567-0e02b2c3d479","Crop: tight panels + sips JPEG q80","Crops",852,644,1050,80,FALSE,144,109,FALSE,"NULL",NA,0.73
"heatmap_raster.tiles","heatmap_raster","tiles","K7Q2M9XD","Crop: tight panels + sips JPEG q80","Crops",852,674,1050,80,FALSE,144,114,FALSE,"NULL",NA,0.69
"dense_10k.dots","dense_10k","dots","K7Q2M9XD","Crop: tight panels + sips JPEG q80","Crops",1299,875,1400,80,FALSE,165,111,FALSE,"NULL",NA,2.39
"dense_10k.tiles","dense_10k","tiles","ZZ0123456789","Crop: tight panels + sips JPEG q80","Crops",1299,898,1400,80,FALSE,165,114,TRUE,"exact","ZZ0123456789",2.13
"dates_line.dots","dates_line","dots","f47ac10b-58cc-4372-a567-0e02b2c3d479","Crop: tight panels + sips JPEG q80","Crops",1090,569,1200,80,FALSE,184,96,FALSE,"NULL",NA,1.01
"dates_line.tiles","dates_line","tiles","RUN-42","Crop: tight panels + sips JPEG q80","Crops",1090,599,1200,80,FALSE,184,101,TRUE,"exact","RUN-42",1.1
"theme_dark.dots","theme_dark","dots","RUN-42","Crop: tight panels + sips JPEG q80","Crops",970,656,1050,80,FALSE,164,111,FALSE,"NULL",NA,0.87
"theme_dark.tiles","theme_dark","tiles","RUN-42","Crop: tight panels + sips JPEG q80","Crops",970,674,1050,80,FALSE,164,114,TRUE,"exact","RUN-42",1.67
"black_bg.dots","black_bg","dots","K7Q2M9XD","Crop: tight panels + sips JPEG q80","Crops",970,656,1050,80,FALSE,164,111,FALSE,"NULL",NA,0.77
"black_bg.tiles","black_bg","tiles","K7Q2M9XD","Crop: tight panels + sips JPEG q80","Crops",970,674,1050,80,FALSE,164,114,TRUE,"exact","K7Q2M9XD",1.81
"theme_void.dots","theme_void","dots","f47ac10b-58cc-4372-a567-0e02b2c3d479","Crop: tight panels + sips JPEG q80","Crops",1050,709,1050,80,FALSE,178,120,FALSE,"NULL",NA,1.33
"theme_void.tiles","theme_void","tiles","K7Q2M9XD","Crop: tight panels + sips JPEG q80","Crops",1050,750,1050,80,TRUE,178,127,TRUE,"exact","K7Q2M9XD",1.23
"tall_3x8.dots","tall_3x8","dots","K7Q2M9XD","Crop: tight panels + sips JPEG q80","Crops",225,1106,450,80,FALSE,38,187,FALSE,"NULL",NA,1.19
"tall_3x8.tiles","tall_3x8","tiles","RUN-42","Crop: tight panels + sips JPEG q80","Crops",225,1124,450,80,FALSE,38,190,FALSE,"NULL",NA,1.22
"wide_12x3.dots","wide_12x3","dots","f47ac10b-58cc-4372-a567-0e02b2c3d479","Crop: tight panels + sips JPEG q80","Crops",1720,344,1800,80,FALSE,291,58,FALSE,"NULL",NA,0.69
"wide_12x3.tiles","wide_12x3","tiles","K7Q2M9XD","Crop: tight panels + sips JPEG q80","Crops",1720,374,1800,80,FALSE,291,63,FALSE,"NULL",NA,1.68
"small_4x3_96dpi.dots","small_4x3_96dpi","dots","K7Q2M9XD","Crop: tight panels + sips JPEG q80","Crops",333,228,384,80,FALSE,88,60,FALSE,"NULL",NA,0.19
"small_4x3_96dpi.tiles","small_4x3_96dpi","tiles","RUN-42","Crop: tight panels + sips JPEG q80","Crops",333,240,384,80,FALSE,88,63,FALSE,"NULL",NA,0.41
"huge_14x10_300dpi.dots","huge_14x10_300dpi","dots","f47ac10b-58cc-4372-a567-0e02b2c3d479","Crop: tight panels + sips JPEG q80","Crops",3979,2787,4200,80,FALSE,337,236,FALSE,"NULL",NA,3.78
"long_title.dots","long_title","dots","ZZ0123456789ABCD","Crop: tight panels + sips JPEG q80","Crops",970,587,1050,80,FALSE,164,99,FALSE,"NULL",NA,1.41
"long_title.tiles","long_title","tiles","ZZ0123456789","Crop: tight panels + sips JPEG q80","Crops",970,605,1050,80,FALSE,164,102,TRUE,"exact","ZZ0123456789",1.17
"coord_polar.dots","coord_polar","dots","K7Q2M9XD","Crop: tight panels + sips JPEG q80","Crops",639,639,900,80,FALSE,108,108,FALSE,"NULL",NA,0.81
"coord_polar.tiles","coord_polar","tiles","RUN-42","Crop: tight panels + sips JPEG q80","Crops",639,639,900,80,FALSE,108,108,FALSE,"NULL",NA,1.29
"text_heavy.dots","text_heavy","dots","Zürich-δ✓","Crop: tight panels + sips JPEG q80","Crops",970,559,1050,80,FALSE,164,94,FALSE,"NULL",NA,1.11
"text_heavy.tiles","text_heavy","tiles","café-δ","Crop: tight panels + sips JPEG q80","Crops",970,576,1050,80,FALSE,164,97,TRUE,"exact","café-δ",0.97
