"kind","id","plot","width","transform","result"
"short8","MSAHHD5Q","scatter",1050,"resize","exact"
"short8","MSAHHD5Q","scatter",1050,"jpeg75","exact"
"short8","MSAHHD5Q","scatter",1050,"jpeg50","exact"
"short8","MSAHHD5Q","scatter",1050,"jpeg35","exact"
"short8","MSAHHD5Q","scatter",1050,"pad_jpeg50","exact"
"short8","MSAHHD5Q","scatter",1050,"shot_chain","exact"
"short8","MSAHHD5Q","scatter",800,"resize","exact"
"short8","MSAHHD5Q","scatter",800,"jpeg75","exact"
"short8","MSAHHD5Q","scatter",800,"jpeg50","exact"
"short8","MSAHHD5Q","scatter",800,"jpeg35","exact"
"short8","MSAHHD5Q","scatter",800,"pad_jpeg50","exact"
"short8","MSAHHD5Q","scatter",800,"shot_chain","exact"
"short8","MSAHHD5Q","scatter",640,"resize","exact"
"short8","MSAHHD5Q","scatter",640,"jpeg75","exact"
"short8","MSAHHD5Q","scatter",640,"jpeg50","exact"
"short8","MSAHHD5Q","scatter",640,"jpeg35","exact"
"short8","MSAHHD5Q","scatter",640,"pad_jpeg50","exact"
"short8","MSAHHD5Q","scatter",640,"shot_chain","exact"
"short8","MSAHHD5Q","scatter",552,"resize","exact"
"short8","MSAHHD5Q","scatter",552,"jpeg75","exact"
"short8","MSAHHD5Q","scatter",552,"jpeg50","exact"
"short8","MSAHHD5Q","scatter",552,"jpeg35","exact"
"short8","MSAHHD5Q","scatter",552,"pad_jpeg50","exact"
"short8","MSAHHD5Q","scatter",552,"shot_chain","exact"
"short8","MSAHHD5Q","scatter",480,"resize","exact"
"short8","MSAHHD5Q","scatter",480,"jpeg75","exact"
"short8","MSAHHD5Q","scatter",480,"jpeg50","exact"
"short8","MSAHHD5Q","scatter",480,"jpeg35","exact"
"short8","MSAHHD5Q","scatter",480,"pad_jpeg50","exact"
"short8","MSAHHD5Q","scatter",480,"shot_chain","exact"
"short8","MSAHHD5Q","scatter",430,"resize","exact"
"short8","MSAHHD5Q","scatter",430,"jpeg75","exact"
"short8","MSAHHD5Q","scatter",430,"jpeg50","exact"
"short8","MSAHHD5Q","scatter",430,"jpeg35","exact"
"short8","MSAHHD5Q","scatter",430,"pad_jpeg50","exact"
"short8","MSAHHD5Q","scatter",430,"shot_chain","exact"
"short8","MSAHHD5Q","scatter",400,"resize","exact"
"short8","MSAHHD5Q","scatter",400,"jpeg75","exact"
"short8","MSAHHD5Q","scatter",400,"jpeg50","exact"
"short8","MSAHHD5Q","scatter",400,"jpeg35","exact"
"short8","MSAHHD5Q","scatter",400,"pad_jpeg50","exact"
"short8","MSAHHD5Q","scatter",400,"shot_chain","exact"
"short8","MSAHHD5Q","scatter",360,"resize","exact"
"short8","MSAHHD5Q","scatter",360,"jpeg75","exact"
"short8","MSAHHD5Q","scatter",360,"jpeg50","exact"
"short8","MSAHHD5Q","scatter",360,"jpeg35","exact"
"short8","MSAHHD5Q","scatter",360,"pad_jpeg50","none"
"short8","MSAHHD5Q","scatter",360,"shot_chain","exact"
"short8","MSAHHD5Q","scatter",320,"resize","exact"
"short8","MSAHHD5Q","scatter",320,"jpeg75","exact"
"short8","MSAHHD5Q","scatter",320,"jpeg50","exact"
"short8","MSAHHD5Q","scatter",320,"jpeg35","exact"
"short8","MSAHHD5Q","scatter",320,"pad_jpeg50","none"
"short8","MSAHHD5Q","scatter",320,"shot_chain","exact"
"short8","MSAHHD5Q","scatter",300,"resize","exact"
"short8","MSAHHD5Q","scatter",300,"jpeg75","exact"
"short8","MSAHHD5Q","scatter",300,"jpeg50","exact"
"short8","MSAHHD5Q","scatter",300,"jpeg35","none"
"short8","MSAHHD5Q","scatter",300,"pad_jpeg50","none"
"short8","MSAHHD5Q","scatter",300,"shot_chain","exact"
"short8","MSAHHD5Q","scatter",280,"resize","exact"
"short8","MSAHHD5Q","scatter",280,"jpeg75","exact"
"short8","MSAHHD5Q","scatter",280,"jpeg50","exact"
"short8","MSAHHD5Q","scatter",280,"jpeg35","none"
"short8","MSAHHD5Q","scatter",280,"pad_jpeg50","none"
"short8","MSAHHD5Q","scatter",280,"shot_chain","exact"
"short8","MSAHHD5Q","scatter",260,"resize","exact"
"short8","MSAHHD5Q","scatter",260,"jpeg75","exact"
"short8","MSAHHD5Q","scatter",260,"jpeg50","none"
"short8","MSAHHD5Q","scatter",260,"jpeg35","none"
"short8","MSAHHD5Q","scatter",260,"pad_jpeg50","none"
"short8","MSAHHD5Q","scatter",260,"shot_chain","none"
"short8","MSAHHD5Q","scatter",240,"resize","exact"
"short8","MSAHHD5Q","scatter",240,"jpeg75","exact"
"short8","MSAHHD5Q","scatter",240,"jpeg50","none"
"short8","MSAHHD5Q","scatter",240,"jpeg35","none"
"short8","MSAHHD5Q","scatter",240,"pad_jpeg50","none"
"short8","MSAHHD5Q","scatter",240,"shot_chain","exact"
"short8","MSAHHD5Q","scatter",220,"resize","exact"
"short8","MSAHHD5Q","scatter",220,"jpeg75","none"
"short8","MSAHHD5Q","scatter",220,"jpeg50","none"
"short8","MSAHHD5Q","scatter",220,"jpeg35","none"
"short8","MSAHHD5Q","scatter",220,"pad_jpeg50","none"
"short8","MSAHHD5Q","scatter",220,"shot_chain","none"
"short8","MSAHHD5Q","legend",1050,"resize","exact"
"short8","MSAHHD5Q","legend",1050,"jpeg75","exact"
"short8","MSAHHD5Q","legend",1050,"jpeg50","exact"
"short8","MSAHHD5Q","legend",1050,"jpeg35","exact"
"short8","MSAHHD5Q","legend",1050,"pad_jpeg50","exact"
"short8","MSAHHD5Q","legend",1050,"shot_chain","exact"
"short8","MSAHHD5Q","legend",800,"resize","exact"
"short8","MSAHHD5Q","legend",800,"jpeg75","exact"
"short8","MSAHHD5Q","legend",800,"jpeg50","exact"
"short8","MSAHHD5Q","legend",800,"jpeg35","exact"
"short8","MSAHHD5Q","legend",800,"pad_jpeg50","exact"
"short8","MSAHHD5Q","legend",800,"shot_chain","exact"
"short8","MSAHHD5Q","legend",640,"resize","exact"
"short8","MSAHHD5Q","legend",640,"jpeg75","exact"
"short8","MSAHHD5Q","legend",640,"jpeg50","exact"
"short8","MSAHHD5Q","legend",640,"jpeg35","exact"
"short8","MSAHHD5Q","legend",640,"pad_jpeg50","exact"
"short8","MSAHHD5Q","legend",640,"shot_chain","exact"
"short8","MSAHHD5Q","legend",552,"resize","exact"
"short8","MSAHHD5Q","legend",552,"jpeg75","exact"
"short8","MSAHHD5Q","legend",552,"jpeg50","exact"
"short8","MSAHHD5Q","legend",552,"jpeg35","exact"
"short8","MSAHHD5Q","legend",552,"pad_jpeg50","exact"
"short8","MSAHHD5Q","legend",552,"shot_chain","exact"
"short8","MSAHHD5Q","legend",480,"resize","exact"
"short8","MSAHHD5Q","legend",480,"jpeg75","exact"
"short8","MSAHHD5Q","legend",480,"jpeg50","exact"
"short8","MSAHHD5Q","legend",480,"jpeg35","exact"
"short8","MSAHHD5Q","legend",480,"pad_jpeg50","exact"
"short8","MSAHHD5Q","legend",480,"shot_chain","exact"
"short8","MSAHHD5Q","legend",430,"resize","exact"
"short8","MSAHHD5Q","legend",430,"jpeg75","exact"
"short8","MSAHHD5Q","legend",430,"jpeg50","exact"
"short8","MSAHHD5Q","legend",430,"jpeg35","exact"
"short8","MSAHHD5Q","legend",430,"pad_jpeg50","exact"
"short8","MSAHHD5Q","legend",430,"shot_chain","exact"
"short8","MSAHHD5Q","legend",400,"resize","exact"
"short8","MSAHHD5Q","legend",400,"jpeg75","exact"
"short8","MSAHHD5Q","legend",400,"jpeg50","exact"
"short8","MSAHHD5Q","legend",400,"jpeg35","exact"
"short8","MSAHHD5Q","legend",400,"pad_jpeg50","exact"
"short8","MSAHHD5Q","legend",400,"shot_chain","exact"
"short8","MSAHHD5Q","legend",360,"resize","exact"
"short8","MSAHHD5Q","legend",360,"jpeg75","exact"
"short8","MSAHHD5Q","legend",360,"jpeg50","exact"
"short8","MSAHHD5Q","legend",360,"jpeg35","exact"
"short8","MSAHHD5Q","legend",360,"pad_jpeg50","none"
"short8","MSAHHD5Q","legend",360,"shot_chain","exact"
"short8","MSAHHD5Q","legend",320,"resize","exact"
"short8","MSAHHD5Q","legend",320,"jpeg75","exact"
"short8","MSAHHD5Q","legend",320,"jpeg50","exact"
"short8","MSAHHD5Q","legend",320,"jpeg35","exact"
"short8","MSAHHD5Q","legend",320,"pad_jpeg50","none"
"short8","MSAHHD5Q","legend",320,"shot_chain","exact"
"short8","MSAHHD5Q","legend",300,"resize","exact"
"short8","MSAHHD5Q","legend",300,"jpeg75","exact"
"short8","MSAHHD5Q","legend",300,"jpeg50","exact"
"short8","MSAHHD5Q","legend",300,"jpeg35","none"
"short8","MSAHHD5Q","legend",300,"pad_jpeg50","none"
"short8","MSAHHD5Q","legend",300,"shot_chain","exact"
"short8","MSAHHD5Q","legend",280,"resize","exact"
"short8","MSAHHD5Q","legend",280,"jpeg75","exact"
"short8","MSAHHD5Q","legend",280,"jpeg50","exact"
"short8","MSAHHD5Q","legend",280,"jpeg35","none"
"short8","MSAHHD5Q","legend",280,"pad_jpeg50","none"
"short8","MSAHHD5Q","legend",280,"shot_chain","exact"
"short8","MSAHHD5Q","legend",260,"resize","exact"
"short8","MSAHHD5Q","legend",260,"jpeg75","exact"
"short8","MSAHHD5Q","legend",260,"jpeg50","none"
"short8","MSAHHD5Q","legend",260,"jpeg35","none"
"short8","MSAHHD5Q","legend",260,"pad_jpeg50","none"
"short8","MSAHHD5Q","legend",260,"shot_chain","none"
"short8","MSAHHD5Q","legend",240,"resize","exact"
"short8","MSAHHD5Q","legend",240,"jpeg75","exact"
"short8","MSAHHD5Q","legend",240,"jpeg50","none"
"short8","MSAHHD5Q","legend",240,"jpeg35","none"
"short8","MSAHHD5Q","legend",240,"pad_jpeg50","none"
"short8","MSAHHD5Q","legend",240,"shot_chain","exact"
"short8","MSAHHD5Q","legend",220,"resize","exact"
"short8","MSAHHD5Q","legend",220,"jpeg75","none"
"short8","MSAHHD5Q","legend",220,"jpeg50","none"
"short8","MSAHHD5Q","legend",220,"jpeg35","none"
"short8","MSAHHD5Q","legend",220,"pad_jpeg50","none"
"short8","MSAHHD5Q","legend",220,"shot_chain","exact"
"short8","A1MQDX8E","scatter",1050,"resize","exact"
"short8","A1MQDX8E","scatter",1050,"jpeg75","exact"
"short8","A1MQDX8E","scatter",1050,"jpeg50","exact"
"short8","A1MQDX8E","scatter",1050,"jpeg35","exact"
"short8","A1MQDX8E","scatter",1050,"pad_jpeg50","exact"
"short8","A1MQDX8E","scatter",1050,"shot_chain","exact"
"short8","A1MQDX8E","scatter",800,"resize","exact"
"short8","A1MQDX8E","scatter",800,"jpeg75","exact"
"short8","A1MQDX8E","scatter",800,"jpeg50","exact"
"short8","A1MQDX8E","scatter",800,"jpeg35","exact"
"short8","A1MQDX8E","scatter",800,"pad_jpeg50","exact"
"short8","A1MQDX8E","scatter",800,"shot_chain","exact"
"short8","A1MQDX8E","scatter",640,"resize","exact"
"short8","A1MQDX8E","scatter",640,"jpeg75","exact"
"short8","A1MQDX8E","scatter",640,"jpeg50","exact"
"short8","A1MQDX8E","scatter",640,"jpeg35","exact"
"short8","A1MQDX8E","scatter",640,"pad_jpeg50","exact"
"short8","A1MQDX8E","scatter",640,"shot_chain","exact"
"short8","A1MQDX8E","scatter",552,"resize","exact"
"short8","A1MQDX8E","scatter",552,"jpeg75","exact"
"short8","A1MQDX8E","scatter",552,"jpeg50","exact"
"short8","A1MQDX8E","scatter",552,"jpeg35","exact"
"short8","A1MQDX8E","scatter",552,"pad_jpeg50","exact"
"short8","A1MQDX8E","scatter",552,"shot_chain","exact"
"short8","A1MQDX8E","scatter",480,"resize","exact"
"short8","A1MQDX8E","scatter",480,"jpeg75","exact"
"short8","A1MQDX8E","scatter",480,"jpeg50","exact"
"short8","A1MQDX8E","scatter",480,"jpeg35","exact"
"short8","A1MQDX8E","scatter",480,"pad_jpeg50","exact"
"short8","A1MQDX8E","scatter",480,"shot_chain","exact"
"short8","A1MQDX8E","scatter",430,"resize","exact"
"short8","A1MQDX8E","scatter",430,"jpeg75","exact"
"short8","A1MQDX8E","scatter",430,"jpeg50","exact"
"short8","A1MQDX8E","scatter",430,"jpeg35","exact"
"short8","A1MQDX8E","scatter",430,"pad_jpeg50","exact"
"short8","A1MQDX8E","scatter",430,"shot_chain","exact"
"short8","A1MQDX8E","scatter",400,"resize","exact"
"short8","A1MQDX8E","scatter",400,"jpeg75","exact"
"short8","A1MQDX8E","scatter",400,"jpeg50","exact"
"short8","A1MQDX8E","scatter",400,"jpeg35","exact"
"short8","A1MQDX8E","scatter",400,"pad_jpeg50","exact"
"short8","A1MQDX8E","scatter",400,"shot_chain","exact"
"short8","A1MQDX8E","scatter",360,"resize","exact"
"short8","A1MQDX8E","scatter",360,"jpeg75","exact"
"short8","A1MQDX8E","scatter",360,"jpeg50","exact"
"short8","A1MQDX8E","scatter",360,"jpeg35","exact"
"short8","A1MQDX8E","scatter",360,"pad_jpeg50","none"
"short8","A1MQDX8E","scatter",360,"shot_chain","exact"
"short8","A1MQDX8E","scatter",320,"resize","exact"
"short8","A1MQDX8E","scatter",320,"jpeg75","exact"
"short8","A1MQDX8E","scatter",320,"jpeg50","exact"
"short8","A1MQDX8E","scatter",320,"jpeg35","exact"
"short8","A1MQDX8E","scatter",320,"pad_jpeg50","none"
"short8","A1MQDX8E","scatter",320,"shot_chain","exact"
"short8","A1MQDX8E","scatter",300,"resize","exact"
"short8","A1MQDX8E","scatter",300,"jpeg75","exact"
"short8","A1MQDX8E","scatter",300,"jpeg50","exact"
"short8","A1MQDX8E","scatter",300,"jpeg35","none"
"short8","A1MQDX8E","scatter",300,"pad_jpeg50","none"
"short8","A1MQDX8E","scatter",300,"shot_chain","exact"
"short8","A1MQDX8E","scatter",280,"resize","exact"
"short8","A1MQDX8E","scatter",280,"jpeg75","exact"
"short8","A1MQDX8E","scatter",280,"jpeg50","exact"
"short8","A1MQDX8E","scatter",280,"jpeg35","none"
"short8","A1MQDX8E","scatter",280,"pad_jpeg50","none"
"short8","A1MQDX8E","scatter",280,"shot_chain","exact"
"short8","A1MQDX8E","scatter",260,"resize","exact"
"short8","A1MQDX8E","scatter",260,"jpeg75","exact"
"short8","A1MQDX8E","scatter",260,"jpeg50","none"
"short8","A1MQDX8E","scatter",260,"jpeg35","none"
"short8","A1MQDX8E","scatter",260,"pad_jpeg50","none"
"short8","A1MQDX8E","scatter",260,"shot_chain","none"
"short8","A1MQDX8E","scatter",240,"resize","exact"
"short8","A1MQDX8E","scatter",240,"jpeg75","exact"
"short8","A1MQDX8E","scatter",240,"jpeg50","none"
"short8","A1MQDX8E","scatter",240,"jpeg35","none"
"short8","A1MQDX8E","scatter",240,"pad_jpeg50","none"
"short8","A1MQDX8E","scatter",240,"shot_chain","exact"
"short8","A1MQDX8E","scatter",220,"resize","exact"
"short8","A1MQDX8E","scatter",220,"jpeg75","exact"
"short8","A1MQDX8E","scatter",220,"jpeg50","none"
"short8","A1MQDX8E","scatter",220,"jpeg35","none"
"short8","A1MQDX8E","scatter",220,"pad_jpeg50","none"
"short8","A1MQDX8E","scatter",220,"shot_chain","exact"
"short8","A1MQDX8E","legend",1050,"resize","exact"
"short8","A1MQDX8E","legend",1050,"jpeg75","exact"
"short8","A1MQDX8E","legend",1050,"jpeg50","exact"
"short8","A1MQDX8E","legend",1050,"jpeg35","exact"
"short8","A1MQDX8E","legend",1050,"pad_jpeg50","exact"
"short8","A1MQDX8E","legend",1050,"shot_chain","exact"
"short8","A1MQDX8E","legend",800,"resize","exact"
"short8","A1MQDX8E","legend",800,"jpeg75","exact"
"short8","A1MQDX8E","legend",800,"jpeg50","exact"
"short8","A1MQDX8E","legend",800,"jpeg35","exact"
"short8","A1MQDX8E","legend",800,"pad_jpeg50","exact"
"short8","A1MQDX8E","legend",800,"shot_chain","exact"
"short8","A1MQDX8E","legend",640,"resize","exact"
"short8","A1MQDX8E","legend",640,"jpeg75","exact"
"short8","A1MQDX8E","legend",640,"jpeg50","exact"
"short8","A1MQDX8E","legend",640,"jpeg35","exact"
"short8","A1MQDX8E","legend",640,"pad_jpeg50","exact"
"short8","A1MQDX8E","legend",640,"shot_chain","exact"
"short8","A1MQDX8E","legend",552,"resize","exact"
"short8","A1MQDX8E","legend",552,"jpeg75","exact"
"short8","A1MQDX8E","legend",552,"jpeg50","exact"
"short8","A1MQDX8E","legend",552,"jpeg35","exact"
"short8","A1MQDX8E","legend",552,"pad_jpeg50","exact"
"short8","A1MQDX8E","legend",552,"shot_chain","exact"
"short8","A1MQDX8E","legend",480,"resize","exact"
"short8","A1MQDX8E","legend",480,"jpeg75","exact"
"short8","A1MQDX8E","legend",480,"jpeg50","exact"
"short8","A1MQDX8E","legend",480,"jpeg35","exact"
"short8","A1MQDX8E","legend",480,"pad_jpeg50","exact"
"short8","A1MQDX8E","legend",480,"shot_chain","exact"
"short8","A1MQDX8E","legend",430,"resize","exact"
"short8","A1MQDX8E","legend",430,"jpeg75","exact"
"short8","A1MQDX8E","legend",430,"jpeg50","exact"
"short8","A1MQDX8E","legend",430,"jpeg35","exact"
"short8","A1MQDX8E","legend",430,"pad_jpeg50","exact"
"short8","A1MQDX8E","legend",430,"shot_chain","exact"
"short8","A1MQDX8E","legend",400,"resize","exact"
"short8","A1MQDX8E","legend",400,"jpeg75","exact"
"short8","A1MQDX8E","legend",400,"jpeg50","exact"
"short8","A1MQDX8E","legend",400,"jpeg35","exact"
"short8","A1MQDX8E","legend",400,"pad_jpeg50","exact"
"short8","A1MQDX8E","legend",400,"shot_chain","exact"
"short8","A1MQDX8E","legend",360,"resize","exact"
"short8","A1MQDX8E","legend",360,"jpeg75","exact"
"short8","A1MQDX8E","legend",360,"jpeg50","exact"
"short8","A1MQDX8E","legend",360,"jpeg35","exact"
"short8","A1MQDX8E","legend",360,"pad_jpeg50","none"
"short8","A1MQDX8E","legend",360,"shot_chain","exact"
"short8","A1MQDX8E","legend",320,"resize","exact"
"short8","A1MQDX8E","legend",320,"jpeg75","exact"
"short8","A1MQDX8E","legend",320,"jpeg50","exact"
"short8","A1MQDX8E","legend",320,"jpeg35","exact"
"short8","A1MQDX8E","legend",320,"pad_jpeg50","none"
"short8","A1MQDX8E","legend",320,"shot_chain","exact"
"short8","A1MQDX8E","legend",300,"resize","exact"
"short8","A1MQDX8E","legend",300,"jpeg75","exact"
"short8","A1MQDX8E","legend",300,"jpeg50","exact"
"short8","A1MQDX8E","legend",300,"jpeg35","none"
"short8","A1MQDX8E","legend",300,"pad_jpeg50","none"
"short8","A1MQDX8E","legend",300,"shot_chain","exact"
"short8","A1MQDX8E","legend",280,"resize","exact"
"short8","A1MQDX8E","legend",280,"jpeg75","exact"
"short8","A1MQDX8E","legend",280,"jpeg50","exact"
"short8","A1MQDX8E","legend",280,"jpeg35","none"
"short8","A1MQDX8E","legend",280,"pad_jpeg50","none"
"short8","A1MQDX8E","legend",280,"shot_chain","exact"
"short8","A1MQDX8E","legend",260,"resize","exact"
"short8","A1MQDX8E","legend",260,"jpeg75","exact"
"short8","A1MQDX8E","legend",260,"jpeg50","none"
"short8","A1MQDX8E","legend",260,"jpeg35","none"
"short8","A1MQDX8E","legend",260,"pad_jpeg50","none"
"short8","A1MQDX8E","legend",260,"shot_chain","none"
"short8","A1MQDX8E","legend",240,"resize","exact"
"short8","A1MQDX8E","legend",240,"jpeg75","exact"
"short8","A1MQDX8E","legend",240,"jpeg50","none"
"short8","A1MQDX8E","legend",240,"jpeg35","none"
"short8","A1MQDX8E","legend",240,"pad_jpeg50","none"
"short8","A1MQDX8E","legend",240,"shot_chain","exact"
"short8","A1MQDX8E","legend",220,"resize","exact"
"short8","A1MQDX8E","legend",220,"jpeg75","exact"
"short8","A1MQDX8E","legend",220,"jpeg50","none"
"short8","A1MQDX8E","legend",220,"jpeg35","none"
"short8","A1MQDX8E","legend",220,"pad_jpeg50","none"
"short8","A1MQDX8E","legend",220,"shot_chain","exact"
"short8","PRM7XN7N","scatter",1050,"resize","exact"
"short8","PRM7XN7N","scatter",1050,"jpeg75","exact"
"short8","PRM7XN7N","scatter",1050,"jpeg50","exact"
"short8","PRM7XN7N","scatter",1050,"jpeg35","exact"
"short8","PRM7XN7N","scatter",1050,"pad_jpeg50","exact"
"short8","PRM7XN7N","scatter",1050,"shot_chain","exact"
"short8","PRM7XN7N","scatter",800,"resize","exact"
"short8","PRM7XN7N","scatter",800,"jpeg75","exact"
"short8","PRM7XN7N","scatter",800,"jpeg50","exact"
"short8","PRM7XN7N","scatter",800,"jpeg35","exact"
"short8","PRM7XN7N","scatter",800,"pad_jpeg50","exact"
"short8","PRM7XN7N","scatter",800,"shot_chain","exact"
"short8","PRM7XN7N","scatter",640,"resize","exact"
"short8","PRM7XN7N","scatter",640,"jpeg75","exact"
"short8","PRM7XN7N","scatter",640,"jpeg50","exact"
"short8","PRM7XN7N","scatter",640,"jpeg35","exact"
"short8","PRM7XN7N","scatter",640,"pad_jpeg50","exact"
"short8","PRM7XN7N","scatter",640,"shot_chain","exact"
"short8","PRM7XN7N","scatter",552,"resize","exact"
"short8","PRM7XN7N","scatter",552,"jpeg75","exact"
"short8","PRM7XN7N","scatter",552,"jpeg50","exact"
"short8","PRM7XN7N","scatter",552,"jpeg35","exact"
"short8","PRM7XN7N","scatter",552,"pad_jpeg50","exact"
"short8","PRM7XN7N","scatter",552,"shot_chain","exact"
"short8","PRM7XN7N","scatter",480,"resize","exact"
"short8","PRM7XN7N","scatter",480,"jpeg75","exact"
"short8","PRM7XN7N","scatter",480,"jpeg50","exact"
"short8","PRM7XN7N","scatter",480,"jpeg35","exact"
"short8","PRM7XN7N","scatter",480,"pad_jpeg50","exact"
"short8","PRM7XN7N","scatter",480,"shot_chain","exact"
"short8","PRM7XN7N","scatter",430,"resize","exact"
"short8","PRM7XN7N","scatter",430,"jpeg75","exact"
"short8","PRM7XN7N","scatter",430,"jpeg50","exact"
"short8","PRM7XN7N","scatter",430,"jpeg35","exact"
"short8","PRM7XN7N","scatter",430,"pad_jpeg50","exact"
"short8","PRM7XN7N","scatter",430,"shot_chain","exact"
"short8","PRM7XN7N","scatter",400,"resize","exact"
"short8","PRM7XN7N","scatter",400,"jpeg75","exact"
"short8","PRM7XN7N","scatter",400,"jpeg50","exact"
"short8","PRM7XN7N","scatter",400,"jpeg35","exact"
"short8","PRM7XN7N","scatter",400,"pad_jpeg50","exact"
"short8","PRM7XN7N","scatter",400,"shot_chain","exact"
"short8","PRM7XN7N","scatter",360,"resize","exact"
"short8","PRM7XN7N","scatter",360,"jpeg75","exact"
"short8","PRM7XN7N","scatter",360,"jpeg50","exact"
"short8","PRM7XN7N","scatter",360,"jpeg35","exact"
"short8","PRM7XN7N","scatter",360,"pad_jpeg50","none"
"short8","PRM7XN7N","scatter",360,"shot_chain","exact"
"short8","PRM7XN7N","scatter",320,"resize","exact"
"short8","PRM7XN7N","scatter",320,"jpeg75","exact"
"short8","PRM7XN7N","scatter",320,"jpeg50","exact"
"short8","PRM7XN7N","scatter",320,"jpeg35","exact"
"short8","PRM7XN7N","scatter",320,"pad_jpeg50","none"
"short8","PRM7XN7N","scatter",320,"shot_chain","exact"
"short8","PRM7XN7N","scatter",300,"resize","exact"
"short8","PRM7XN7N","scatter",300,"jpeg75","exact"
"short8","PRM7XN7N","scatter",300,"jpeg50","exact"
"short8","PRM7XN7N","scatter",300,"jpeg35","none"
"short8","PRM7XN7N","scatter",300,"pad_jpeg50","none"
"short8","PRM7XN7N","scatter",300,"shot_chain","exact"
"short8","PRM7XN7N","scatter",280,"resize","exact"
"short8","PRM7XN7N","scatter",280,"jpeg75","exact"
"short8","PRM7XN7N","scatter",280,"jpeg50","none"
"short8","PRM7XN7N","scatter",280,"jpeg35","none"
"short8","PRM7XN7N","scatter",280,"pad_jpeg50","none"
"short8","PRM7XN7N","scatter",280,"shot_chain","exact"
"short8","PRM7XN7N","scatter",260,"resize","exact"
"short8","PRM7XN7N","scatter",260,"jpeg75","exact"
"short8","PRM7XN7N","scatter",260,"jpeg50","none"
"short8","PRM7XN7N","scatter",260,"jpeg35","none"
"short8","PRM7XN7N","scatter",260,"pad_jpeg50","none"
"short8","PRM7XN7N","scatter",260,"shot_chain","none"
"short8","PRM7XN7N","scatter",240,"resize","exact"
"short8","PRM7XN7N","scatter",240,"jpeg75","exact"
"short8","PRM7XN7N","scatter",240,"jpeg50","none"
"short8","PRM7XN7N","scatter",240,"jpeg35","none"
"short8","PRM7XN7N","scatter",240,"pad_jpeg50","none"
"short8","PRM7XN7N","scatter",240,"shot_chain","exact"
"short8","PRM7XN7N","scatter",220,"resize","exact"
"short8","PRM7XN7N","scatter",220,"jpeg75","none"
"short8","PRM7XN7N","scatter",220,"jpeg50","none"
"short8","PRM7XN7N","scatter",220,"jpeg35","none"
"short8","PRM7XN7N","scatter",220,"pad_jpeg50","none"
"short8","PRM7XN7N","scatter",220,"shot_chain","none"
"short8","PRM7XN7N","legend",1050,"resize","exact"
"short8","PRM7XN7N","legend",1050,"jpeg75","exact"
"short8","PRM7XN7N","legend",1050,"jpeg50","exact"
"short8","PRM7XN7N","legend",1050,"jpeg35","exact"
"short8","PRM7XN7N","legend",1050,"pad_jpeg50","exact"
"short8","PRM7XN7N","legend",1050,"shot_chain","exact"
"short8","PRM7XN7N","legend",800,"resize","exact"
"short8","PRM7XN7N","legend",800,"jpeg75","exact"
"short8","PRM7XN7N","legend",800,"jpeg50","exact"
"short8","PRM7XN7N","legend",800,"jpeg35","exact"
"short8","PRM7XN7N","legend",800,"pad_jpeg50","exact"
"short8","PRM7XN7N","legend",800,"shot_chain","exact"
"short8","PRM7XN7N","legend",640,"resize","exact"
"short8","PRM7XN7N","legend",640,"jpeg75","exact"
"short8","PRM7XN7N","legend",640,"jpeg50","exact"
"short8","PRM7XN7N","legend",640,"jpeg35","exact"
"short8","PRM7XN7N","legend",640,"pad_jpeg50","exact"
"short8","PRM7XN7N","legend",640,"shot_chain","exact"
"short8","PRM7XN7N","legend",552,"resize","exact"
"short8","PRM7XN7N","legend",552,"jpeg75","exact"
"short8","PRM7XN7N","legend",552,"jpeg50","exact"
"short8","PRM7XN7N","legend",552,"jpeg35","exact"
"short8","PRM7XN7N","legend",552,"pad_jpeg50","exact"
"short8","PRM7XN7N","legend",552,"shot_chain","exact"
"short8","PRM7XN7N","legend",480,"resize","exact"
"short8","PRM7XN7N","legend",480,"jpeg75","exact"
"short8","PRM7XN7N","legend",480,"jpeg50","exact"
"short8","PRM7XN7N","legend",480,"jpeg35","exact"
"short8","PRM7XN7N","legend",480,"pad_jpeg50","exact"
"short8","PRM7XN7N","legend",480,"shot_chain","exact"
"short8","PRM7XN7N","legend",430,"resize","exact"
"short8","PRM7XN7N","legend",430,"jpeg75","exact"
"short8","PRM7XN7N","legend",430,"jpeg50","exact"
"short8","PRM7XN7N","legend",430,"jpeg35","exact"
"short8","PRM7XN7N","legend",430,"pad_jpeg50","exact"
"short8","PRM7XN7N","legend",430,"shot_chain","exact"
"short8","PRM7XN7N","legend",400,"resize","exact"
"short8","PRM7XN7N","legend",400,"jpeg75","exact"
"short8","PRM7XN7N","legend",400,"jpeg50","exact"
"short8","PRM7XN7N","legend",400,"jpeg35","exact"
"short8","PRM7XN7N","legend",400,"pad_jpeg50","exact"
"short8","PRM7XN7N","legend",400,"shot_chain","exact"
"short8","PRM7XN7N","legend",360,"resize","exact"
"short8","PRM7XN7N","legend",360,"jpeg75","exact"
"short8","PRM7XN7N","legend",360,"jpeg50","exact"
"short8","PRM7XN7N","legend",360,"jpeg35","exact"
"short8","PRM7XN7N","legend",360,"pad_jpeg50","none"
"short8","PRM7XN7N","legend",360,"shot_chain","exact"
"short8","PRM7XN7N","legend",320,"resize","exact"
"short8","PRM7XN7N","legend",320,"jpeg75","exact"
"short8","PRM7XN7N","legend",320,"jpeg50","exact"
"short8","PRM7XN7N","legend",320,"jpeg35","exact"
"short8","PRM7XN7N","legend",320,"pad_jpeg50","none"
"short8","PRM7XN7N","legend",320,"shot_chain","exact"
"short8","PRM7XN7N","legend",300,"resize","exact"
"short8","PRM7XN7N","legend",300,"jpeg75","exact"
"short8","PRM7XN7N","legend",300,"jpeg50","exact"
"short8","PRM7XN7N","legend",300,"jpeg35","none"
"short8","PRM7XN7N","legend",300,"pad_jpeg50","none"
"short8","PRM7XN7N","legend",300,"shot_chain","exact"
"short8","PRM7XN7N","legend",280,"resize","exact"
"short8","PRM7XN7N","legend",280,"jpeg75","exact"
"short8","PRM7XN7N","legend",280,"jpeg50","none"
"short8","PRM7XN7N","legend",280,"jpeg35","none"
"short8","PRM7XN7N","legend",280,"pad_jpeg50","none"
"short8","PRM7XN7N","legend",280,"shot_chain","exact"
"short8","PRM7XN7N","legend",260,"resize","exact"
"short8","PRM7XN7N","legend",260,"jpeg75","exact"
"short8","PRM7XN7N","legend",260,"jpeg50","none"
"short8","PRM7XN7N","legend",260,"jpeg35","none"
"short8","PRM7XN7N","legend",260,"pad_jpeg50","none"
"short8","PRM7XN7N","legend",260,"shot_chain","none"
"short8","PRM7XN7N","legend",240,"resize","exact"
"short8","PRM7XN7N","legend",240,"jpeg75","exact"
"short8","PRM7XN7N","legend",240,"jpeg50","none"
"short8","PRM7XN7N","legend",240,"jpeg35","none"
"short8","PRM7XN7N","legend",240,"pad_jpeg50","none"
"short8","PRM7XN7N","legend",240,"shot_chain","exact"
"short8","PRM7XN7N","legend",220,"resize","exact"
"short8","PRM7XN7N","legend",220,"jpeg75","none"
"short8","PRM7XN7N","legend",220,"jpeg50","none"
"short8","PRM7XN7N","legend",220,"jpeg35","none"
"short8","PRM7XN7N","legend",220,"pad_jpeg50","none"
"short8","PRM7XN7N","legend",220,"shot_chain","exact"
"short8","BC3C86GC","scatter",1050,"resize","exact"
"short8","BC3C86GC","scatter",1050,"jpeg75","exact"
"short8","BC3C86GC","scatter",1050,"jpeg50","exact"
"short8","BC3C86GC","scatter",1050,"jpeg35","exact"
"short8","BC3C86GC","scatter",1050,"pad_jpeg50","exact"
"short8","BC3C86GC","scatter",1050,"shot_chain","exact"
"short8","BC3C86GC","scatter",800,"resize","exact"
"short8","BC3C86GC","scatter",800,"jpeg75","exact"
"short8","BC3C86GC","scatter",800,"jpeg50","exact"
"short8","BC3C86GC","scatter",800,"jpeg35","exact"
"short8","BC3C86GC","scatter",800,"pad_jpeg50","exact"
"short8","BC3C86GC","scatter",800,"shot_chain","exact"
"short8","BC3C86GC","scatter",640,"resize","exact"
"short8","BC3C86GC","scatter",640,"jpeg75","exact"
"short8","BC3C86GC","scatter",640,"jpeg50","exact"
"short8","BC3C86GC","scatter",640,"jpeg35","exact"
"short8","BC3C86GC","scatter",640,"pad_jpeg50","exact"
"short8","BC3C86GC","scatter",640,"shot_chain","exact"
"short8","BC3C86GC","scatter",552,"resize","exact"
"short8","BC3C86GC","scatter",552,"jpeg75","exact"
"short8","BC3C86GC","scatter",552,"jpeg50","exact"
"short8","BC3C86GC","scatter",552,"jpeg35","exact"
"short8","BC3C86GC","scatter",552,"pad_jpeg50","exact"
"short8","BC3C86GC","scatter",552,"shot_chain","exact"
"short8","BC3C86GC","scatter",480,"resize","exact"
"short8","BC3C86GC","scatter",480,"jpeg75","exact"
"short8","BC3C86GC","scatter",480,"jpeg50","exact"
"short8","BC3C86GC","scatter",480,"jpeg35","exact"
"short8","BC3C86GC","scatter",480,"pad_jpeg50","exact"
"short8","BC3C86GC","scatter",480,"shot_chain","exact"
"short8","BC3C86GC","scatter",430,"resize","exact"
"short8","BC3C86GC","scatter",430,"jpeg75","exact"
"short8","BC3C86GC","scatter",430,"jpeg50","exact"
"short8","BC3C86GC","scatter",430,"jpeg35","exact"
"short8","BC3C86GC","scatter",430,"pad_jpeg50","exact"
"short8","BC3C86GC","scatter",430,"shot_chain","exact"
"short8","BC3C86GC","scatter",400,"resize","exact"
"short8","BC3C86GC","scatter",400,"jpeg75","exact"
"short8","BC3C86GC","scatter",400,"jpeg50","exact"
"short8","BC3C86GC","scatter",400,"jpeg35","exact"
"short8","BC3C86GC","scatter",400,"pad_jpeg50","exact"
"short8","BC3C86GC","scatter",400,"shot_chain","exact"
"short8","BC3C86GC","scatter",360,"resize","exact"
"short8","BC3C86GC","scatter",360,"jpeg75","exact"
"short8","BC3C86GC","scatter",360,"jpeg50","exact"
"short8","BC3C86GC","scatter",360,"jpeg35","exact"
"short8","BC3C86GC","scatter",360,"pad_jpeg50","none"
"short8","BC3C86GC","scatter",360,"shot_chain","exact"
"short8","BC3C86GC","scatter",320,"resize","exact"
"short8","BC3C86GC","scatter",320,"jpeg75","exact"
"short8","BC3C86GC","scatter",320,"jpeg50","exact"
"short8","BC3C86GC","scatter",320,"jpeg35","exact"
"short8","BC3C86GC","scatter",320,"pad_jpeg50","none"
"short8","BC3C86GC","scatter",320,"shot_chain","exact"
"short8","BC3C86GC","scatter",300,"resize","exact"
"short8","BC3C86GC","scatter",300,"jpeg75","exact"
"short8","BC3C86GC","scatter",300,"jpeg50","exact"
"short8","BC3C86GC","scatter",300,"jpeg35","none"
"short8","BC3C86GC","scatter",300,"pad_jpeg50","none"
"short8","BC3C86GC","scatter",300,"shot_chain","exact"
"short8","BC3C86GC","scatter",280,"resize","exact"
"short8","BC3C86GC","scatter",280,"jpeg75","exact"
"short8","BC3C86GC","scatter",280,"jpeg50","exact"
"short8","BC3C86GC","scatter",280,"jpeg35","none"
"short8","BC3C86GC","scatter",280,"pad_jpeg50","exact"
"short8","BC3C86GC","scatter",280,"shot_chain","exact"
"short8","BC3C86GC","scatter",260,"resize","exact"
"short8","BC3C86GC","scatter",260,"jpeg75","exact"
"short8","BC3C86GC","scatter",260,"jpeg50","none"
"short8","BC3C86GC","scatter",260,"jpeg35","none"
"short8","BC3C86GC","scatter",260,"pad_jpeg50","none"
"short8","BC3C86GC","scatter",260,"shot_chain","none"
"short8","BC3C86GC","scatter",240,"resize","exact"
"short8","BC3C86GC","scatter",240,"jpeg75","exact"
"short8","BC3C86GC","scatter",240,"jpeg50","none"
"short8","BC3C86GC","scatter",240,"jpeg35","none"
"short8","BC3C86GC","scatter",240,"pad_jpeg50","none"
"short8","BC3C86GC","scatter",240,"shot_chain","exact"
"short8","BC3C86GC","scatter",220,"resize","exact"
"short8","BC3C86GC","scatter",220,"jpeg75","none"
"short8","BC3C86GC","scatter",220,"jpeg50","none"
"short8","BC3C86GC","scatter",220,"jpeg35","none"
"short8","BC3C86GC","scatter",220,"pad_jpeg50","none"
"short8","BC3C86GC","scatter",220,"shot_chain","exact"
"short8","BC3C86GC","legend",1050,"resize","exact"
"short8","BC3C86GC","legend",1050,"jpeg75","exact"
"short8","BC3C86GC","legend",1050,"jpeg50","exact"
"short8","BC3C86GC","legend",1050,"jpeg35","exact"
"short8","BC3C86GC","legend",1050,"pad_jpeg50","exact"
"short8","BC3C86GC","legend",1050,"shot_chain","exact"
"short8","BC3C86GC","legend",800,"resize","exact"
"short8","BC3C86GC","legend",800,"jpeg75","exact"
"short8","BC3C86GC","legend",800,"jpeg50","exact"
"short8","BC3C86GC","legend",800,"jpeg35","exact"
"short8","BC3C86GC","legend",800,"pad_jpeg50","exact"
"short8","BC3C86GC","legend",800,"shot_chain","exact"
"short8","BC3C86GC","legend",640,"resize","exact"
"short8","BC3C86GC","legend",640,"jpeg75","exact"
"short8","BC3C86GC","legend",640,"jpeg50","exact"
"short8","BC3C86GC","legend",640,"jpeg35","exact"
"short8","BC3C86GC","legend",640,"pad_jpeg50","exact"
"short8","BC3C86GC","legend",640,"shot_chain","exact"
"short8","BC3C86GC","legend",552,"resize","exact"
"short8","BC3C86GC","legend",552,"jpeg75","exact"
"short8","BC3C86GC","legend",552,"jpeg50","exact"
"short8","BC3C86GC","legend",552,"jpeg35","exact"
"short8","BC3C86GC","legend",552,"pad_jpeg50","exact"
"short8","BC3C86GC","legend",552,"shot_chain","exact"
"short8","BC3C86GC","legend",480,"resize","exact"
"short8","BC3C86GC","legend",480,"jpeg75","exact"
"short8","BC3C86GC","legend",480,"jpeg50","exact"
"short8","BC3C86GC","legend",480,"jpeg35","exact"
"short8","BC3C86GC","legend",480,"pad_jpeg50","exact"
"short8","BC3C86GC","legend",480,"shot_chain","exact"
"short8","BC3C86GC","legend",430,"resize","exact"
"short8","BC3C86GC","legend",430,"jpeg75","exact"
"short8","BC3C86GC","legend",430,"jpeg50","exact"
"short8","BC3C86GC","legend",430,"jpeg35","exact"
"short8","BC3C86GC","legend",430,"pad_jpeg50","exact"
"short8","BC3C86GC","legend",430,"shot_chain","exact"
"short8","BC3C86GC","legend",400,"resize","exact"
"short8","BC3C86GC","legend",400,"jpeg75","exact"
"short8","BC3C86GC","legend",400,"jpeg50","exact"
"short8","BC3C86GC","legend",400,"jpeg35","exact"
"short8","BC3C86GC","legend",400,"pad_jpeg50","exact"
"short8","BC3C86GC","legend",400,"shot_chain","exact"
"short8","BC3C86GC","legend",360,"resize","exact"
"short8","BC3C86GC","legend",360,"jpeg75","exact"
"short8","BC3C86GC","legend",360,"jpeg50","exact"
"short8","BC3C86GC","legend",360,"jpeg35","exact"
"short8","BC3C86GC","legend",360,"pad_jpeg50","none"
"short8","BC3C86GC","legend",360,"shot_chain","exact"
"short8","BC3C86GC","legend",320,"resize","exact"
"short8","BC3C86GC","legend",320,"jpeg75","exact"
"short8","BC3C86GC","legend",320,"jpeg50","exact"
"short8","BC3C86GC","legend",320,"jpeg35","exact"
"short8","BC3C86GC","legend",320,"pad_jpeg50","none"
"short8","BC3C86GC","legend",320,"shot_chain","exact"
"short8","BC3C86GC","legend",300,"resize","exact"
"short8","BC3C86GC","legend",300,"jpeg75","exact"
"short8","BC3C86GC","legend",300,"jpeg50","exact"
"short8","BC3C86GC","legend",300,"jpeg35","none"
"short8","BC3C86GC","legend",300,"pad_jpeg50","none"
"short8","BC3C86GC","legend",300,"shot_chain","exact"
"short8","BC3C86GC","legend",280,"resize","exact"
"short8","BC3C86GC","legend",280,"jpeg75","exact"
"short8","BC3C86GC","legend",280,"jpeg50","exact"
"short8","BC3C86GC","legend",280,"jpeg35","none"
"short8","BC3C86GC","legend",280,"pad_jpeg50","exact"
"short8","BC3C86GC","legend",280,"shot_chain","exact"
"short8","BC3C86GC","legend",260,"resize","exact"
"short8","BC3C86GC","legend",260,"jpeg75","exact"
"short8","BC3C86GC","legend",260,"jpeg50","none"
"short8","BC3C86GC","legend",260,"jpeg35","none"
"short8","BC3C86GC","legend",260,"pad_jpeg50","none"
"short8","BC3C86GC","legend",260,"shot_chain","none"
"short8","BC3C86GC","legend",240,"resize","exact"
"short8","BC3C86GC","legend",240,"jpeg75","exact"
"short8","BC3C86GC","legend",240,"jpeg50","none"
"short8","BC3C86GC","legend",240,"jpeg35","none"
"short8","BC3C86GC","legend",240,"pad_jpeg50","none"
"short8","BC3C86GC","legend",240,"shot_chain","exact"
"short8","BC3C86GC","legend",220,"resize","exact"
"short8","BC3C86GC","legend",220,"jpeg75","none"
"short8","BC3C86GC","legend",220,"jpeg50","none"
"short8","BC3C86GC","legend",220,"jpeg35","none"
"short8","BC3C86GC","legend",220,"pad_jpeg50","none"
"short8","BC3C86GC","legend",220,"shot_chain","exact"
"short8","4QVC77S0","scatter",1050,"resize","exact"
"short8","4QVC77S0","scatter",1050,"jpeg75","exact"
"short8","4QVC77S0","scatter",1050,"jpeg50","exact"
"short8","4QVC77S0","scatter",1050,"jpeg35","exact"
"short8","4QVC77S0","scatter",1050,"pad_jpeg50","exact"
"short8","4QVC77S0","scatter",1050,"shot_chain","exact"
"short8","4QVC77S0","scatter",800,"resize","exact"
"short8","4QVC77S0","scatter",800,"jpeg75","exact"
"short8","4QVC77S0","scatter",800,"jpeg50","exact"
"short8","4QVC77S0","scatter",800,"jpeg35","exact"
"short8","4QVC77S0","scatter",800,"pad_jpeg50","exact"
"short8","4QVC77S0","scatter",800,"shot_chain","exact"
"short8","4QVC77S0","scatter",640,"resize","exact"
"short8","4QVC77S0","scatter",640,"jpeg75","exact"
"short8","4QVC77S0","scatter",640,"jpeg50","exact"
"short8","4QVC77S0","scatter",640,"jpeg35","exact"
"short8","4QVC77S0","scatter",640,"pad_jpeg50","exact"
"short8","4QVC77S0","scatter",640,"shot_chain","exact"
"short8","4QVC77S0","scatter",552,"resize","exact"
"short8","4QVC77S0","scatter",552,"jpeg75","exact"
"short8","4QVC77S0","scatter",552,"jpeg50","exact"
"short8","4QVC77S0","scatter",552,"jpeg35","exact"
"short8","4QVC77S0","scatter",552,"pad_jpeg50","exact"
"short8","4QVC77S0","scatter",552,"shot_chain","exact"
"short8","4QVC77S0","scatter",480,"resize","exact"
"short8","4QVC77S0","scatter",480,"jpeg75","exact"
"short8","4QVC77S0","scatter",480,"jpeg50","exact"
"short8","4QVC77S0","scatter",480,"jpeg35","exact"
"short8","4QVC77S0","scatter",480,"pad_jpeg50","exact"
"short8","4QVC77S0","scatter",480,"shot_chain","exact"
"short8","4QVC77S0","scatter",430,"resize","exact"
"short8","4QVC77S0","scatter",430,"jpeg75","exact"
"short8","4QVC77S0","scatter",430,"jpeg50","exact"
"short8","4QVC77S0","scatter",430,"jpeg35","exact"
"short8","4QVC77S0","scatter",430,"pad_jpeg50","exact"
"short8","4QVC77S0","scatter",430,"shot_chain","exact"
"short8","4QVC77S0","scatter",400,"resize","exact"
"short8","4QVC77S0","scatter",400,"jpeg75","exact"
"short8","4QVC77S0","scatter",400,"jpeg50","exact"
"short8","4QVC77S0","scatter",400,"jpeg35","exact"
"short8","4QVC77S0","scatter",400,"pad_jpeg50","exact"
"short8","4QVC77S0","scatter",400,"shot_chain","exact"
"short8","4QVC77S0","scatter",360,"resize","exact"
"short8","4QVC77S0","scatter",360,"jpeg75","exact"
"short8","4QVC77S0","scatter",360,"jpeg50","exact"
"short8","4QVC77S0","scatter",360,"jpeg35","exact"
"short8","4QVC77S0","scatter",360,"pad_jpeg50","none"
"short8","4QVC77S0","scatter",360,"shot_chain","exact"
"short8","4QVC77S0","scatter",320,"resize","exact"
"short8","4QVC77S0","scatter",320,"jpeg75","exact"
"short8","4QVC77S0","scatter",320,"jpeg50","exact"
"short8","4QVC77S0","scatter",320,"jpeg35","exact"
"short8","4QVC77S0","scatter",320,"pad_jpeg50","none"
"short8","4QVC77S0","scatter",320,"shot_chain","exact"
"short8","4QVC77S0","scatter",300,"resize","exact"
"short8","4QVC77S0","scatter",300,"jpeg75","exact"
"short8","4QVC77S0","scatter",300,"jpeg50","exact"
"short8","4QVC77S0","scatter",300,"jpeg35","none"
"short8","4QVC77S0","scatter",300,"pad_jpeg50","none"
"short8","4QVC77S0","scatter",300,"shot_chain","exact"
"short8","4QVC77S0","scatter",280,"resize","exact"
"short8","4QVC77S0","scatter",280,"jpeg75","exact"
"short8","4QVC77S0","scatter",280,"jpeg50","exact"
"short8","4QVC77S0","scatter",280,"jpeg35","none"
"short8","4QVC77S0","scatter",280,"pad_jpeg50","exact"
"short8","4QVC77S0","scatter",280,"shot_chain","exact"
"short8","4QVC77S0","scatter",260,"resize","exact"
"short8","4QVC77S0","scatter",260,"jpeg75","exact"
"short8","4QVC77S0","scatter",260,"jpeg50","none"
"short8","4QVC77S0","scatter",260,"jpeg35","none"
"short8","4QVC77S0","scatter",260,"pad_jpeg50","none"
"short8","4QVC77S0","scatter",260,"shot_chain","none"
"short8","4QVC77S0","scatter",240,"resize","exact"
"short8","4QVC77S0","scatter",240,"jpeg75","exact"
"short8","4QVC77S0","scatter",240,"jpeg50","none"
"short8","4QVC77S0","scatter",240,"jpeg35","none"
"short8","4QVC77S0","scatter",240,"pad_jpeg50","none"
"short8","4QVC77S0","scatter",240,"shot_chain","exact"
"short8","4QVC77S0","scatter",220,"resize","exact"
"short8","4QVC77S0","scatter",220,"jpeg75","exact"
"short8","4QVC77S0","scatter",220,"jpeg50","none"
"short8","4QVC77S0","scatter",220,"jpeg35","none"
"short8","4QVC77S0","scatter",220,"pad_jpeg50","none"
"short8","4QVC77S0","scatter",220,"shot_chain","none"
"short8","4QVC77S0","legend",1050,"resize","exact"
"short8","4QVC77S0","legend",1050,"jpeg75","exact"
"short8","4QVC77S0","legend",1050,"jpeg50","exact"
"short8","4QVC77S0","legend",1050,"jpeg35","exact"
"short8","4QVC77S0","legend",1050,"pad_jpeg50","exact"
"short8","4QVC77S0","legend",1050,"shot_chain","exact"
"short8","4QVC77S0","legend",800,"resize","exact"
"short8","4QVC77S0","legend",800,"jpeg75","exact"
"short8","4QVC77S0","legend",800,"jpeg50","exact"
"short8","4QVC77S0","legend",800,"jpeg35","exact"
"short8","4QVC77S0","legend",800,"pad_jpeg50","exact"
"short8","4QVC77S0","legend",800,"shot_chain","exact"
"short8","4QVC77S0","legend",640,"resize","exact"
"short8","4QVC77S0","legend",640,"jpeg75","exact"
"short8","4QVC77S0","legend",640,"jpeg50","exact"
"short8","4QVC77S0","legend",640,"jpeg35","exact"
"short8","4QVC77S0","legend",640,"pad_jpeg50","exact"
"short8","4QVC77S0","legend",640,"shot_chain","exact"
"short8","4QVC77S0","legend",552,"resize","exact"
"short8","4QVC77S0","legend",552,"jpeg75","exact"
"short8","4QVC77S0","legend",552,"jpeg50","exact"
"short8","4QVC77S0","legend",552,"jpeg35","exact"
"short8","4QVC77S0","legend",552,"pad_jpeg50","exact"
"short8","4QVC77S0","legend",552,"shot_chain","exact"
"short8","4QVC77S0","legend",480,"resize","exact"
"short8","4QVC77S0","legend",480,"jpeg75","exact"
"short8","4QVC77S0","legend",480,"jpeg50","exact"
"short8","4QVC77S0","legend",480,"jpeg35","exact"
"short8","4QVC77S0","legend",480,"pad_jpeg50","exact"
"short8","4QVC77S0","legend",480,"shot_chain","exact"
"short8","4QVC77S0","legend",430,"resize","exact"
"short8","4QVC77S0","legend",430,"jpeg75","exact"
"short8","4QVC77S0","legend",430,"jpeg50","exact"
"short8","4QVC77S0","legend",430,"jpeg35","exact"
"short8","4QVC77S0","legend",430,"pad_jpeg50","exact"
"short8","4QVC77S0","legend",430,"shot_chain","exact"
"short8","4QVC77S0","legend",400,"resize","exact"
"short8","4QVC77S0","legend",400,"jpeg75","exact"
"short8","4QVC77S0","legend",400,"jpeg50","exact"
"short8","4QVC77S0","legend",400,"jpeg35","exact"
"short8","4QVC77S0","legend",400,"pad_jpeg50","exact"
"short8","4QVC77S0","legend",400,"shot_chain","exact"
"short8","4QVC77S0","legend",360,"resize","exact"
"short8","4QVC77S0","legend",360,"jpeg75","exact"
"short8","4QVC77S0","legend",360,"jpeg50","exact"
"short8","4QVC77S0","legend",360,"jpeg35","exact"
"short8","4QVC77S0","legend",360,"pad_jpeg50","none"
"short8","4QVC77S0","legend",360,"shot_chain","exact"
"short8","4QVC77S0","legend",320,"resize","exact"
"short8","4QVC77S0","legend",320,"jpeg75","exact"
"short8","4QVC77S0","legend",320,"jpeg50","exact"
"short8","4QVC77S0","legend",320,"jpeg35","exact"
"short8","4QVC77S0","legend",320,"pad_jpeg50","none"
"short8","4QVC77S0","legend",320,"shot_chain","exact"
"short8","4QVC77S0","legend",300,"resize","exact"
"short8","4QVC77S0","legend",300,"jpeg75","exact"
"short8","4QVC77S0","legend",300,"jpeg50","exact"
"short8","4QVC77S0","legend",300,"jpeg35","none"
"short8","4QVC77S0","legend",300,"pad_jpeg50","none"
"short8","4QVC77S0","legend",300,"shot_chain","exact"
"short8","4QVC77S0","legend",280,"resize","exact"
"short8","4QVC77S0","legend",280,"jpeg75","exact"
"short8","4QVC77S0","legend",280,"jpeg50","exact"
"short8","4QVC77S0","legend",280,"jpeg35","none"
"short8","4QVC77S0","legend",280,"pad_jpeg50","exact"
"short8","4QVC77S0","legend",280,"shot_chain","exact"
"short8","4QVC77S0","legend",260,"resize","exact"
"short8","4QVC77S0","legend",260,"jpeg75","exact"
"short8","4QVC77S0","legend",260,"jpeg50","none"
"short8","4QVC77S0","legend",260,"jpeg35","none"
"short8","4QVC77S0","legend",260,"pad_jpeg50","none"
"short8","4QVC77S0","legend",260,"shot_chain","none"
"short8","4QVC77S0","legend",240,"resize","exact"
"short8","4QVC77S0","legend",240,"jpeg75","exact"
"short8","4QVC77S0","legend",240,"jpeg50","none"
"short8","4QVC77S0","legend",240,"jpeg35","none"
"short8","4QVC77S0","legend",240,"pad_jpeg50","none"
"short8","4QVC77S0","legend",240,"shot_chain","exact"
"short8","4QVC77S0","legend",220,"resize","exact"
"short8","4QVC77S0","legend",220,"jpeg75","exact"
"short8","4QVC77S0","legend",220,"jpeg50","none"
"short8","4QVC77S0","legend",220,"jpeg35","none"
"short8","4QVC77S0","legend",220,"pad_jpeg50","none"
"short8","4QVC77S0","legend",220,"shot_chain","exact"
"short8","7PGNA52R","scatter",1050,"resize","exact"
"short8","7PGNA52R","scatter",1050,"jpeg75","exact"
"short8","7PGNA52R","scatter",1050,"jpeg50","exact"
"short8","7PGNA52R","scatter",1050,"jpeg35","exact"
"short8","7PGNA52R","scatter",1050,"pad_jpeg50","exact"
"short8","7PGNA52R","scatter",1050,"shot_chain","exact"
"short8","7PGNA52R","scatter",800,"resize","exact"
"short8","7PGNA52R","scatter",800,"jpeg75","exact"
"short8","7PGNA52R","scatter",800,"jpeg50","exact"
"short8","7PGNA52R","scatter",800,"jpeg35","exact"
"short8","7PGNA52R","scatter",800,"pad_jpeg50","exact"
"short8","7PGNA52R","scatter",800,"shot_chain","exact"
"short8","7PGNA52R","scatter",640,"resize","exact"
"short8","7PGNA52R","scatter",640,"jpeg75","exact"
"short8","7PGNA52R","scatter",640,"jpeg50","exact"
"short8","7PGNA52R","scatter",640,"jpeg35","exact"
"short8","7PGNA52R","scatter",640,"pad_jpeg50","exact"
"short8","7PGNA52R","scatter",640,"shot_chain","exact"
"short8","7PGNA52R","scatter",552,"resize","exact"
"short8","7PGNA52R","scatter",552,"jpeg75","exact"
"short8","7PGNA52R","scatter",552,"jpeg50","exact"
"short8","7PGNA52R","scatter",552,"jpeg35","exact"
"short8","7PGNA52R","scatter",552,"pad_jpeg50","exact"
"short8","7PGNA52R","scatter",552,"shot_chain","exact"
"short8","7PGNA52R","scatter",480,"resize","exact"
"short8","7PGNA52R","scatter",480,"jpeg75","exact"
"short8","7PGNA52R","scatter",480,"jpeg50","exact"
"short8","7PGNA52R","scatter",480,"jpeg35","exact"
"short8","7PGNA52R","scatter",480,"pad_jpeg50","exact"
"short8","7PGNA52R","scatter",480,"shot_chain","exact"
"short8","7PGNA52R","scatter",430,"resize","exact"
"short8","7PGNA52R","scatter",430,"jpeg75","exact"
"short8","7PGNA52R","scatter",430,"jpeg50","exact"
"short8","7PGNA52R","scatter",430,"jpeg35","exact"
"short8","7PGNA52R","scatter",430,"pad_jpeg50","exact"
"short8","7PGNA52R","scatter",430,"shot_chain","exact"
"short8","7PGNA52R","scatter",400,"resize","exact"
"short8","7PGNA52R","scatter",400,"jpeg75","exact"
"short8","7PGNA52R","scatter",400,"jpeg50","exact"
"short8","7PGNA52R","scatter",400,"jpeg35","exact"
"short8","7PGNA52R","scatter",400,"pad_jpeg50","exact"
"short8","7PGNA52R","scatter",400,"shot_chain","exact"
"short8","7PGNA52R","scatter",360,"resize","exact"
"short8","7PGNA52R","scatter",360,"jpeg75","exact"
"short8","7PGNA52R","scatter",360,"jpeg50","exact"
"short8","7PGNA52R","scatter",360,"jpeg35","exact"
"short8","7PGNA52R","scatter",360,"pad_jpeg50","none"
"short8","7PGNA52R","scatter",360,"shot_chain","exact"
"short8","7PGNA52R","scatter",320,"resize","exact"
"short8","7PGNA52R","scatter",320,"jpeg75","exact"
"short8","7PGNA52R","scatter",320,"jpeg50","exact"
"short8","7PGNA52R","scatter",320,"jpeg35","exact"
"short8","7PGNA52R","scatter",320,"pad_jpeg50","none"
"short8","7PGNA52R","scatter",320,"shot_chain","exact"
"short8","7PGNA52R","scatter",300,"resize","exact"
"short8","7PGNA52R","scatter",300,"jpeg75","exact"
"short8","7PGNA52R","scatter",300,"jpeg50","exact"
"short8","7PGNA52R","scatter",300,"jpeg35","none"
"short8","7PGNA52R","scatter",300,"pad_jpeg50","none"
"short8","7PGNA52R","scatter",300,"shot_chain","exact"
"short8","7PGNA52R","scatter",280,"resize","exact"
"short8","7PGNA52R","scatter",280,"jpeg75","exact"
"short8","7PGNA52R","scatter",280,"jpeg50","exact"
"short8","7PGNA52R","scatter",280,"jpeg35","none"
"short8","7PGNA52R","scatter",280,"pad_jpeg50","none"
"short8","7PGNA52R","scatter",280,"shot_chain","exact"
"short8","7PGNA52R","scatter",260,"resize","exact"
"short8","7PGNA52R","scatter",260,"jpeg75","exact"
"short8","7PGNA52R","scatter",260,"jpeg50","none"
"short8","7PGNA52R","scatter",260,"jpeg35","none"
"short8","7PGNA52R","scatter",260,"pad_jpeg50","none"
"short8","7PGNA52R","scatter",260,"shot_chain","none"
"short8","7PGNA52R","scatter",240,"resize","exact"
"short8","7PGNA52R","scatter",240,"jpeg75","exact"
"short8","7PGNA52R","scatter",240,"jpeg50","none"
"short8","7PGNA52R","scatter",240,"jpeg35","none"
"short8","7PGNA52R","scatter",240,"pad_jpeg50","none"
"short8","7PGNA52R","scatter",240,"shot_chain","exact"
"short8","7PGNA52R","scatter",220,"resize","exact"
"short8","7PGNA52R","scatter",220,"jpeg75","none"
"short8","7PGNA52R","scatter",220,"jpeg50","none"
"short8","7PGNA52R","scatter",220,"jpeg35","none"
"short8","7PGNA52R","scatter",220,"pad_jpeg50","none"
"short8","7PGNA52R","scatter",220,"shot_chain","none"
"short8","7PGNA52R","legend",1050,"resize","exact"
"short8","7PGNA52R","legend",1050,"jpeg75","exact"
"short8","7PGNA52R","legend",1050,"jpeg50","exact"
"short8","7PGNA52R","legend",1050,"jpeg35","exact"
"short8","7PGNA52R","legend",1050,"pad_jpeg50","exact"
"short8","7PGNA52R","legend",1050,"shot_chain","exact"
"short8","7PGNA52R","legend",800,"resize","exact"
"short8","7PGNA52R","legend",800,"jpeg75","exact"
"short8","7PGNA52R","legend",800,"jpeg50","exact"
"short8","7PGNA52R","legend",800,"jpeg35","exact"
"short8","7PGNA52R","legend",800,"pad_jpeg50","exact"
"short8","7PGNA52R","legend",800,"shot_chain","exact"
"short8","7PGNA52R","legend",640,"resize","exact"
"short8","7PGNA52R","legend",640,"jpeg75","exact"
"short8","7PGNA52R","legend",640,"jpeg50","exact"
"short8","7PGNA52R","legend",640,"jpeg35","exact"
"short8","7PGNA52R","legend",640,"pad_jpeg50","exact"
"short8","7PGNA52R","legend",640,"shot_chain","exact"
"short8","7PGNA52R","legend",552,"resize","exact"
"short8","7PGNA52R","legend",552,"jpeg75","exact"
"short8","7PGNA52R","legend",552,"jpeg50","exact"
"short8","7PGNA52R","legend",552,"jpeg35","exact"
"short8","7PGNA52R","legend",552,"pad_jpeg50","exact"
"short8","7PGNA52R","legend",552,"shot_chain","exact"
"short8","7PGNA52R","legend",480,"resize","exact"
"short8","7PGNA52R","legend",480,"jpeg75","exact"
"short8","7PGNA52R","legend",480,"jpeg50","exact"
"short8","7PGNA52R","legend",480,"jpeg35","exact"
"short8","7PGNA52R","legend",480,"pad_jpeg50","exact"
"short8","7PGNA52R","legend",480,"shot_chain","exact"
"short8","7PGNA52R","legend",430,"resize","exact"
"short8","7PGNA52R","legend",430,"jpeg75","exact"
"short8","7PGNA52R","legend",430,"jpeg50","exact"
"short8","7PGNA52R","legend",430,"jpeg35","exact"
"short8","7PGNA52R","legend",430,"pad_jpeg50","exact"
"short8","7PGNA52R","legend",430,"shot_chain","exact"
"short8","7PGNA52R","legend",400,"resize","exact"
"short8","7PGNA52R","legend",400,"jpeg75","exact"
"short8","7PGNA52R","legend",400,"jpeg50","exact"
"short8","7PGNA52R","legend",400,"jpeg35","exact"
"short8","7PGNA52R","legend",400,"pad_jpeg50","exact"
"short8","7PGNA52R","legend",400,"shot_chain","exact"
"short8","7PGNA52R","legend",360,"resize","exact"
"short8","7PGNA52R","legend",360,"jpeg75","exact"
"short8","7PGNA52R","legend",360,"jpeg50","exact"
"short8","7PGNA52R","legend",360,"jpeg35","exact"
"short8","7PGNA52R","legend",360,"pad_jpeg50","none"
"short8","7PGNA52R","legend",360,"shot_chain","exact"
"short8","7PGNA52R","legend",320,"resize","exact"
"short8","7PGNA52R","legend",320,"jpeg75","exact"
"short8","7PGNA52R","legend",320,"jpeg50","exact"
"short8","7PGNA52R","legend",320,"jpeg35","exact"
"short8","7PGNA52R","legend",320,"pad_jpeg50","none"
"short8","7PGNA52R","legend",320,"shot_chain","exact"
"short8","7PGNA52R","legend",300,"resize","exact"
"short8","7PGNA52R","legend",300,"jpeg75","exact"
"short8","7PGNA52R","legend",300,"jpeg50","exact"
"short8","7PGNA52R","legend",300,"jpeg35","none"
"short8","7PGNA52R","legend",300,"pad_jpeg50","none"
"short8","7PGNA52R","legend",300,"shot_chain","exact"
"short8","7PGNA52R","legend",280,"resize","exact"
"short8","7PGNA52R","legend",280,"jpeg75","exact"
"short8","7PGNA52R","legend",280,"jpeg50","exact"
"short8","7PGNA52R","legend",280,"jpeg35","none"
"short8","7PGNA52R","legend",280,"pad_jpeg50","none"
"short8","7PGNA52R","legend",280,"shot_chain","exact"
"short8","7PGNA52R","legend",260,"resize","exact"
"short8","7PGNA52R","legend",260,"jpeg75","exact"
"short8","7PGNA52R","legend",260,"jpeg50","none"
"short8","7PGNA52R","legend",260,"jpeg35","none"
"short8","7PGNA52R","legend",260,"pad_jpeg50","none"
"short8","7PGNA52R","legend",260,"shot_chain","none"
"short8","7PGNA52R","legend",240,"resize","exact"
"short8","7PGNA52R","legend",240,"jpeg75","exact"
"short8","7PGNA52R","legend",240,"jpeg50","none"
"short8","7PGNA52R","legend",240,"jpeg35","none"
"short8","7PGNA52R","legend",240,"pad_jpeg50","none"
"short8","7PGNA52R","legend",240,"shot_chain","exact"
"short8","7PGNA52R","legend",220,"resize","exact"
"short8","7PGNA52R","legend",220,"jpeg75","none"
"short8","7PGNA52R","legend",220,"jpeg50","none"
"short8","7PGNA52R","legend",220,"jpeg35","none"
"short8","7PGNA52R","legend",220,"pad_jpeg50","none"
"short8","7PGNA52R","legend",220,"shot_chain","exact"
"uuid","4f93e30d-26c4-411d-bc1f-20473f7fbea6","scatter",1050,"resize","exact"
"uuid","4f93e30d-26c4-411d-bc1f-20473f7fbea6","scatter",1050,"jpeg75","exact"
"uuid","4f93e30d-26c4-411d-bc1f-20473f7fbea6","scatter",1050,"jpeg50","exact"
"uuid","4f93e30d-26c4-411d-bc1f-20473f7fbea6","scatter",1050,"jpeg35","exact"
"uuid","4f93e30d-26c4-411d-bc1f-20473f7fbea6","scatter",1050,"pad_jpeg50","exact"
"uuid","4f93e30d-26c4-411d-bc1f-20473f7fbea6","scatter",1050,"shot_chain","exact"
"uuid","4f93e30d-26c4-411d-bc1f-20473f7fbea6","scatter",800,"resize","exact"
"uuid","4f93e30d-26c4-411d-bc1f-20473f7fbea6","scatter",800,"jpeg75","exact"
"uuid","4f93e30d-26c4-411d-bc1f-20473f7fbea6","scatter",800,"jpeg50","exact"
"uuid","4f93e30d-26c4-411d-bc1f-20473f7fbea6","scatter",800,"jpeg35","exact"
"uuid","4f93e30d-26c4-411d-bc1f-20473f7fbea6","scatter",800,"pad_jpeg50","exact"
"uuid","4f93e30d-26c4-411d-bc1f-20473f7fbea6","scatter",800,"shot_chain","exact"
"uuid","4f93e30d-26c4-411d-bc1f-20473f7fbea6","scatter",640,"resize","exact"
"uuid","4f93e30d-26c4-411d-bc1f-20473f7fbea6","scatter",640,"jpeg75","exact"
"uuid","4f93e30d-26c4-411d-bc1f-20473f7fbea6","scatter",640,"jpeg50","exact"
"uuid","4f93e30d-26c4-411d-bc1f-20473f7fbea6","scatter",640,"jpeg35","exact"
"uuid","4f93e30d-26c4-411d-bc1f-20473f7fbea6","scatter",640,"pad_jpeg50","exact"
"uuid","4f93e30d-26c4-411d-bc1f-20473f7fbea6","scatter",640,"shot_chain","exact"
"uuid","4f93e30d-26c4-411d-bc1f-20473f7fbea6","scatter",552,"resize","exact"
"uuid","4f93e30d-26c4-411d-bc1f-20473f7fbea6","scatter",552,"jpeg75","exact"
"uuid","4f93e30d-26c4-411d-bc1f-20473f7fbea6","scatter",552,"jpeg50","exact"
"uuid","4f93e30d-26c4-411d-bc1f-20473f7fbea6","scatter",552,"jpeg35","exact"
"uuid","4f93e30d-26c4-411d-bc1f-20473f7fbea6","scatter",552,"pad_jpeg50","exact"
"uuid","4f93e30d-26c4-411d-bc1f-20473f7fbea6","scatter",552,"shot_chain","exact"
"uuid","4f93e30d-26c4-411d-bc1f-20473f7fbea6","scatter",480,"resize","exact"
"uuid","4f93e30d-26c4-411d-bc1f-20473f7fbea6","scatter",480,"jpeg75","exact"
"uuid","4f93e30d-26c4-411d-bc1f-20473f7fbea6","scatter",480,"jpeg50","exact"
"uuid","4f93e30d-26c4-411d-bc1f-20473f7fbea6","scatter",480,"jpeg35","exact"
"uuid","4f93e30d-26c4-411d-bc1f-20473f7fbea6","scatter",480,"pad_jpeg50","exact"
"uuid","4f93e30d-26c4-411d-bc1f-20473f7fbea6","scatter",480,"shot_chain","exact"
"uuid","4f93e30d-26c4-411d-bc1f-20473f7fbea6","scatter",430,"resize","exact"
"uuid","4f93e30d-26c4-411d-bc1f-20473f7fbea6","scatter",430,"jpeg75","exact"
"uuid","4f93e30d-26c4-411d-bc1f-20473f7fbea6","scatter",430,"jpeg50","exact"
"uuid","4f93e30d-26c4-411d-bc1f-20473f7fbea6","scatter",430,"jpeg35","none"
"uuid","4f93e30d-26c4-411d-bc1f-20473f7fbea6","scatter",430,"pad_jpeg50","exact"
"uuid","4f93e30d-26c4-411d-bc1f-20473f7fbea6","scatter",430,"shot_chain","exact"
"uuid","4f93e30d-26c4-411d-bc1f-20473f7fbea6","scatter",400,"resize","exact"
"uuid","4f93e30d-26c4-411d-bc1f-20473f7fbea6","scatter",400,"jpeg75","exact"
"uuid","4f93e30d-26c4-411d-bc1f-20473f7fbea6","scatter",400,"jpeg50","exact"
"uuid","4f93e30d-26c4-411d-bc1f-20473f7fbea6","scatter",400,"jpeg35","exact"
"uuid","4f93e30d-26c4-411d-bc1f-20473f7fbea6","scatter",400,"pad_jpeg50","exact"
"uuid","4f93e30d-26c4-411d-bc1f-20473f7fbea6","scatter",400,"shot_chain","exact"
"uuid","4f93e30d-26c4-411d-bc1f-20473f7fbea6","scatter",360,"resize","exact"
"uuid","4f93e30d-26c4-411d-bc1f-20473f7fbea6","scatter",360,"jpeg75","exact"
"uuid","4f93e30d-26c4-411d-bc1f-20473f7fbea6","scatter",360,"jpeg50","exact"
"uuid","4f93e30d-26c4-411d-bc1f-20473f7fbea6","scatter",360,"jpeg35","none"
"uuid","4f93e30d-26c4-411d-bc1f-20473f7fbea6","scatter",360,"pad_jpeg50","exact"
"uuid","4f93e30d-26c4-411d-bc1f-20473f7fbea6","scatter",360,"shot_chain","exact"
"uuid","4f93e30d-26c4-411d-bc1f-20473f7fbea6","scatter",320,"resize","exact"
"uuid","4f93e30d-26c4-411d-bc1f-20473f7fbea6","scatter",320,"jpeg75","exact"
"uuid","4f93e30d-26c4-411d-bc1f-20473f7fbea6","scatter",320,"jpeg50","none"
"uuid","4f93e30d-26c4-411d-bc1f-20473f7fbea6","scatter",320,"jpeg35","none"
"uuid","4f93e30d-26c4-411d-bc1f-20473f7fbea6","scatter",320,"pad_jpeg50","none"
"uuid","4f93e30d-26c4-411d-bc1f-20473f7fbea6","scatter",320,"shot_chain","exact"
"uuid","4f93e30d-26c4-411d-bc1f-20473f7fbea6","scatter",300,"resize","exact"
"uuid","4f93e30d-26c4-411d-bc1f-20473f7fbea6","scatter",300,"jpeg75","exact"
"uuid","4f93e30d-26c4-411d-bc1f-20473f7fbea6","scatter",300,"jpeg50","none"
"uuid","4f93e30d-26c4-411d-bc1f-20473f7fbea6","scatter",300,"jpeg35","none"
"uuid","4f93e30d-26c4-411d-bc1f-20473f7fbea6","scatter",300,"pad_jpeg50","none"
"uuid","4f93e30d-26c4-411d-bc1f-20473f7fbea6","scatter",300,"shot_chain","exact"
"uuid","4f93e30d-26c4-411d-bc1f-20473f7fbea6","scatter",280,"resize","exact"
"uuid","4f93e30d-26c4-411d-bc1f-20473f7fbea6","scatter",280,"jpeg75","exact"
"uuid","4f93e30d-26c4-411d-bc1f-20473f7fbea6","scatter",280,"jpeg50","none"
"uuid","4f93e30d-26c4-411d-bc1f-20473f7fbea6","scatter",280,"jpeg35","none"
"uuid","4f93e30d-26c4-411d-bc1f-20473f7fbea6","scatter",280,"pad_jpeg50","none"
"uuid","4f93e30d-26c4-411d-bc1f-20473f7fbea6","scatter",280,"shot_chain","exact"
"uuid","4f93e30d-26c4-411d-bc1f-20473f7fbea6","scatter",260,"resize","exact"
"uuid","4f93e30d-26c4-411d-bc1f-20473f7fbea6","scatter",260,"jpeg75","none"
"uuid","4f93e30d-26c4-411d-bc1f-20473f7fbea6","scatter",260,"jpeg50","none"
"uuid","4f93e30d-26c4-411d-bc1f-20473f7fbea6","scatter",260,"jpeg35","none"
"uuid","4f93e30d-26c4-411d-bc1f-20473f7fbea6","scatter",260,"pad_jpeg50","none"
"uuid","4f93e30d-26c4-411d-bc1f-20473f7fbea6","scatter",260,"shot_chain","none"
"uuid","4f93e30d-26c4-411d-bc1f-20473f7fbea6","scatter",240,"resize","exact"
"uuid","4f93e30d-26c4-411d-bc1f-20473f7fbea6","scatter",240,"jpeg75","none"
"uuid","4f93e30d-26c4-411d-bc1f-20473f7fbea6","scatter",240,"jpeg50","none"
"uuid","4f93e30d-26c4-411d-bc1f-20473f7fbea6","scatter",240,"jpeg35","none"
"uuid","4f93e30d-26c4-411d-bc1f-20473f7fbea6","scatter",240,"pad_jpeg50","none"
"uuid","4f93e30d-26c4-411d-bc1f-20473f7fbea6","scatter",240,"shot_chain","exact"
"uuid","4f93e30d-26c4-411d-bc1f-20473f7fbea6","scatter",220,"resize","exact"
"uuid","4f93e30d-26c4-411d-bc1f-20473f7fbea6","scatter",220,"jpeg75","none"
"uuid","4f93e30d-26c4-411d-bc1f-20473f7fbea6","scatter",220,"jpeg50","none"
"uuid","4f93e30d-26c4-411d-bc1f-20473f7fbea6","scatter",220,"jpeg35","none"
"uuid","4f93e30d-26c4-411d-bc1f-20473f7fbea6","scatter",220,"pad_jpeg50","none"
"uuid","4f93e30d-26c4-411d-bc1f-20473f7fbea6","scatter",220,"shot_chain","none"
"uuid","4f93e30d-26c4-411d-bc1f-20473f7fbea6","legend",1050,"resize","exact"
"uuid","4f93e30d-26c4-411d-bc1f-20473f7fbea6","legend",1050,"jpeg75","exact"
"uuid","4f93e30d-26c4-411d-bc1f-20473f7fbea6","legend",1050,"jpeg50","exact"
"uuid","4f93e30d-26c4-411d-bc1f-20473f7fbea6","legend",1050,"jpeg35","exact"
"uuid","4f93e30d-26c4-411d-bc1f-20473f7fbea6","legend",1050,"pad_jpeg50","exact"
"uuid","4f93e30d-26c4-411d-bc1f-20473f7fbea6","legend",1050,"shot_chain","exact"
"uuid","4f93e30d-26c4-411d-bc1f-20473f7fbea6","legend",800,"resize","exact"
"uuid","4f93e30d-26c4-411d-bc1f-20473f7fbea6","legend",800,"jpeg75","exact"
"uuid","4f93e30d-26c4-411d-bc1f-20473f7fbea6","legend",800,"jpeg50","exact"
"uuid","4f93e30d-26c4-411d-bc1f-20473f7fbea6","legend",800,"jpeg35","exact"
"uuid","4f93e30d-26c4-411d-bc1f-20473f7fbea6","legend",800,"pad_jpeg50","exact"
"uuid","4f93e30d-26c4-411d-bc1f-20473f7fbea6","legend",800,"shot_chain","exact"
"uuid","4f93e30d-26c4-411d-bc1f-20473f7fbea6","legend",640,"resize","exact"
"uuid","4f93e30d-26c4-411d-bc1f-20473f7fbea6","legend",640,"jpeg75","exact"
"uuid","4f93e30d-26c4-411d-bc1f-20473f7fbea6","legend",640,"jpeg50","exact"
"uuid","4f93e30d-26c4-411d-bc1f-20473f7fbea6","legend",640,"jpeg35","exact"
"uuid","4f93e30d-26c4-411d-bc1f-20473f7fbea6","legend",640,"pad_jpeg50","exact"
"uuid","4f93e30d-26c4-411d-bc1f-20473f7fbea6","legend",640,"shot_chain","exact"
"uuid","4f93e30d-26c4-411d-bc1f-20473f7fbea6","legend",552,"resize","exact"
"uuid","4f93e30d-26c4-411d-bc1f-20473f7fbea6","legend",552,"jpeg75","exact"
"uuid","4f93e30d-26c4-411d-bc1f-20473f7fbea6","legend",552,"jpeg50","exact"
"uuid","4f93e30d-26c4-411d-bc1f-20473f7fbea6","legend",552,"jpeg35","exact"
"uuid","4f93e30d-26c4-411d-bc1f-20473f7fbea6","legend",552,"pad_jpeg50","exact"
"uuid","4f93e30d-26c4-411d-bc1f-20473f7fbea6","legend",552,"shot_chain","exact"
"uuid","4f93e30d-26c4-411d-bc1f-20473f7fbea6","legend",480,"resize","exact"
"uuid","4f93e30d-26c4-411d-bc1f-20473f7fbea6","legend",480,"jpeg75","exact"
"uuid","4f93e30d-26c4-411d-bc1f-20473f7fbea6","legend",480,"jpeg50","exact"
"uuid","4f93e30d-26c4-411d-bc1f-20473f7fbea6","legend",480,"jpeg35","exact"
"uuid","4f93e30d-26c4-411d-bc1f-20473f7fbea6","legend",480,"pad_jpeg50","exact"
"uuid","4f93e30d-26c4-411d-bc1f-20473f7fbea6","legend",480,"shot_chain","exact"
"uuid","4f93e30d-26c4-411d-bc1f-20473f7fbea6","legend",430,"resize","exact"
"uuid","4f93e30d-26c4-411d-bc1f-20473f7fbea6","legend",430,"jpeg75","exact"
"uuid","4f93e30d-26c4-411d-bc1f-20473f7fbea6","legend",430,"jpeg50","exact"
"uuid","4f93e30d-26c4-411d-bc1f-20473f7fbea6","legend",430,"jpeg35","none"
"uuid","4f93e30d-26c4-411d-bc1f-20473f7fbea6","legend",430,"pad_jpeg50","exact"
"uuid","4f93e30d-26c4-411d-bc1f-20473f7fbea6","legend",430,"shot_chain","exact"
"uuid","4f93e30d-26c4-411d-bc1f-20473f7fbea6","legend",400,"resize","exact"
"uuid","4f93e30d-26c4-411d-bc1f-20473f7fbea6","legend",400,"jpeg75","exact"
"uuid","4f93e30d-26c4-411d-bc1f-20473f7fbea6","legend",400,"jpeg50","exact"
"uuid","4f93e30d-26c4-411d-bc1f-20473f7fbea6","legend",400,"jpeg35","exact"
"uuid","4f93e30d-26c4-411d-bc1f-20473f7fbea6","legend",400,"pad_jpeg50","exact"
"uuid","4f93e30d-26c4-411d-bc1f-20473f7fbea6","legend",400,"shot_chain","exact"
"uuid","4f93e30d-26c4-411d-bc1f-20473f7fbea6","legend",360,"resize","exact"
"uuid","4f93e30d-26c4-411d-bc1f-20473f7fbea6","legend",360,"jpeg75","exact"
"uuid","4f93e30d-26c4-411d-bc1f-20473f7fbea6","legend",360,"jpeg50","exact"
"uuid","4f93e30d-26c4-411d-bc1f-20473f7fbea6","legend",360,"jpeg35","none"
"uuid","4f93e30d-26c4-411d-bc1f-20473f7fbea6","legend",360,"pad_jpeg50","exact"
"uuid","4f93e30d-26c4-411d-bc1f-20473f7fbea6","legend",360,"shot_chain","exact"
"uuid","4f93e30d-26c4-411d-bc1f-20473f7fbea6","legend",320,"resize","exact"
"uuid","4f93e30d-26c4-411d-bc1f-20473f7fbea6","legend",320,"jpeg75","exact"
"uuid","4f93e30d-26c4-411d-bc1f-20473f7fbea6","legend",320,"jpeg50","none"
"uuid","4f93e30d-26c4-411d-bc1f-20473f7fbea6","legend",320,"jpeg35","none"
"uuid","4f93e30d-26c4-411d-bc1f-20473f7fbea6","legend",320,"pad_jpeg50","none"
"uuid","4f93e30d-26c4-411d-bc1f-20473f7fbea6","legend",320,"shot_chain","exact"
"uuid","4f93e30d-26c4-411d-bc1f-20473f7fbea6","legend",300,"resize","exact"
"uuid","4f93e30d-26c4-411d-bc1f-20473f7fbea6","legend",300,"jpeg75","exact"
"uuid","4f93e30d-26c4-411d-bc1f-20473f7fbea6","legend",300,"jpeg50","none"
"uuid","4f93e30d-26c4-411d-bc1f-20473f7fbea6","legend",300,"jpeg35","none"
"uuid","4f93e30d-26c4-411d-bc1f-20473f7fbea6","legend",300,"pad_jpeg50","none"
"uuid","4f93e30d-26c4-411d-bc1f-20473f7fbea6","legend",300,"shot_chain","exact"
"uuid","4f93e30d-26c4-411d-bc1f-20473f7fbea6","legend",280,"resize","exact"
"uuid","4f93e30d-26c4-411d-bc1f-20473f7fbea6","legend",280,"jpeg75","exact"
"uuid","4f93e30d-26c4-411d-bc1f-20473f7fbea6","legend",280,"jpeg50","none"
"uuid","4f93e30d-26c4-411d-bc1f-20473f7fbea6","legend",280,"jpeg35","none"
"uuid","4f93e30d-26c4-411d-bc1f-20473f7fbea6","legend",280,"pad_jpeg50","none"
"uuid","4f93e30d-26c4-411d-bc1f-20473f7fbea6","legend",280,"shot_chain","exact"
"uuid","4f93e30d-26c4-411d-bc1f-20473f7fbea6","legend",260,"resize","exact"
"uuid","4f93e30d-26c4-411d-bc1f-20473f7fbea6","legend",260,"jpeg75","none"
"uuid","4f93e30d-26c4-411d-bc1f-20473f7fbea6","legend",260,"jpeg50","none"
"uuid","4f93e30d-26c4-411d-bc1f-20473f7fbea6","legend",260,"jpeg35","none"
"uuid","4f93e30d-26c4-411d-bc1f-20473f7fbea6","legend",260,"pad_jpeg50","none"
"uuid","4f93e30d-26c4-411d-bc1f-20473f7fbea6","legend",260,"shot_chain","none"
"uuid","4f93e30d-26c4-411d-bc1f-20473f7fbea6","legend",240,"resize","exact"
"uuid","4f93e30d-26c4-411d-bc1f-20473f7fbea6","legend",240,"jpeg75","none"
"uuid","4f93e30d-26c4-411d-bc1f-20473f7fbea6","legend",240,"jpeg50","none"
"uuid","4f93e30d-26c4-411d-bc1f-20473f7fbea6","legend",240,"jpeg35","none"
"uuid","4f93e30d-26c4-411d-bc1f-20473f7fbea6","legend",240,"pad_jpeg50","none"
"uuid","4f93e30d-26c4-411d-bc1f-20473f7fbea6","legend",240,"shot_chain","none"
"uuid","4f93e30d-26c4-411d-bc1f-20473f7fbea6","legend",220,"resize","exact"
"uuid","4f93e30d-26c4-411d-bc1f-20473f7fbea6","legend",220,"jpeg75","none"
"uuid","4f93e30d-26c4-411d-bc1f-20473f7fbea6","legend",220,"jpeg50","none"
"uuid","4f93e30d-26c4-411d-bc1f-20473f7fbea6","legend",220,"jpeg35","none"
"uuid","4f93e30d-26c4-411d-bc1f-20473f7fbea6","legend",220,"pad_jpeg50","none"
"uuid","4f93e30d-26c4-411d-bc1f-20473f7fbea6","legend",220,"shot_chain","none"
"uuid","8f888561-5ecd-40c3-b227-15eb1ccaff99","scatter",1050,"resize","exact"
"uuid","8f888561-5ecd-40c3-b227-15eb1ccaff99","scatter",1050,"jpeg75","exact"
"uuid","8f888561-5ecd-40c3-b227-15eb1ccaff99","scatter",1050,"jpeg50","exact"
"uuid","8f888561-5ecd-40c3-b227-15eb1ccaff99","scatter",1050,"jpeg35","exact"
"uuid","8f888561-5ecd-40c3-b227-15eb1ccaff99","scatter",1050,"pad_jpeg50","exact"
"uuid","8f888561-5ecd-40c3-b227-15eb1ccaff99","scatter",1050,"shot_chain","exact"
"uuid","8f888561-5ecd-40c3-b227-15eb1ccaff99","scatter",800,"resize","exact"
"uuid","8f888561-5ecd-40c3-b227-15eb1ccaff99","scatter",800,"jpeg75","exact"
"uuid","8f888561-5ecd-40c3-b227-15eb1ccaff99","scatter",800,"jpeg50","exact"
"uuid","8f888561-5ecd-40c3-b227-15eb1ccaff99","scatter",800,"jpeg35","exact"
"uuid","8f888561-5ecd-40c3-b227-15eb1ccaff99","scatter",800,"pad_jpeg50","exact"
"uuid","8f888561-5ecd-40c3-b227-15eb1ccaff99","scatter",800,"shot_chain","exact"
"uuid","8f888561-5ecd-40c3-b227-15eb1ccaff99","scatter",640,"resize","exact"
"uuid","8f888561-5ecd-40c3-b227-15eb1ccaff99","scatter",640,"jpeg75","exact"
"uuid","8f888561-5ecd-40c3-b227-15eb1ccaff99","scatter",640,"jpeg50","exact"
"uuid","8f888561-5ecd-40c3-b227-15eb1ccaff99","scatter",640,"jpeg35","exact"
"uuid","8f888561-5ecd-40c3-b227-15eb1ccaff99","scatter",640,"pad_jpeg50","exact"
"uuid","8f888561-5ecd-40c3-b227-15eb1ccaff99","scatter",640,"shot_chain","exact"
"uuid","8f888561-5ecd-40c3-b227-15eb1ccaff99","scatter",552,"resize","exact"
"uuid","8f888561-5ecd-40c3-b227-15eb1ccaff99","scatter",552,"jpeg75","exact"
"uuid","8f888561-5ecd-40c3-b227-15eb1ccaff99","scatter",552,"jpeg50","exact"
"uuid","8f888561-5ecd-40c3-b227-15eb1ccaff99","scatter",552,"jpeg35","exact"
"uuid","8f888561-5ecd-40c3-b227-15eb1ccaff99","scatter",552,"pad_jpeg50","exact"
"uuid","8f888561-5ecd-40c3-b227-15eb1ccaff99","scatter",552,"shot_chain","exact"
"uuid","8f888561-5ecd-40c3-b227-15eb1ccaff99","scatter",480,"resize","exact"
"uuid","8f888561-5ecd-40c3-b227-15eb1ccaff99","scatter",480,"jpeg75","exact"
"uuid","8f888561-5ecd-40c3-b227-15eb1ccaff99","scatter",480,"jpeg50","exact"
"uuid","8f888561-5ecd-40c3-b227-15eb1ccaff99","scatter",480,"jpeg35","exact"
"uuid","8f888561-5ecd-40c3-b227-15eb1ccaff99","scatter",480,"pad_jpeg50","exact"
"uuid","8f888561-5ecd-40c3-b227-15eb1ccaff99","scatter",480,"shot_chain","exact"
"uuid","8f888561-5ecd-40c3-b227-15eb1ccaff99","scatter",430,"resize","exact"
"uuid","8f888561-5ecd-40c3-b227-15eb1ccaff99","scatter",430,"jpeg75","exact"
"uuid","8f888561-5ecd-40c3-b227-15eb1ccaff99","scatter",430,"jpeg50","exact"
"uuid","8f888561-5ecd-40c3-b227-15eb1ccaff99","scatter",430,"jpeg35","none"
"uuid","8f888561-5ecd-40c3-b227-15eb1ccaff99","scatter",430,"pad_jpeg50","exact"
"uuid","8f888561-5ecd-40c3-b227-15eb1ccaff99","scatter",430,"shot_chain","exact"
"uuid","8f888561-5ecd-40c3-b227-15eb1ccaff99","scatter",400,"resize","exact"
"uuid","8f888561-5ecd-40c3-b227-15eb1ccaff99","scatter",400,"jpeg75","exact"
"uuid","8f888561-5ecd-40c3-b227-15eb1ccaff99","scatter",400,"jpeg50","exact"
"uuid","8f888561-5ecd-40c3-b227-15eb1ccaff99","scatter",400,"jpeg35","exact"
"uuid","8f888561-5ecd-40c3-b227-15eb1ccaff99","scatter",400,"pad_jpeg50","exact"
"uuid","8f888561-5ecd-40c3-b227-15eb1ccaff99","scatter",400,"shot_chain","exact"
"uuid","8f888561-5ecd-40c3-b227-15eb1ccaff99","scatter",360,"resize","exact"
"uuid","8f888561-5ecd-40c3-b227-15eb1ccaff99","scatter",360,"jpeg75","exact"
"uuid","8f888561-5ecd-40c3-b227-15eb1ccaff99","scatter",360,"jpeg50","exact"
"uuid","8f888561-5ecd-40c3-b227-15eb1ccaff99","scatter",360,"jpeg35","none"
"uuid","8f888561-5ecd-40c3-b227-15eb1ccaff99","scatter",360,"pad_jpeg50","exact"
"uuid","8f888561-5ecd-40c3-b227-15eb1ccaff99","scatter",360,"shot_chain","exact"
"uuid","8f888561-5ecd-40c3-b227-15eb1ccaff99","scatter",320,"resize","exact"
"uuid","8f888561-5ecd-40c3-b227-15eb1ccaff99","scatter",320,"jpeg75","exact"
"uuid","8f888561-5ecd-40c3-b227-15eb1ccaff99","scatter",320,"jpeg50","none"
"uuid","8f888561-5ecd-40c3-b227-15eb1ccaff99","scatter",320,"jpeg35","none"
"uuid","8f888561-5ecd-40c3-b227-15eb1ccaff99","scatter",320,"pad_jpeg50","none"
"uuid","8f888561-5ecd-40c3-b227-15eb1ccaff99","scatter",320,"shot_chain","exact"
"uuid","8f888561-5ecd-40c3-b227-15eb1ccaff99","scatter",300,"resize","exact"
"uuid","8f888561-5ecd-40c3-b227-15eb1ccaff99","scatter",300,"jpeg75","exact"
"uuid","8f888561-5ecd-40c3-b227-15eb1ccaff99","scatter",300,"jpeg50","none"
"uuid","8f888561-5ecd-40c3-b227-15eb1ccaff99","scatter",300,"jpeg35","none"
"uuid","8f888561-5ecd-40c3-b227-15eb1ccaff99","scatter",300,"pad_jpeg50","none"
"uuid","8f888561-5ecd-40c3-b227-15eb1ccaff99","scatter",300,"shot_chain","exact"
"uuid","8f888561-5ecd-40c3-b227-15eb1ccaff99","scatter",280,"resize","exact"
"uuid","8f888561-5ecd-40c3-b227-15eb1ccaff99","scatter",280,"jpeg75","exact"
"uuid","8f888561-5ecd-40c3-b227-15eb1ccaff99","scatter",280,"jpeg50","none"
"uuid","8f888561-5ecd-40c3-b227-15eb1ccaff99","scatter",280,"jpeg35","none"
"uuid","8f888561-5ecd-40c3-b227-15eb1ccaff99","scatter",280,"pad_jpeg50","none"
"uuid","8f888561-5ecd-40c3-b227-15eb1ccaff99","scatter",280,"shot_chain","exact"
"uuid","8f888561-5ecd-40c3-b227-15eb1ccaff99","scatter",260,"resize","exact"
"uuid","8f888561-5ecd-40c3-b227-15eb1ccaff99","scatter",260,"jpeg75","none"
"uuid","8f888561-5ecd-40c3-b227-15eb1ccaff99","scatter",260,"jpeg50","none"
"uuid","8f888561-5ecd-40c3-b227-15eb1ccaff99","scatter",260,"jpeg35","none"
"uuid","8f888561-5ecd-40c3-b227-15eb1ccaff99","scatter",260,"pad_jpeg50","none"
"uuid","8f888561-5ecd-40c3-b227-15eb1ccaff99","scatter",260,"shot_chain","none"
"uuid","8f888561-5ecd-40c3-b227-15eb1ccaff99","scatter",240,"resize","exact"
"uuid","8f888561-5ecd-40c3-b227-15eb1ccaff99","scatter",240,"jpeg75","none"
"uuid","8f888561-5ecd-40c3-b227-15eb1ccaff99","scatter",240,"jpeg50","none"
"uuid","8f888561-5ecd-40c3-b227-15eb1ccaff99","scatter",240,"jpeg35","none"
"uuid","8f888561-5ecd-40c3-b227-15eb1ccaff99","scatter",240,"pad_jpeg50","none"
"uuid","8f888561-5ecd-40c3-b227-15eb1ccaff99","scatter",240,"shot_chain","exact"
"uuid","8f888561-5ecd-40c3-b227-15eb1ccaff99","scatter",220,"resize","exact"
"uuid","8f888561-5ecd-40c3-b227-15eb1ccaff99","scatter",220,"jpeg75","none"
"uuid","8f888561-5ecd-40c3-b227-15eb1ccaff99","scatter",220,"jpeg50","none"
"uuid","8f888561-5ecd-40c3-b227-15eb1ccaff99","scatter",220,"jpeg35","none"
"uuid","8f888561-5ecd-40c3-b227-15eb1ccaff99","scatter",220,"pad_jpeg50","none"
"uuid","8f888561-5ecd-40c3-b227-15eb1ccaff99","scatter",220,"shot_chain","none"
"uuid","8f888561-5ecd-40c3-b227-15eb1ccaff99","legend",1050,"resize","exact"
"uuid","8f888561-5ecd-40c3-b227-15eb1ccaff99","legend",1050,"jpeg75","exact"
"uuid","8f888561-5ecd-40c3-b227-15eb1ccaff99","legend",1050,"jpeg50","exact"
"uuid","8f888561-5ecd-40c3-b227-15eb1ccaff99","legend",1050,"jpeg35","exact"
"uuid","8f888561-5ecd-40c3-b227-15eb1ccaff99","legend",1050,"pad_jpeg50","exact"
"uuid","8f888561-5ecd-40c3-b227-15eb1ccaff99","legend",1050,"shot_chain","exact"
"uuid","8f888561-5ecd-40c3-b227-15eb1ccaff99","legend",800,"resize","exact"
"uuid","8f888561-5ecd-40c3-b227-15eb1ccaff99","legend",800,"jpeg75","exact"
"uuid","8f888561-5ecd-40c3-b227-15eb1ccaff99","legend",800,"jpeg50","exact"
"uuid","8f888561-5ecd-40c3-b227-15eb1ccaff99","legend",800,"jpeg35","exact"
"uuid","8f888561-5ecd-40c3-b227-15eb1ccaff99","legend",800,"pad_jpeg50","exact"
"uuid","8f888561-5ecd-40c3-b227-15eb1ccaff99","legend",800,"shot_chain","exact"
"uuid","8f888561-5ecd-40c3-b227-15eb1ccaff99","legend",640,"resize","exact"
"uuid","8f888561-5ecd-40c3-b227-15eb1ccaff99","legend",640,"jpeg75","exact"
"uuid","8f888561-5ecd-40c3-b227-15eb1ccaff99","legend",640,"jpeg50","exact"
"uuid","8f888561-5ecd-40c3-b227-15eb1ccaff99","legend",640,"jpeg35","exact"
"uuid","8f888561-5ecd-40c3-b227-15eb1ccaff99","legend",640,"pad_jpeg50","exact"
"uuid","8f888561-5ecd-40c3-b227-15eb1ccaff99","legend",640,"shot_chain","exact"
"uuid","8f888561-5ecd-40c3-b227-15eb1ccaff99","legend",552,"resize","exact"
"uuid","8f888561-5ecd-40c3-b227-15eb1ccaff99","legend",552,"jpeg75","exact"
"uuid","8f888561-5ecd-40c3-b227-15eb1ccaff99","legend",552,"jpeg50","exact"
"uuid","8f888561-5ecd-40c3-b227-15eb1ccaff99","legend",552,"jpeg35","exact"
"uuid","8f888561-5ecd-40c3-b227-15eb1ccaff99","legend",552,"pad_jpeg50","exact"
"uuid","8f888561-5ecd-40c3-b227-15eb1ccaff99","legend",552,"shot_chain","exact"
"uuid","8f888561-5ecd-40c3-b227-15eb1ccaff99","legend",480,"resize","exact"
"uuid","8f888561-5ecd-40c3-b227-15eb1ccaff99","legend",480,"jpeg75","exact"
"uuid","8f888561-5ecd-40c3-b227-15eb1ccaff99","legend",480,"jpeg50","exact"
"uuid","8f888561-5ecd-40c3-b227-15eb1ccaff99","legend",480,"jpeg35","exact"
"uuid","8f888561-5ecd-40c3-b227-15eb1ccaff99","legend",480,"pad_jpeg50","exact"
"uuid","8f888561-5ecd-40c3-b227-15eb1ccaff99","legend",480,"shot_chain","exact"
"uuid","8f888561-5ecd-40c3-b227-15eb1ccaff99","legend",430,"resize","exact"
"uuid","8f888561-5ecd-40c3-b227-15eb1ccaff99","legend",430,"jpeg75","exact"
"uuid","8f888561-5ecd-40c3-b227-15eb1ccaff99","legend",430,"jpeg50","exact"
"uuid","8f888561-5ecd-40c3-b227-15eb1ccaff99","legend",430,"jpeg35","none"
"uuid","8f888561-5ecd-40c3-b227-15eb1ccaff99","legend",430,"pad_jpeg50","exact"
"uuid","8f888561-5ecd-40c3-b227-15eb1ccaff99","legend",430,"shot_chain","exact"
"uuid","8f888561-5ecd-40c3-b227-15eb1ccaff99","legend",400,"resize","exact"
"uuid","8f888561-5ecd-40c3-b227-15eb1ccaff99","legend",400,"jpeg75","exact"
"uuid","8f888561-5ecd-40c3-b227-15eb1ccaff99","legend",400,"jpeg50","exact"
"uuid","8f888561-5ecd-40c3-b227-15eb1ccaff99","legend",400,"jpeg35","exact"
"uuid","8f888561-5ecd-40c3-b227-15eb1ccaff99","legend",400,"pad_jpeg50","exact"
"uuid","8f888561-5ecd-40c3-b227-15eb1ccaff99","legend",400,"shot_chain","exact"
"uuid","8f888561-5ecd-40c3-b227-15eb1ccaff99","legend",360,"resize","exact"
"uuid","8f888561-5ecd-40c3-b227-15eb1ccaff99","legend",360,"jpeg75","exact"
"uuid","8f888561-5ecd-40c3-b227-15eb1ccaff99","legend",360,"jpeg50","exact"
"uuid","8f888561-5ecd-40c3-b227-15eb1ccaff99","legend",360,"jpeg35","none"
"uuid","8f888561-5ecd-40c3-b227-15eb1ccaff99","legend",360,"pad_jpeg50","exact"
"uuid","8f888561-5ecd-40c3-b227-15eb1ccaff99","legend",360,"shot_chain","exact"
"uuid","8f888561-5ecd-40c3-b227-15eb1ccaff99","legend",320,"resize","exact"
"uuid","8f888561-5ecd-40c3-b227-15eb1ccaff99","legend",320,"jpeg75","exact"
"uuid","8f888561-5ecd-40c3-b227-15eb1ccaff99","legend",320,"jpeg50","none"
"uuid","8f888561-5ecd-40c3-b227-15eb1ccaff99","legend",320,"jpeg35","none"
"uuid","8f888561-5ecd-40c3-b227-15eb1ccaff99","legend",320,"pad_jpeg50","none"
"uuid","8f888561-5ecd-40c3-b227-15eb1ccaff99","legend",320,"shot_chain","exact"
"uuid","8f888561-5ecd-40c3-b227-15eb1ccaff99","legend",300,"resize","exact"
"uuid","8f888561-5ecd-40c3-b227-15eb1ccaff99","legend",300,"jpeg75","exact"
"uuid","8f888561-5ecd-40c3-b227-15eb1ccaff99","legend",300,"jpeg50","none"
"uuid","8f888561-5ecd-40c3-b227-15eb1ccaff99","legend",300,"jpeg35","none"
"uuid","8f888561-5ecd-40c3-b227-15eb1ccaff99","legend",300,"pad_jpeg50","none"
"uuid","8f888561-5ecd-40c3-b227-15eb1ccaff99","legend",300,"shot_chain","exact"
"uuid","8f888561-5ecd-40c3-b227-15eb1ccaff99","legend",280,"resize","exact"
"uuid","8f888561-5ecd-40c3-b227-15eb1ccaff99","legend",280,"jpeg75","exact"
"uuid","8f888561-5ecd-40c3-b227-15eb1ccaff99","legend",280,"jpeg50","none"
"uuid","8f888561-5ecd-40c3-b227-15eb1ccaff99","legend",280,"jpeg35","none"
"uuid","8f888561-5ecd-40c3-b227-15eb1ccaff99","legend",280,"pad_jpeg50","none"
"uuid","8f888561-5ecd-40c3-b227-15eb1ccaff99","legend",280,"shot_chain","exact"
"uuid","8f888561-5ecd-40c3-b227-15eb1ccaff99","legend",260,"resize","exact"
"uuid","8f888561-5ecd-40c3-b227-15eb1ccaff99","legend",260,"jpeg75","none"
"uuid","8f888561-5ecd-40c3-b227-15eb1ccaff99","legend",260,"jpeg50","none"
"uuid","8f888561-5ecd-40c3-b227-15eb1ccaff99","legend",260,"jpeg35","none"
"uuid","8f888561-5ecd-40c3-b227-15eb1ccaff99","legend",260,"pad_jpeg50","none"
"uuid","8f888561-5ecd-40c3-b227-15eb1ccaff99","legend",260,"shot_chain","none"
"uuid","8f888561-5ecd-40c3-b227-15eb1ccaff99","legend",240,"resize","exact"
"uuid","8f888561-5ecd-40c3-b227-15eb1ccaff99","legend",240,"jpeg75","none"
"uuid","8f888561-5ecd-40c3-b227-15eb1ccaff99","legend",240,"jpeg50","none"
"uuid","8f888561-5ecd-40c3-b227-15eb1ccaff99","legend",240,"jpeg35","none"
"uuid","8f888561-5ecd-40c3-b227-15eb1ccaff99","legend",240,"pad_jpeg50","none"
"uuid","8f888561-5ecd-40c3-b227-15eb1ccaff99","legend",240,"shot_chain","exact"
"uuid","8f888561-5ecd-40c3-b227-15eb1ccaff99","legend",220,"resize","exact"
"uuid","8f888561-5ecd-40c3-b227-15eb1ccaff99","legend",220,"jpeg75","none"
"uuid","8f888561-5ecd-40c3-b227-15eb1ccaff99","legend",220,"jpeg50","none"
"uuid","8f888561-5ecd-40c3-b227-15eb1ccaff99","legend",220,"jpeg35","none"
"uuid","8f888561-5ecd-40c3-b227-15eb1ccaff99","legend",220,"pad_jpeg50","none"
"uuid","8f888561-5ecd-40c3-b227-15eb1ccaff99","legend",220,"shot_chain","none"
"uuid","b42ac192-437a-4bd0-bd64-42b4cdc86c2c","scatter",1050,"resize","exact"
"uuid","b42ac192-437a-4bd0-bd64-42b4cdc86c2c","scatter",1050,"jpeg75","exact"
"uuid","b42ac192-437a-4bd0-bd64-42b4cdc86c2c","scatter",1050,"jpeg50","exact"
"uuid","b42ac192-437a-4bd0-bd64-42b4cdc86c2c","scatter",1050,"jpeg35","exact"
"uuid","b42ac192-437a-4bd0-bd64-42b4cdc86c2c","scatter",1050,"pad_jpeg50","exact"
"uuid","b42ac192-437a-4bd0-bd64-42b4cdc86c2c","scatter",1050,"shot_chain","exact"
"uuid","b42ac192-437a-4bd0-bd64-42b4cdc86c2c","scatter",800,"resize","exact"
"uuid","b42ac192-437a-4bd0-bd64-42b4cdc86c2c","scatter",800,"jpeg75","exact"
"uuid","b42ac192-437a-4bd0-bd64-42b4cdc86c2c","scatter",800,"jpeg50","exact"
"uuid","b42ac192-437a-4bd0-bd64-42b4cdc86c2c","scatter",800,"jpeg35","exact"
"uuid","b42ac192-437a-4bd0-bd64-42b4cdc86c2c","scatter",800,"pad_jpeg50","exact"
"uuid","b42ac192-437a-4bd0-bd64-42b4cdc86c2c","scatter",800,"shot_chain","exact"
"uuid","b42ac192-437a-4bd0-bd64-42b4cdc86c2c","scatter",640,"resize","exact"
"uuid","b42ac192-437a-4bd0-bd64-42b4cdc86c2c","scatter",640,"jpeg75","exact"
"uuid","b42ac192-437a-4bd0-bd64-42b4cdc86c2c","scatter",640,"jpeg50","exact"
"uuid","b42ac192-437a-4bd0-bd64-42b4cdc86c2c","scatter",640,"jpeg35","exact"
"uuid","b42ac192-437a-4bd0-bd64-42b4cdc86c2c","scatter",640,"pad_jpeg50","exact"
"uuid","b42ac192-437a-4bd0-bd64-42b4cdc86c2c","scatter",640,"shot_chain","exact"
"uuid","b42ac192-437a-4bd0-bd64-42b4cdc86c2c","scatter",552,"resize","exact"
"uuid","b42ac192-437a-4bd0-bd64-42b4cdc86c2c","scatter",552,"jpeg75","exact"
"uuid","b42ac192-437a-4bd0-bd64-42b4cdc86c2c","scatter",552,"jpeg50","exact"
"uuid","b42ac192-437a-4bd0-bd64-42b4cdc86c2c","scatter",552,"jpeg35","exact"
"uuid","b42ac192-437a-4bd0-bd64-42b4cdc86c2c","scatter",552,"pad_jpeg50","exact"
"uuid","b42ac192-437a-4bd0-bd64-42b4cdc86c2c","scatter",552,"shot_chain","exact"
"uuid","b42ac192-437a-4bd0-bd64-42b4cdc86c2c","scatter",480,"resize","exact"
"uuid","b42ac192-437a-4bd0-bd64-42b4cdc86c2c","scatter",480,"jpeg75","exact"
"uuid","b42ac192-437a-4bd0-bd64-42b4cdc86c2c","scatter",480,"jpeg50","exact"
"uuid","b42ac192-437a-4bd0-bd64-42b4cdc86c2c","scatter",480,"jpeg35","exact"
"uuid","b42ac192-437a-4bd0-bd64-42b4cdc86c2c","scatter",480,"pad_jpeg50","exact"
"uuid","b42ac192-437a-4bd0-bd64-42b4cdc86c2c","scatter",480,"shot_chain","exact"
"uuid","b42ac192-437a-4bd0-bd64-42b4cdc86c2c","scatter",430,"resize","exact"
"uuid","b42ac192-437a-4bd0-bd64-42b4cdc86c2c","scatter",430,"jpeg75","exact"
"uuid","b42ac192-437a-4bd0-bd64-42b4cdc86c2c","scatter",430,"jpeg50","exact"
"uuid","b42ac192-437a-4bd0-bd64-42b4cdc86c2c","scatter",430,"jpeg35","none"
"uuid","b42ac192-437a-4bd0-bd64-42b4cdc86c2c","scatter",430,"pad_jpeg50","none"
"uuid","b42ac192-437a-4bd0-bd64-42b4cdc86c2c","scatter",430,"shot_chain","exact"
"uuid","b42ac192-437a-4bd0-bd64-42b4cdc86c2c","scatter",400,"resize","exact"
"uuid","b42ac192-437a-4bd0-bd64-42b4cdc86c2c","scatter",400,"jpeg75","exact"
"uuid","b42ac192-437a-4bd0-bd64-42b4cdc86c2c","scatter",400,"jpeg50","exact"
"uuid","b42ac192-437a-4bd0-bd64-42b4cdc86c2c","scatter",400,"jpeg35","none"
"uuid","b42ac192-437a-4bd0-bd64-42b4cdc86c2c","scatter",400,"pad_jpeg50","exact"
"uuid","b42ac192-437a-4bd0-bd64-42b4cdc86c2c","scatter",400,"shot_chain","exact"
"uuid","b42ac192-437a-4bd0-bd64-42b4cdc86c2c","scatter",360,"resize","exact"
"uuid","b42ac192-437a-4bd0-bd64-42b4cdc86c2c","scatter",360,"jpeg75","exact"
"uuid","b42ac192-437a-4bd0-bd64-42b4cdc86c2c","scatter",360,"jpeg50","exact"
"uuid","b42ac192-437a-4bd0-bd64-42b4cdc86c2c","scatter",360,"jpeg35","none"
"uuid","b42ac192-437a-4bd0-bd64-42b4cdc86c2c","scatter",360,"pad_jpeg50","exact"
"uuid","b42ac192-437a-4bd0-bd64-42b4cdc86c2c","scatter",360,"shot_chain","exact"
"uuid","b42ac192-437a-4bd0-bd64-42b4cdc86c2c","scatter",320,"resize","exact"
"uuid","b42ac192-437a-4bd0-bd64-42b4cdc86c2c","scatter",320,"jpeg75","exact"
"uuid","b42ac192-437a-4bd0-bd64-42b4cdc86c2c","scatter",320,"jpeg50","none"
"uuid","b42ac192-437a-4bd0-bd64-42b4cdc86c2c","scatter",320,"jpeg35","none"
"uuid","b42ac192-437a-4bd0-bd64-42b4cdc86c2c","scatter",320,"pad_jpeg50","none"
"uuid","b42ac192-437a-4bd0-bd64-42b4cdc86c2c","scatter",320,"shot_chain","exact"
"uuid","b42ac192-437a-4bd0-bd64-42b4cdc86c2c","scatter",300,"resize","exact"
"uuid","b42ac192-437a-4bd0-bd64-42b4cdc86c2c","scatter",300,"jpeg75","exact"
"uuid","b42ac192-437a-4bd0-bd64-42b4cdc86c2c","scatter",300,"jpeg50","none"
"uuid","b42ac192-437a-4bd0-bd64-42b4cdc86c2c","scatter",300,"jpeg35","none"
"uuid","b42ac192-437a-4bd0-bd64-42b4cdc86c2c","scatter",300,"pad_jpeg50","none"
"uuid","b42ac192-437a-4bd0-bd64-42b4cdc86c2c","scatter",300,"shot_chain","exact"
"uuid","b42ac192-437a-4bd0-bd64-42b4cdc86c2c","scatter",280,"resize","exact"
"uuid","b42ac192-437a-4bd0-bd64-42b4cdc86c2c","scatter",280,"jpeg75","none"
"uuid","b42ac192-437a-4bd0-bd64-42b4cdc86c2c","scatter",280,"jpeg50","none"
"uuid","b42ac192-437a-4bd0-bd64-42b4cdc86c2c","scatter",280,"jpeg35","none"
"uuid","b42ac192-437a-4bd0-bd64-42b4cdc86c2c","scatter",280,"pad_jpeg50","none"
"uuid","b42ac192-437a-4bd0-bd64-42b4cdc86c2c","scatter",280,"shot_chain","exact"
"uuid","b42ac192-437a-4bd0-bd64-42b4cdc86c2c","scatter",260,"resize","exact"
"uuid","b42ac192-437a-4bd0-bd64-42b4cdc86c2c","scatter",260,"jpeg75","none"
"uuid","b42ac192-437a-4bd0-bd64-42b4cdc86c2c","scatter",260,"jpeg50","none"
"uuid","b42ac192-437a-4bd0-bd64-42b4cdc86c2c","scatter",260,"jpeg35","none"
"uuid","b42ac192-437a-4bd0-bd64-42b4cdc86c2c","scatter",260,"pad_jpeg50","none"
"uuid","b42ac192-437a-4bd0-bd64-42b4cdc86c2c","scatter",260,"shot_chain","none"
"uuid","b42ac192-437a-4bd0-bd64-42b4cdc86c2c","scatter",240,"resize","exact"
"uuid","b42ac192-437a-4bd0-bd64-42b4cdc86c2c","scatter",240,"jpeg75","none"
"uuid","b42ac192-437a-4bd0-bd64-42b4cdc86c2c","scatter",240,"jpeg50","none"
"uuid","b42ac192-437a-4bd0-bd64-42b4cdc86c2c","scatter",240,"jpeg35","none"
"uuid","b42ac192-437a-4bd0-bd64-42b4cdc86c2c","scatter",240,"pad_jpeg50","none"
"uuid","b42ac192-437a-4bd0-bd64-42b4cdc86c2c","scatter",240,"shot_chain","none"
"uuid","b42ac192-437a-4bd0-bd64-42b4cdc86c2c","scatter",220,"resize","exact"
"uuid","b42ac192-437a-4bd0-bd64-42b4cdc86c2c","scatter",220,"jpeg75","none"
"uuid","b42ac192-437a-4bd0-bd64-42b4cdc86c2c","scatter",220,"jpeg50","none"
"uuid","b42ac192-437a-4bd0-bd64-42b4cdc86c2c","scatter",220,"jpeg35","none"
"uuid","b42ac192-437a-4bd0-bd64-42b4cdc86c2c","scatter",220,"pad_jpeg50","none"
"uuid","b42ac192-437a-4bd0-bd64-42b4cdc86c2c","scatter",220,"shot_chain","none"
"uuid","b42ac192-437a-4bd0-bd64-42b4cdc86c2c","legend",1050,"resize","exact"
"uuid","b42ac192-437a-4bd0-bd64-42b4cdc86c2c","legend",1050,"jpeg75","exact"
"uuid","b42ac192-437a-4bd0-bd64-42b4cdc86c2c","legend",1050,"jpeg50","exact"
"uuid","b42ac192-437a-4bd0-bd64-42b4cdc86c2c","legend",1050,"jpeg35","exact"
"uuid","b42ac192-437a-4bd0-bd64-42b4cdc86c2c","legend",1050,"pad_jpeg50","exact"
"uuid","b42ac192-437a-4bd0-bd64-42b4cdc86c2c","legend",1050,"shot_chain","exact"
"uuid","b42ac192-437a-4bd0-bd64-42b4cdc86c2c","legend",800,"resize","exact"
"uuid","b42ac192-437a-4bd0-bd64-42b4cdc86c2c","legend",800,"jpeg75","exact"
"uuid","b42ac192-437a-4bd0-bd64-42b4cdc86c2c","legend",800,"jpeg50","exact"
"uuid","b42ac192-437a-4bd0-bd64-42b4cdc86c2c","legend",800,"jpeg35","exact"
"uuid","b42ac192-437a-4bd0-bd64-42b4cdc86c2c","legend",800,"pad_jpeg50","exact"
"uuid","b42ac192-437a-4bd0-bd64-42b4cdc86c2c","legend",800,"shot_chain","exact"
"uuid","b42ac192-437a-4bd0-bd64-42b4cdc86c2c","legend",640,"resize","exact"
"uuid","b42ac192-437a-4bd0-bd64-42b4cdc86c2c","legend",640,"jpeg75","exact"
"uuid","b42ac192-437a-4bd0-bd64-42b4cdc86c2c","legend",640,"jpeg50","exact"
"uuid","b42ac192-437a-4bd0-bd64-42b4cdc86c2c","legend",640,"jpeg35","exact"
"uuid","b42ac192-437a-4bd0-bd64-42b4cdc86c2c","legend",640,"pad_jpeg50","exact"
"uuid","b42ac192-437a-4bd0-bd64-42b4cdc86c2c","legend",640,"shot_chain","exact"
"uuid","b42ac192-437a-4bd0-bd64-42b4cdc86c2c","legend",552,"resize","exact"
"uuid","b42ac192-437a-4bd0-bd64-42b4cdc86c2c","legend",552,"jpeg75","exact"
"uuid","b42ac192-437a-4bd0-bd64-42b4cdc86c2c","legend",552,"jpeg50","exact"
"uuid","b42ac192-437a-4bd0-bd64-42b4cdc86c2c","legend",552,"jpeg35","exact"
"uuid","b42ac192-437a-4bd0-bd64-42b4cdc86c2c","legend",552,"pad_jpeg50","exact"
"uuid","b42ac192-437a-4bd0-bd64-42b4cdc86c2c","legend",552,"shot_chain","exact"
"uuid","b42ac192-437a-4bd0-bd64-42b4cdc86c2c","legend",480,"resize","exact"
"uuid","b42ac192-437a-4bd0-bd64-42b4cdc86c2c","legend",480,"jpeg75","exact"
"uuid","b42ac192-437a-4bd0-bd64-42b4cdc86c2c","legend",480,"jpeg50","exact"
"uuid","b42ac192-437a-4bd0-bd64-42b4cdc86c2c","legend",480,"jpeg35","exact"
"uuid","b42ac192-437a-4bd0-bd64-42b4cdc86c2c","legend",480,"pad_jpeg50","exact"
"uuid","b42ac192-437a-4bd0-bd64-42b4cdc86c2c","legend",480,"shot_chain","exact"
"uuid","b42ac192-437a-4bd0-bd64-42b4cdc86c2c","legend",430,"resize","exact"
"uuid","b42ac192-437a-4bd0-bd64-42b4cdc86c2c","legend",430,"jpeg75","exact"
"uuid","b42ac192-437a-4bd0-bd64-42b4cdc86c2c","legend",430,"jpeg50","exact"
"uuid","b42ac192-437a-4bd0-bd64-42b4cdc86c2c","legend",430,"jpeg35","none"
"uuid","b42ac192-437a-4bd0-bd64-42b4cdc86c2c","legend",430,"pad_jpeg50","none"
"uuid","b42ac192-437a-4bd0-bd64-42b4cdc86c2c","legend",430,"shot_chain","exact"
"uuid","b42ac192-437a-4bd0-bd64-42b4cdc86c2c","legend",400,"resize","exact"
"uuid","b42ac192-437a-4bd0-bd64-42b4cdc86c2c","legend",400,"jpeg75","exact"
"uuid","b42ac192-437a-4bd0-bd64-42b4cdc86c2c","legend",400,"jpeg50","exact"
"uuid","b42ac192-437a-4bd0-bd64-42b4cdc86c2c","legend",400,"jpeg35","none"
"uuid","b42ac192-437a-4bd0-bd64-42b4cdc86c2c","legend",400,"pad_jpeg50","exact"
"uuid","b42ac192-437a-4bd0-bd64-42b4cdc86c2c","legend",400,"shot_chain","exact"
"uuid","b42ac192-437a-4bd0-bd64-42b4cdc86c2c","legend",360,"resize","exact"
"uuid","b42ac192-437a-4bd0-bd64-42b4cdc86c2c","legend",360,"jpeg75","exact"
"uuid","b42ac192-437a-4bd0-bd64-42b4cdc86c2c","legend",360,"jpeg50","exact"
"uuid","b42ac192-437a-4bd0-bd64-42b4cdc86c2c","legend",360,"jpeg35","none"
"uuid","b42ac192-437a-4bd0-bd64-42b4cdc86c2c","legend",360,"pad_jpeg50","exact"
"uuid","b42ac192-437a-4bd0-bd64-42b4cdc86c2c","legend",360,"shot_chain","exact"
"uuid","b42ac192-437a-4bd0-bd64-42b4cdc86c2c","legend",320,"resize","exact"
"uuid","b42ac192-437a-4bd0-bd64-42b4cdc86c2c","legend",320,"jpeg75","exact"
"uuid","b42ac192-437a-4bd0-bd64-42b4cdc86c2c","legend",320,"jpeg50","none"
"uuid","b42ac192-437a-4bd0-bd64-42b4cdc86c2c","legend",320,"jpeg35","none"
"uuid","b42ac192-437a-4bd0-bd64-42b4cdc86c2c","legend",320,"pad_jpeg50","none"
"uuid","b42ac192-437a-4bd0-bd64-42b4cdc86c2c","legend",320,"shot_chain","exact"
"uuid","b42ac192-437a-4bd0-bd64-42b4cdc86c2c","legend",300,"resize","exact"
"uuid","b42ac192-437a-4bd0-bd64-42b4cdc86c2c","legend",300,"jpeg75","exact"
"uuid","b42ac192-437a-4bd0-bd64-42b4cdc86c2c","legend",300,"jpeg50","none"
"uuid","b42ac192-437a-4bd0-bd64-42b4cdc86c2c","legend",300,"jpeg35","none"
"uuid","b42ac192-437a-4bd0-bd64-42b4cdc86c2c","legend",300,"pad_jpeg50","none"
"uuid","b42ac192-437a-4bd0-bd64-42b4cdc86c2c","legend",300,"shot_chain","exact"
"uuid","b42ac192-437a-4bd0-bd64-42b4cdc86c2c","legend",280,"resize","exact"
"uuid","b42ac192-437a-4bd0-bd64-42b4cdc86c2c","legend",280,"jpeg75","none"
"uuid","b42ac192-437a-4bd0-bd64-42b4cdc86c2c","legend",280,"jpeg50","none"
"uuid","b42ac192-437a-4bd0-bd64-42b4cdc86c2c","legend",280,"jpeg35","none"
"uuid","b42ac192-437a-4bd0-bd64-42b4cdc86c2c","legend",280,"pad_jpeg50","none"
"uuid","b42ac192-437a-4bd0-bd64-42b4cdc86c2c","legend",280,"shot_chain","exact"
"uuid","b42ac192-437a-4bd0-bd64-42b4cdc86c2c","legend",260,"resize","exact"
"uuid","b42ac192-437a-4bd0-bd64-42b4cdc86c2c","legend",260,"jpeg75","none"
"uuid","b42ac192-437a-4bd0-bd64-42b4cdc86c2c","legend",260,"jpeg50","none"
"uuid","b42ac192-437a-4bd0-bd64-42b4cdc86c2c","legend",260,"jpeg35","none"
"uuid","b42ac192-437a-4bd0-bd64-42b4cdc86c2c","legend",260,"pad_jpeg50","none"
"uuid","b42ac192-437a-4bd0-bd64-42b4cdc86c2c","legend",260,"shot_chain","none"
"uuid","b42ac192-437a-4bd0-bd64-42b4cdc86c2c","legend",240,"resize","exact"
"uuid","b42ac192-437a-4bd0-bd64-42b4cdc86c2c","legend",240,"jpeg75","none"
"uuid","b42ac192-437a-4bd0-bd64-42b4cdc86c2c","legend",240,"jpeg50","none"
"uuid","b42ac192-437a-4bd0-bd64-42b4cdc86c2c","legend",240,"jpeg35","none"
"uuid","b42ac192-437a-4bd0-bd64-42b4cdc86c2c","legend",240,"pad_jpeg50","none"
"uuid","b42ac192-437a-4bd0-bd64-42b4cdc86c2c","legend",240,"shot_chain","none"
"uuid","b42ac192-437a-4bd0-bd64-42b4cdc86c2c","legend",220,"resize","exact"
"uuid","b42ac192-437a-4bd0-bd64-42b4cdc86c2c","legend",220,"jpeg75","none"
"uuid","b42ac192-437a-4bd0-bd64-42b4cdc86c2c","legend",220,"jpeg50","none"
"uuid","b42ac192-437a-4bd0-bd64-42b4cdc86c2c","legend",220,"jpeg35","none"
"uuid","b42ac192-437a-4bd0-bd64-42b4cdc86c2c","legend",220,"pad_jpeg50","none"
"uuid","b42ac192-437a-4bd0-bd64-42b4cdc86c2c","legend",220,"shot_chain","none"
"uuid","6a65ec19-c608-4529-a948-80d03331471d","scatter",1050,"resize","exact"
"uuid","6a65ec19-c608-4529-a948-80d03331471d","scatter",1050,"jpeg75","exact"
"uuid","6a65ec19-c608-4529-a948-80d03331471d","scatter",1050,"jpeg50","exact"
"uuid","6a65ec19-c608-4529-a948-80d03331471d","scatter",1050,"jpeg35","exact"
"uuid","6a65ec19-c608-4529-a948-80d03331471d","scatter",1050,"pad_jpeg50","exact"
"uuid","6a65ec19-c608-4529-a948-80d03331471d","scatter",1050,"shot_chain","exact"
"uuid","6a65ec19-c608-4529-a948-80d03331471d","scatter",800,"resize","exact"
"uuid","6a65ec19-c608-4529-a948-80d03331471d","scatter",800,"jpeg75","exact"
"uuid","6a65ec19-c608-4529-a948-80d03331471d","scatter",800,"jpeg50","exact"
"uuid","6a65ec19-c608-4529-a948-80d03331471d","scatter",800,"jpeg35","exact"
"uuid","6a65ec19-c608-4529-a948-80d03331471d","scatter",800,"pad_jpeg50","exact"
"uuid","6a65ec19-c608-4529-a948-80d03331471d","scatter",800,"shot_chain","exact"
"uuid","6a65ec19-c608-4529-a948-80d03331471d","scatter",640,"resize","exact"
"uuid","6a65ec19-c608-4529-a948-80d03331471d","scatter",640,"jpeg75","exact"
"uuid","6a65ec19-c608-4529-a948-80d03331471d","scatter",640,"jpeg50","exact"
"uuid","6a65ec19-c608-4529-a948-80d03331471d","scatter",640,"jpeg35","exact"
"uuid","6a65ec19-c608-4529-a948-80d03331471d","scatter",640,"pad_jpeg50","exact"
"uuid","6a65ec19-c608-4529-a948-80d03331471d","scatter",640,"shot_chain","exact"
"uuid","6a65ec19-c608-4529-a948-80d03331471d","scatter",552,"resize","exact"
"uuid","6a65ec19-c608-4529-a948-80d03331471d","scatter",552,"jpeg75","exact"
"uuid","6a65ec19-c608-4529-a948-80d03331471d","scatter",552,"jpeg50","exact"
"uuid","6a65ec19-c608-4529-a948-80d03331471d","scatter",552,"jpeg35","exact"
"uuid","6a65ec19-c608-4529-a948-80d03331471d","scatter",552,"pad_jpeg50","exact"
"uuid","6a65ec19-c608-4529-a948-80d03331471d","scatter",552,"shot_chain","exact"
"uuid","6a65ec19-c608-4529-a948-80d03331471d","scatter",480,"resize","exact"
"uuid","6a65ec19-c608-4529-a948-80d03331471d","scatter",480,"jpeg75","exact"
"uuid","6a65ec19-c608-4529-a948-80d03331471d","scatter",480,"jpeg50","exact"
"uuid","6a65ec19-c608-4529-a948-80d03331471d","scatter",480,"jpeg35","exact"
"uuid","6a65ec19-c608-4529-a948-80d03331471d","scatter",480,"pad_jpeg50","exact"
"uuid","6a65ec19-c608-4529-a948-80d03331471d","scatter",480,"shot_chain","exact"
"uuid","6a65ec19-c608-4529-a948-80d03331471d","scatter",430,"resize","exact"
"uuid","6a65ec19-c608-4529-a948-80d03331471d","scatter",430,"jpeg75","exact"
"uuid","6a65ec19-c608-4529-a948-80d03331471d","scatter",430,"jpeg50","exact"
"uuid","6a65ec19-c608-4529-a948-80d03331471d","scatter",430,"jpeg35","none"
"uuid","6a65ec19-c608-4529-a948-80d03331471d","scatter",430,"pad_jpeg50","exact"
"uuid","6a65ec19-c608-4529-a948-80d03331471d","scatter",430,"shot_chain","exact"
"uuid","6a65ec19-c608-4529-a948-80d03331471d","scatter",400,"resize","exact"
"uuid","6a65ec19-c608-4529-a948-80d03331471d","scatter",400,"jpeg75","exact"
"uuid","6a65ec19-c608-4529-a948-80d03331471d","scatter",400,"jpeg50","exact"
"uuid","6a65ec19-c608-4529-a948-80d03331471d","scatter",400,"jpeg35","none"
"uuid","6a65ec19-c608-4529-a948-80d03331471d","scatter",400,"pad_jpeg50","exact"
"uuid","6a65ec19-c608-4529-a948-80d03331471d","scatter",400,"shot_chain","exact"
"uuid","6a65ec19-c608-4529-a948-80d03331471d","scatter",360,"resize","exact"
"uuid","6a65ec19-c608-4529-a948-80d03331471d","scatter",360,"jpeg75","exact"
"uuid","6a65ec19-c608-4529-a948-80d03331471d","scatter",360,"jpeg50","exact"
"uuid","6a65ec19-c608-4529-a948-80d03331471d","scatter",360,"jpeg35","none"
"uuid","6a65ec19-c608-4529-a948-80d03331471d","scatter",360,"pad_jpeg50","exact"
"uuid","6a65ec19-c608-4529-a948-80d03331471d","scatter",360,"shot_chain","exact"
"uuid","6a65ec19-c608-4529-a948-80d03331471d","scatter",320,"resize","exact"
"uuid","6a65ec19-c608-4529-a948-80d03331471d","scatter",320,"jpeg75","exact"
"uuid","6a65ec19-c608-4529-a948-80d03331471d","scatter",320,"jpeg50","none"
"uuid","6a65ec19-c608-4529-a948-80d03331471d","scatter",320,"jpeg35","none"
"uuid","6a65ec19-c608-4529-a948-80d03331471d","scatter",320,"pad_jpeg50","none"
"uuid","6a65ec19-c608-4529-a948-80d03331471d","scatter",320,"shot_chain","exact"
"uuid","6a65ec19-c608-4529-a948-80d03331471d","scatter",300,"resize","exact"
"uuid","6a65ec19-c608-4529-a948-80d03331471d","scatter",300,"jpeg75","exact"
"uuid","6a65ec19-c608-4529-a948-80d03331471d","scatter",300,"jpeg50","none"
"uuid","6a65ec19-c608-4529-a948-80d03331471d","scatter",300,"jpeg35","none"
"uuid","6a65ec19-c608-4529-a948-80d03331471d","scatter",300,"pad_jpeg50","none"
"uuid","6a65ec19-c608-4529-a948-80d03331471d","scatter",300,"shot_chain","exact"
"uuid","6a65ec19-c608-4529-a948-80d03331471d","scatter",280,"resize","exact"
"uuid","6a65ec19-c608-4529-a948-80d03331471d","scatter",280,"jpeg75","exact"
"uuid","6a65ec19-c608-4529-a948-80d03331471d","scatter",280,"jpeg50","none"
"uuid","6a65ec19-c608-4529-a948-80d03331471d","scatter",280,"jpeg35","none"
"uuid","6a65ec19-c608-4529-a948-80d03331471d","scatter",280,"pad_jpeg50","none"
"uuid","6a65ec19-c608-4529-a948-80d03331471d","scatter",280,"shot_chain","exact"
"uuid","6a65ec19-c608-4529-a948-80d03331471d","scatter",260,"resize","exact"
"uuid","6a65ec19-c608-4529-a948-80d03331471d","scatter",260,"jpeg75","none"
"uuid","6a65ec19-c608-4529-a948-80d03331471d","scatter",260,"jpeg50","none"
"uuid","6a65ec19-c608-4529-a948-80d03331471d","scatter",260,"jpeg35","none"
"uuid","6a65ec19-c608-4529-a948-80d03331471d","scatter",260,"pad_jpeg50","none"
"uuid","6a65ec19-c608-4529-a948-80d03331471d","scatter",260,"shot_chain","none"
"uuid","6a65ec19-c608-4529-a948-80d03331471d","scatter",240,"resize","exact"
"uuid","6a65ec19-c608-4529-a948-80d03331471d","scatter",240,"jpeg75","none"
"uuid","6a65ec19-c608-4529-a948-80d03331471d","scatter",240,"jpeg50","none"
"uuid","6a65ec19-c608-4529-a948-80d03331471d","scatter",240,"jpeg35","none"
"uuid","6a65ec19-c608-4529-a948-80d03331471d","scatter",240,"pad_jpeg50","none"
"uuid","6a65ec19-c608-4529-a948-80d03331471d","scatter",240,"shot_chain","exact"
"uuid","6a65ec19-c608-4529-a948-80d03331471d","scatter",220,"resize","exact"
"uuid","6a65ec19-c608-4529-a948-80d03331471d","scatter",220,"jpeg75","none"
"uuid","6a65ec19-c608-4529-a948-80d03331471d","scatter",220,"jpeg50","none"
"uuid","6a65ec19-c608-4529-a948-80d03331471d","scatter",220,"jpeg35","none"
"uuid","6a65ec19-c608-4529-a948-80d03331471d","scatter",220,"pad_jpeg50","none"
"uuid","6a65ec19-c608-4529-a948-80d03331471d","scatter",220,"shot_chain","none"
"uuid","6a65ec19-c608-4529-a948-80d03331471d","legend",1050,"resize","exact"
"uuid","6a65ec19-c608-4529-a948-80d03331471d","legend",1050,"jpeg75","exact"
"uuid","6a65ec19-c608-4529-a948-80d03331471d","legend",1050,"jpeg50","exact"
"uuid","6a65ec19-c608-4529-a948-80d03331471d","legend",1050,"jpeg35","exact"
"uuid","6a65ec19-c608-4529-a948-80d03331471d","legend",1050,"pad_jpeg50","exact"
"uuid","6a65ec19-c608-4529-a948-80d03331471d","legend",1050,"shot_chain","exact"
"uuid","6a65ec19-c608-4529-a948-80d03331471d","legend",800,"resize","exact"
"uuid","6a65ec19-c608-4529-a948-80d03331471d","legend",800,"jpeg75","exact"
"uuid","6a65ec19-c608-4529-a948-80d03331471d","legend",800,"jpeg50","exact"
"uuid","6a65ec19-c608-4529-a948-80d03331471d","legend",800,"jpeg35","exact"
"uuid","6a65ec19-c608-4529-a948-80d03331471d","legend",800,"pad_jpeg50","exact"
"uuid","6a65ec19-c608-4529-a948-80d03331471d","legend",800,"shot_chain","exact"
"uuid","6a65ec19-c608-4529-a948-80d03331471d","legend",640,"resize","exact"
"uuid","6a65ec19-c608-4529-a948-80d03331471d","legend",640,"jpeg75","exact"
"uuid","6a65ec19-c608-4529-a948-80d03331471d","legend",640,"jpeg50","exact"
"uuid","6a65ec19-c608-4529-a948-80d03331471d","legend",640,"jpeg35","exact"
"uuid","6a65ec19-c608-4529-a948-80d03331471d","legend",640,"pad_jpeg50","exact"
"uuid","6a65ec19-c608-4529-a948-80d03331471d","legend",640,"shot_chain","exact"
"uuid","6a65ec19-c608-4529-a948-80d03331471d","legend",552,"resize","exact"
"uuid","6a65ec19-c608-4529-a948-80d03331471d","legend",552,"jpeg75","exact"
"uuid","6a65ec19-c608-4529-a948-80d03331471d","legend",552,"jpeg50","exact"
"uuid","6a65ec19-c608-4529-a948-80d03331471d","legend",552,"jpeg35","exact"
"uuid","6a65ec19-c608-4529-a948-80d03331471d","legend",552,"pad_jpeg50","exact"
"uuid","6a65ec19-c608-4529-a948-80d03331471d","legend",552,"shot_chain","exact"
"uuid","6a65ec19-c608-4529-a948-80d03331471d","legend",480,"resize","exact"
"uuid","6a65ec19-c608-4529-a948-80d03331471d","legend",480,"jpeg75","exact"
"uuid","6a65ec19-c608-4529-a948-80d03331471d","legend",480,"jpeg50","exact"
"uuid","6a65ec19-c608-4529-a948-80d03331471d","legend",480,"jpeg35","exact"
"uuid","6a65ec19-c608-4529-a948-80d03331471d","legend",480,"pad_jpeg50","exact"
"uuid","6a65ec19-c608-4529-a948-80d03331471d","legend",480,"shot_chain","exact"
"uuid","6a65ec19-c608-4529-a948-80d03331471d","legend",430,"resize","exact"
"uuid","6a65ec19-c608-4529-a948-80d03331471d","legend",430,"jpeg75","exact"
"uuid","6a65ec19-c608-4529-a948-80d03331471d","legend",430,"jpeg50","exact"
"uuid","6a65ec19-c608-4529-a948-80d03331471d","legend",430,"jpeg35","none"
"uuid","6a65ec19-c608-4529-a948-80d03331471d","legend",430,"pad_jpeg50","exact"
"uuid","6a65ec19-c608-4529-a948-80d03331471d","legend",430,"shot_chain","exact"
"uuid","6a65ec19-c608-4529-a948-80d03331471d","legend",400,"resize","exact"
"uuid","6a65ec19-c608-4529-a948-80d03331471d","legend",400,"jpeg75","exact"
"uuid","6a65ec19-c608-4529-a948-80d03331471d","legend",400,"jpeg50","exact"
"uuid","6a65ec19-c608-4529-a948-80d03331471d","legend",400,"jpeg35","none"
"uuid","6a65ec19-c608-4529-a948-80d03331471d","legend",400,"pad_jpeg50","exact"
"uuid","6a65ec19-c608-4529-a948-80d03331471d","legend",400,"shot_chain","exact"
"uuid","6a65ec19-c608-4529-a948-80d03331471d","legend",360,"resize","exact"
"uuid","6a65ec19-c608-4529-a948-80d03331471d","legend",360,"jpeg75","exact"
"uuid","6a65ec19-c608-4529-a948-80d03331471d","legend",360,"jpeg50","exact"
"uuid","6a65ec19-c608-4529-a948-80d03331471d","legend",360,"jpeg35","none"
"uuid","6a65ec19-c608-4529-a948-80d03331471d","legend",360,"pad_jpeg50","exact"
"uuid","6a65ec19-c608-4529-a948-80d03331471d","legend",360,"shot_chain","exact"
"uuid","6a65ec19-c608-4529-a948-80d03331471d","legend",320,"resize","exact"
"uuid","6a65ec19-c608-4529-a948-80d03331471d","legend",320,"jpeg75","exact"
"uuid","6a65ec19-c608-4529-a948-80d03331471d","legend",320,"jpeg50","none"
"uuid","6a65ec19-c608-4529-a948-80d03331471d","legend",320,"jpeg35","none"
"uuid","6a65ec19-c608-4529-a948-80d03331471d","legend",320,"pad_jpeg50","none"
"uuid","6a65ec19-c608-4529-a948-80d03331471d","legend",320,"shot_chain","exact"
"uuid","6a65ec19-c608-4529-a948-80d03331471d","legend",300,"resize","exact"
"uuid","6a65ec19-c608-4529-a948-80d03331471d","legend",300,"jpeg75","exact"
"uuid","6a65ec19-c608-4529-a948-80d03331471d","legend",300,"jpeg50","none"
"uuid","6a65ec19-c608-4529-a948-80d03331471d","legend",300,"jpeg35","none"
"uuid","6a65ec19-c608-4529-a948-80d03331471d","legend",300,"pad_jpeg50","none"
"uuid","6a65ec19-c608-4529-a948-80d03331471d","legend",300,"shot_chain","exact"
"uuid","6a65ec19-c608-4529-a948-80d03331471d","legend",280,"resize","exact"
"uuid","6a65ec19-c608-4529-a948-80d03331471d","legend",280,"jpeg75","exact"
"uuid","6a65ec19-c608-4529-a948-80d03331471d","legend",280,"jpeg50","none"
"uuid","6a65ec19-c608-4529-a948-80d03331471d","legend",280,"jpeg35","none"
"uuid","6a65ec19-c608-4529-a948-80d03331471d","legend",280,"pad_jpeg50","none"
"uuid","6a65ec19-c608-4529-a948-80d03331471d","legend",280,"shot_chain","exact"
"uuid","6a65ec19-c608-4529-a948-80d03331471d","legend",260,"resize","exact"
"uuid","6a65ec19-c608-4529-a948-80d03331471d","legend",260,"jpeg75","none"
"uuid","6a65ec19-c608-4529-a948-80d03331471d","legend",260,"jpeg50","none"
"uuid","6a65ec19-c608-4529-a948-80d03331471d","legend",260,"jpeg35","none"
"uuid","6a65ec19-c608-4529-a948-80d03331471d","legend",260,"pad_jpeg50","none"
"uuid","6a65ec19-c608-4529-a948-80d03331471d","legend",260,"shot_chain","none"
"uuid","6a65ec19-c608-4529-a948-80d03331471d","legend",240,"resize","exact"
"uuid","6a65ec19-c608-4529-a948-80d03331471d","legend",240,"jpeg75","none"
"uuid","6a65ec19-c608-4529-a948-80d03331471d","legend",240,"jpeg50","none"
"uuid","6a65ec19-c608-4529-a948-80d03331471d","legend",240,"jpeg35","none"
"uuid","6a65ec19-c608-4529-a948-80d03331471d","legend",240,"pad_jpeg50","none"
"uuid","6a65ec19-c608-4529-a948-80d03331471d","legend",240,"shot_chain","none"
"uuid","6a65ec19-c608-4529-a948-80d03331471d","legend",220,"resize","exact"
"uuid","6a65ec19-c608-4529-a948-80d03331471d","legend",220,"jpeg75","none"
"uuid","6a65ec19-c608-4529-a948-80d03331471d","legend",220,"jpeg50","none"
"uuid","6a65ec19-c608-4529-a948-80d03331471d","legend",220,"jpeg35","none"
"uuid","6a65ec19-c608-4529-a948-80d03331471d","legend",220,"pad_jpeg50","none"
"uuid","6a65ec19-c608-4529-a948-80d03331471d","legend",220,"shot_chain","none"
"uuid","b8444de7-f2fe-485d-bc3f-fd61de3062c1","scatter",1050,"resize","exact"
"uuid","b8444de7-f2fe-485d-bc3f-fd61de3062c1","scatter",1050,"jpeg75","exact"
"uuid","b8444de7-f2fe-485d-bc3f-fd61de3062c1","scatter",1050,"jpeg50","exact"
"uuid","b8444de7-f2fe-485d-bc3f-fd61de3062c1","scatter",1050,"jpeg35","exact"
"uuid","b8444de7-f2fe-485d-bc3f-fd61de3062c1","scatter",1050,"pad_jpeg50","exact"
"uuid","b8444de7-f2fe-485d-bc3f-fd61de3062c1","scatter",1050,"shot_chain","exact"
"uuid","b8444de7-f2fe-485d-bc3f-fd61de3062c1","scatter",800,"resize","exact"
"uuid","b8444de7-f2fe-485d-bc3f-fd61de3062c1","scatter",800,"jpeg75","exact"
"uuid","b8444de7-f2fe-485d-bc3f-fd61de3062c1","scatter",800,"jpeg50","exact"
"uuid","b8444de7-f2fe-485d-bc3f-fd61de3062c1","scatter",800,"jpeg35","exact"
"uuid","b8444de7-f2fe-485d-bc3f-fd61de3062c1","scatter",800,"pad_jpeg50","exact"
"uuid","b8444de7-f2fe-485d-bc3f-fd61de3062c1","scatter",800,"shot_chain","exact"
"uuid","b8444de7-f2fe-485d-bc3f-fd61de3062c1","scatter",640,"resize","exact"
"uuid","b8444de7-f2fe-485d-bc3f-fd61de3062c1","scatter",640,"jpeg75","exact"
"uuid","b8444de7-f2fe-485d-bc3f-fd61de3062c1","scatter",640,"jpeg50","exact"
"uuid","b8444de7-f2fe-485d-bc3f-fd61de3062c1","scatter",640,"jpeg35","exact"
"uuid","b8444de7-f2fe-485d-bc3f-fd61de3062c1","scatter",640,"pad_jpeg50","exact"
"uuid","b8444de7-f2fe-485d-bc3f-fd61de3062c1","scatter",640,"shot_chain","exact"
"uuid","b8444de7-f2fe-485d-bc3f-fd61de3062c1","scatter",552,"resize","exact"
"uuid","b8444de7-f2fe-485d-bc3f-fd61de3062c1","scatter",552,"jpeg75","exact"
"uuid","b8444de7-f2fe-485d-bc3f-fd61de3062c1","scatter",552,"jpeg50","exact"
"uuid","b8444de7-f2fe-485d-bc3f-fd61de3062c1","scatter",552,"jpeg35","exact"
"uuid","b8444de7-f2fe-485d-bc3f-fd61de3062c1","scatter",552,"pad_jpeg50","exact"
"uuid","b8444de7-f2fe-485d-bc3f-fd61de3062c1","scatter",552,"shot_chain","exact"
"uuid","b8444de7-f2fe-485d-bc3f-fd61de3062c1","scatter",480,"resize","exact"
"uuid","b8444de7-f2fe-485d-bc3f-fd61de3062c1","scatter",480,"jpeg75","exact"
"uuid","b8444de7-f2fe-485d-bc3f-fd61de3062c1","scatter",480,"jpeg50","exact"
"uuid","b8444de7-f2fe-485d-bc3f-fd61de3062c1","scatter",480,"jpeg35","exact"
"uuid","b8444de7-f2fe-485d-bc3f-fd61de3062c1","scatter",480,"pad_jpeg50","exact"
"uuid","b8444de7-f2fe-485d-bc3f-fd61de3062c1","scatter",480,"shot_chain","exact"
"uuid","b8444de7-f2fe-485d-bc3f-fd61de3062c1","scatter",430,"resize","exact"
"uuid","b8444de7-f2fe-485d-bc3f-fd61de3062c1","scatter",430,"jpeg75","exact"
"uuid","b8444de7-f2fe-485d-bc3f-fd61de3062c1","scatter",430,"jpeg50","exact"
"uuid","b8444de7-f2fe-485d-bc3f-fd61de3062c1","scatter",430,"jpeg35","none"
"uuid","b8444de7-f2fe-485d-bc3f-fd61de3062c1","scatter",430,"pad_jpeg50","exact"
"uuid","b8444de7-f2fe-485d-bc3f-fd61de3062c1","scatter",430,"shot_chain","exact"
"uuid","b8444de7-f2fe-485d-bc3f-fd61de3062c1","scatter",400,"resize","exact"
"uuid","b8444de7-f2fe-485d-bc3f-fd61de3062c1","scatter",400,"jpeg75","exact"
"uuid","b8444de7-f2fe-485d-bc3f-fd61de3062c1","scatter",400,"jpeg50","exact"
"uuid","b8444de7-f2fe-485d-bc3f-fd61de3062c1","scatter",400,"jpeg35","exact"
"uuid","b8444de7-f2fe-485d-bc3f-fd61de3062c1","scatter",400,"pad_jpeg50","exact"
"uuid","b8444de7-f2fe-485d-bc3f-fd61de3062c1","scatter",400,"shot_chain","exact"
"uuid","b8444de7-f2fe-485d-bc3f-fd61de3062c1","scatter",360,"resize","exact"
"uuid","b8444de7-f2fe-485d-bc3f-fd61de3062c1","scatter",360,"jpeg75","exact"
"uuid","b8444de7-f2fe-485d-bc3f-fd61de3062c1","scatter",360,"jpeg50","none"
"uuid","b8444de7-f2fe-485d-bc3f-fd61de3062c1","scatter",360,"jpeg35","none"
"uuid","b8444de7-f2fe-485d-bc3f-fd61de3062c1","scatter",360,"pad_jpeg50","none"
"uuid","b8444de7-f2fe-485d-bc3f-fd61de3062c1","scatter",360,"shot_chain","exact"
"uuid","b8444de7-f2fe-485d-bc3f-fd61de3062c1","scatter",320,"resize","exact"
"uuid","b8444de7-f2fe-485d-bc3f-fd61de3062c1","scatter",320,"jpeg75","exact"
"uuid","b8444de7-f2fe-485d-bc3f-fd61de3062c1","scatter",320,"jpeg50","none"
"uuid","b8444de7-f2fe-485d-bc3f-fd61de3062c1","scatter",320,"jpeg35","none"
"uuid","b8444de7-f2fe-485d-bc3f-fd61de3062c1","scatter",320,"pad_jpeg50","none"
"uuid","b8444de7-f2fe-485d-bc3f-fd61de3062c1","scatter",320,"shot_chain","exact"
"uuid","b8444de7-f2fe-485d-bc3f-fd61de3062c1","scatter",300,"resize","exact"
"uuid","b8444de7-f2fe-485d-bc3f-fd61de3062c1","scatter",300,"jpeg75","exact"
"uuid","b8444de7-f2fe-485d-bc3f-fd61de3062c1","scatter",300,"jpeg50","none"
"uuid","b8444de7-f2fe-485d-bc3f-fd61de3062c1","scatter",300,"jpeg35","none"
"uuid","b8444de7-f2fe-485d-bc3f-fd61de3062c1","scatter",300,"pad_jpeg50","none"
"uuid","b8444de7-f2fe-485d-bc3f-fd61de3062c1","scatter",300,"shot_chain","exact"
"uuid","b8444de7-f2fe-485d-bc3f-fd61de3062c1","scatter",280,"resize","exact"
"uuid","b8444de7-f2fe-485d-bc3f-fd61de3062c1","scatter",280,"jpeg75","exact"
"uuid","b8444de7-f2fe-485d-bc3f-fd61de3062c1","scatter",280,"jpeg50","none"
"uuid","b8444de7-f2fe-485d-bc3f-fd61de3062c1","scatter",280,"jpeg35","none"
"uuid","b8444de7-f2fe-485d-bc3f-fd61de3062c1","scatter",280,"pad_jpeg50","none"
"uuid","b8444de7-f2fe-485d-bc3f-fd61de3062c1","scatter",280,"shot_chain","exact"
"uuid","b8444de7-f2fe-485d-bc3f-fd61de3062c1","scatter",260,"resize","exact"
"uuid","b8444de7-f2fe-485d-bc3f-fd61de3062c1","scatter",260,"jpeg75","exact"
"uuid","b8444de7-f2fe-485d-bc3f-fd61de3062c1","scatter",260,"jpeg50","none"
"uuid","b8444de7-f2fe-485d-bc3f-fd61de3062c1","scatter",260,"jpeg35","none"
"uuid","b8444de7-f2fe-485d-bc3f-fd61de3062c1","scatter",260,"pad_jpeg50","none"
"uuid","b8444de7-f2fe-485d-bc3f-fd61de3062c1","scatter",260,"shot_chain","none"
"uuid","b8444de7-f2fe-485d-bc3f-fd61de3062c1","scatter",240,"resize","exact"
"uuid","b8444de7-f2fe-485d-bc3f-fd61de3062c1","scatter",240,"jpeg75","none"
"uuid","b8444de7-f2fe-485d-bc3f-fd61de3062c1","scatter",240,"jpeg50","none"
"uuid","b8444de7-f2fe-485d-bc3f-fd61de3062c1","scatter",240,"jpeg35","none"
"uuid","b8444de7-f2fe-485d-bc3f-fd61de3062c1","scatter",240,"pad_jpeg50","none"
"uuid","b8444de7-f2fe-485d-bc3f-fd61de3062c1","scatter",240,"shot_chain","exact"
"uuid","b8444de7-f2fe-485d-bc3f-fd61de3062c1","scatter",220,"resize","exact"
"uuid","b8444de7-f2fe-485d-bc3f-fd61de3062c1","scatter",220,"jpeg75","none"
"uuid","b8444de7-f2fe-485d-bc3f-fd61de3062c1","scatter",220,"jpeg50","none"
"uuid","b8444de7-f2fe-485d-bc3f-fd61de3062c1","scatter",220,"jpeg35","none"
"uuid","b8444de7-f2fe-485d-bc3f-fd61de3062c1","scatter",220,"pad_jpeg50","none"
"uuid","b8444de7-f2fe-485d-bc3f-fd61de3062c1","scatter",220,"shot_chain","none"
"uuid","b8444de7-f2fe-485d-bc3f-fd61de3062c1","legend",1050,"resize","exact"
"uuid","b8444de7-f2fe-485d-bc3f-fd61de3062c1","legend",1050,"jpeg75","exact"
"uuid","b8444de7-f2fe-485d-bc3f-fd61de3062c1","legend",1050,"jpeg50","exact"
"uuid","b8444de7-f2fe-485d-bc3f-fd61de3062c1","legend",1050,"jpeg35","exact"
"uuid","b8444de7-f2fe-485d-bc3f-fd61de3062c1","legend",1050,"pad_jpeg50","exact"
"uuid","b8444de7-f2fe-485d-bc3f-fd61de3062c1","legend",1050,"shot_chain","exact"
"uuid","b8444de7-f2fe-485d-bc3f-fd61de3062c1","legend",800,"resize","exact"
"uuid","b8444de7-f2fe-485d-bc3f-fd61de3062c1","legend",800,"jpeg75","exact"
"uuid","b8444de7-f2fe-485d-bc3f-fd61de3062c1","legend",800,"jpeg50","exact"
"uuid","b8444de7-f2fe-485d-bc3f-fd61de3062c1","legend",800,"jpeg35","exact"
"uuid","b8444de7-f2fe-485d-bc3f-fd61de3062c1","legend",800,"pad_jpeg50","exact"
"uuid","b8444de7-f2fe-485d-bc3f-fd61de3062c1","legend",800,"shot_chain","exact"
"uuid","b8444de7-f2fe-485d-bc3f-fd61de3062c1","legend",640,"resize","exact"
"uuid","b8444de7-f2fe-485d-bc3f-fd61de3062c1","legend",640,"jpeg75","exact"
"uuid","b8444de7-f2fe-485d-bc3f-fd61de3062c1","legend",640,"jpeg50","exact"
"uuid","b8444de7-f2fe-485d-bc3f-fd61de3062c1","legend",640,"jpeg35","exact"
"uuid","b8444de7-f2fe-485d-bc3f-fd61de3062c1","legend",640,"pad_jpeg50","exact"
"uuid","b8444de7-f2fe-485d-bc3f-fd61de3062c1","legend",640,"shot_chain","exact"
"uuid","b8444de7-f2fe-485d-bc3f-fd61de3062c1","legend",552,"resize","exact"
"uuid","b8444de7-f2fe-485d-bc3f-fd61de3062c1","legend",552,"jpeg75","exact"
"uuid","b8444de7-f2fe-485d-bc3f-fd61de3062c1","legend",552,"jpeg50","exact"
"uuid","b8444de7-f2fe-485d-bc3f-fd61de3062c1","legend",552,"jpeg35","exact"
"uuid","b8444de7-f2fe-485d-bc3f-fd61de3062c1","legend",552,"pad_jpeg50","exact"
"uuid","b8444de7-f2fe-485d-bc3f-fd61de3062c1","legend",552,"shot_chain","exact"
"uuid","b8444de7-f2fe-485d-bc3f-fd61de3062c1","legend",480,"resize","exact"
"uuid","b8444de7-f2fe-485d-bc3f-fd61de3062c1","legend",480,"jpeg75","exact"
"uuid","b8444de7-f2fe-485d-bc3f-fd61de3062c1","legend",480,"jpeg50","exact"
"uuid","b8444de7-f2fe-485d-bc3f-fd61de3062c1","legend",480,"jpeg35","exact"
"uuid","b8444de7-f2fe-485d-bc3f-fd61de3062c1","legend",480,"pad_jpeg50","exact"
"uuid","b8444de7-f2fe-485d-bc3f-fd61de3062c1","legend",480,"shot_chain","exact"
"uuid","b8444de7-f2fe-485d-bc3f-fd61de3062c1","legend",430,"resize","exact"
"uuid","b8444de7-f2fe-485d-bc3f-fd61de3062c1","legend",430,"jpeg75","exact"
"uuid","b8444de7-f2fe-485d-bc3f-fd61de3062c1","legend",430,"jpeg50","exact"
"uuid","b8444de7-f2fe-485d-bc3f-fd61de3062c1","legend",430,"jpeg35","none"
"uuid","b8444de7-f2fe-485d-bc3f-fd61de3062c1","legend",430,"pad_jpeg50","exact"
"uuid","b8444de7-f2fe-485d-bc3f-fd61de3062c1","legend",430,"shot_chain","exact"
"uuid","b8444de7-f2fe-485d-bc3f-fd61de3062c1","legend",400,"resize","exact"
"uuid","b8444de7-f2fe-485d-bc3f-fd61de3062c1","legend",400,"jpeg75","exact"
"uuid","b8444de7-f2fe-485d-bc3f-fd61de3062c1","legend",400,"jpeg50","exact"
"uuid","b8444de7-f2fe-485d-bc3f-fd61de3062c1","legend",400,"jpeg35","exact"
"uuid","b8444de7-f2fe-485d-bc3f-fd61de3062c1","legend",400,"pad_jpeg50","exact"
"uuid","b8444de7-f2fe-485d-bc3f-fd61de3062c1","legend",400,"shot_chain","exact"
"uuid","b8444de7-f2fe-485d-bc3f-fd61de3062c1","legend",360,"resize","exact"
"uuid","b8444de7-f2fe-485d-bc3f-fd61de3062c1","legend",360,"jpeg75","exact"
"uuid","b8444de7-f2fe-485d-bc3f-fd61de3062c1","legend",360,"jpeg50","none"
"uuid","b8444de7-f2fe-485d-bc3f-fd61de3062c1","legend",360,"jpeg35","none"
"uuid","b8444de7-f2fe-485d-bc3f-fd61de3062c1","legend",360,"pad_jpeg50","none"
"uuid","b8444de7-f2fe-485d-bc3f-fd61de3062c1","legend",360,"shot_chain","exact"
"uuid","b8444de7-f2fe-485d-bc3f-fd61de3062c1","legend",320,"resize","exact"
"uuid","b8444de7-f2fe-485d-bc3f-fd61de3062c1","legend",320,"jpeg75","exact"
"uuid","b8444de7-f2fe-485d-bc3f-fd61de3062c1","legend",320,"jpeg50","none"
"uuid","b8444de7-f2fe-485d-bc3f-fd61de3062c1","legend",320,"jpeg35","none"
"uuid","b8444de7-f2fe-485d-bc3f-fd61de3062c1","legend",320,"pad_jpeg50","none"
"uuid","b8444de7-f2fe-485d-bc3f-fd61de3062c1","legend",320,"shot_chain","exact"
"uuid","b8444de7-f2fe-485d-bc3f-fd61de3062c1","legend",300,"resize","exact"
"uuid","b8444de7-f2fe-485d-bc3f-fd61de3062c1","legend",300,"jpeg75","exact"
"uuid","b8444de7-f2fe-485d-bc3f-fd61de3062c1","legend",300,"jpeg50","none"
"uuid","b8444de7-f2fe-485d-bc3f-fd61de3062c1","legend",300,"jpeg35","none"
"uuid","b8444de7-f2fe-485d-bc3f-fd61de3062c1","legend",300,"pad_jpeg50","none"
"uuid","b8444de7-f2fe-485d-bc3f-fd61de3062c1","legend",300,"shot_chain","exact"
"uuid","b8444de7-f2fe-485d-bc3f-fd61de3062c1","legend",280,"resize","exact"
"uuid","b8444de7-f2fe-485d-bc3f-fd61de3062c1","legend",280,"jpeg75","exact"
"uuid","b8444de7-f2fe-485d-bc3f-fd61de3062c1","legend",280,"jpeg50","none"
"uuid","b8444de7-f2fe-485d-bc3f-fd61de3062c1","legend",280,"jpeg35","none"
"uuid","b8444de7-f2fe-485d-bc3f-fd61de3062c1","legend",280,"pad_jpeg50","none"
"uuid","b8444de7-f2fe-485d-bc3f-fd61de3062c1","legend",280,"shot_chain","exact"
"uuid","b8444de7-f2fe-485d-bc3f-fd61de3062c1","legend",260,"resize","exact"
"uuid","b8444de7-f2fe-485d-bc3f-fd61de3062c1","legend",260,"jpeg75","exact"
"uuid","b8444de7-f2fe-485d-bc3f-fd61de3062c1","legend",260,"jpeg50","none"
"uuid","b8444de7-f2fe-485d-bc3f-fd61de3062c1","legend",260,"jpeg35","none"
"uuid","b8444de7-f2fe-485d-bc3f-fd61de3062c1","legend",260,"pad_jpeg50","none"
"uuid","b8444de7-f2fe-485d-bc3f-fd61de3062c1","legend",260,"shot_chain","none"
"uuid","b8444de7-f2fe-485d-bc3f-fd61de3062c1","legend",240,"resize","exact"
"uuid","b8444de7-f2fe-485d-bc3f-fd61de3062c1","legend",240,"jpeg75","none"
"uuid","b8444de7-f2fe-485d-bc3f-fd61de3062c1","legend",240,"jpeg50","none"
"uuid","b8444de7-f2fe-485d-bc3f-fd61de3062c1","legend",240,"jpeg35","none"
"uuid","b8444de7-f2fe-485d-bc3f-fd61de3062c1","legend",240,"pad_jpeg50","none"
"uuid","b8444de7-f2fe-485d-bc3f-fd61de3062c1","legend",240,"shot_chain","exact"
"uuid","b8444de7-f2fe-485d-bc3f-fd61de3062c1","legend",220,"resize","exact"
"uuid","b8444de7-f2fe-485d-bc3f-fd61de3062c1","legend",220,"jpeg75","none"
"uuid","b8444de7-f2fe-485d-bc3f-fd61de3062c1","legend",220,"jpeg50","none"
"uuid","b8444de7-f2fe-485d-bc3f-fd61de3062c1","legend",220,"jpeg35","none"
"uuid","b8444de7-f2fe-485d-bc3f-fd61de3062c1","legend",220,"pad_jpeg50","none"
"uuid","b8444de7-f2fe-485d-bc3f-fd61de3062c1","legend",220,"shot_chain","none"
"uuid","24c3a20c-bf4b-4d2a-ba3c-b66384367469","scatter",1050,"resize","exact"
"uuid","24c3a20c-bf4b-4d2a-ba3c-b66384367469","scatter",1050,"jpeg75","exact"
"uuid","24c3a20c-bf4b-4d2a-ba3c-b66384367469","scatter",1050,"jpeg50","exact"
"uuid","24c3a20c-bf4b-4d2a-ba3c-b66384367469","scatter",1050,"jpeg35","exact"
"uuid","24c3a20c-bf4b-4d2a-ba3c-b66384367469","scatter",1050,"pad_jpeg50","exact"
"uuid","24c3a20c-bf4b-4d2a-ba3c-b66384367469","scatter",1050,"shot_chain","exact"
"uuid","24c3a20c-bf4b-4d2a-ba3c-b66384367469","scatter",800,"resize","exact"
"uuid","24c3a20c-bf4b-4d2a-ba3c-b66384367469","scatter",800,"jpeg75","exact"
"uuid","24c3a20c-bf4b-4d2a-ba3c-b66384367469","scatter",800,"jpeg50","exact"
"uuid","24c3a20c-bf4b-4d2a-ba3c-b66384367469","scatter",800,"jpeg35","exact"
"uuid","24c3a20c-bf4b-4d2a-ba3c-b66384367469","scatter",800,"pad_jpeg50","exact"
"uuid","24c3a20c-bf4b-4d2a-ba3c-b66384367469","scatter",800,"shot_chain","exact"
"uuid","24c3a20c-bf4b-4d2a-ba3c-b66384367469","scatter",640,"resize","exact"
"uuid","24c3a20c-bf4b-4d2a-ba3c-b66384367469","scatter",640,"jpeg75","exact"
"uuid","24c3a20c-bf4b-4d2a-ba3c-b66384367469","scatter",640,"jpeg50","exact"
"uuid","24c3a20c-bf4b-4d2a-ba3c-b66384367469","scatter",640,"jpeg35","exact"
"uuid","24c3a20c-bf4b-4d2a-ba3c-b66384367469","scatter",640,"pad_jpeg50","exact"
"uuid","24c3a20c-bf4b-4d2a-ba3c-b66384367469","scatter",640,"shot_chain","exact"
"uuid","24c3a20c-bf4b-4d2a-ba3c-b66384367469","scatter",552,"resize","exact"
"uuid","24c3a20c-bf4b-4d2a-ba3c-b66384367469","scatter",552,"jpeg75","exact"
"uuid","24c3a20c-bf4b-4d2a-ba3c-b66384367469","scatter",552,"jpeg50","exact"
"uuid","24c3a20c-bf4b-4d2a-ba3c-b66384367469","scatter",552,"jpeg35","exact"
"uuid","24c3a20c-bf4b-4d2a-ba3c-b66384367469","scatter",552,"pad_jpeg50","exact"
"uuid","24c3a20c-bf4b-4d2a-ba3c-b66384367469","scatter",552,"shot_chain","exact"
"uuid","24c3a20c-bf4b-4d2a-ba3c-b66384367469","scatter",480,"resize","exact"
"uuid","24c3a20c-bf4b-4d2a-ba3c-b66384367469","scatter",480,"jpeg75","exact"
"uuid","24c3a20c-bf4b-4d2a-ba3c-b66384367469","scatter",480,"jpeg50","exact"
"uuid","24c3a20c-bf4b-4d2a-ba3c-b66384367469","scatter",480,"jpeg35","exact"
"uuid","24c3a20c-bf4b-4d2a-ba3c-b66384367469","scatter",480,"pad_jpeg50","exact"
"uuid","24c3a20c-bf4b-4d2a-ba3c-b66384367469","scatter",480,"shot_chain","exact"
"uuid","24c3a20c-bf4b-4d2a-ba3c-b66384367469","scatter",430,"resize","exact"
"uuid","24c3a20c-bf4b-4d2a-ba3c-b66384367469","scatter",430,"jpeg75","exact"
"uuid","24c3a20c-bf4b-4d2a-ba3c-b66384367469","scatter",430,"jpeg50","exact"
"uuid","24c3a20c-bf4b-4d2a-ba3c-b66384367469","scatter",430,"jpeg35","exact"
"uuid","24c3a20c-bf4b-4d2a-ba3c-b66384367469","scatter",430,"pad_jpeg50","exact"
"uuid","24c3a20c-bf4b-4d2a-ba3c-b66384367469","scatter",430,"shot_chain","exact"
"uuid","24c3a20c-bf4b-4d2a-ba3c-b66384367469","scatter",400,"resize","exact"
"uuid","24c3a20c-bf4b-4d2a-ba3c-b66384367469","scatter",400,"jpeg75","exact"
"uuid","24c3a20c-bf4b-4d2a-ba3c-b66384367469","scatter",400,"jpeg50","exact"
"uuid","24c3a20c-bf4b-4d2a-ba3c-b66384367469","scatter",400,"jpeg35","exact"
"uuid","24c3a20c-bf4b-4d2a-ba3c-b66384367469","scatter",400,"pad_jpeg50","exact"
"uuid","24c3a20c-bf4b-4d2a-ba3c-b66384367469","scatter",400,"shot_chain","exact"
"uuid","24c3a20c-bf4b-4d2a-ba3c-b66384367469","scatter",360,"resize","exact"
"uuid","24c3a20c-bf4b-4d2a-ba3c-b66384367469","scatter",360,"jpeg75","exact"
"uuid","24c3a20c-bf4b-4d2a-ba3c-b66384367469","scatter",360,"jpeg50","exact"
"uuid","24c3a20c-bf4b-4d2a-ba3c-b66384367469","scatter",360,"jpeg35","none"
"uuid","24c3a20c-bf4b-4d2a-ba3c-b66384367469","scatter",360,"pad_jpeg50","exact"
"uuid","24c3a20c-bf4b-4d2a-ba3c-b66384367469","scatter",360,"shot_chain","exact"
"uuid","24c3a20c-bf4b-4d2a-ba3c-b66384367469","scatter",320,"resize","exact"
"uuid","24c3a20c-bf4b-4d2a-ba3c-b66384367469","scatter",320,"jpeg75","exact"
"uuid","24c3a20c-bf4b-4d2a-ba3c-b66384367469","scatter",320,"jpeg50","none"
"uuid","24c3a20c-bf4b-4d2a-ba3c-b66384367469","scatter",320,"jpeg35","none"
"uuid","24c3a20c-bf4b-4d2a-ba3c-b66384367469","scatter",320,"pad_jpeg50","none"
"uuid","24c3a20c-bf4b-4d2a-ba3c-b66384367469","scatter",320,"shot_chain","exact"
"uuid","24c3a20c-bf4b-4d2a-ba3c-b66384367469","scatter",300,"resize","exact"
"uuid","24c3a20c-bf4b-4d2a-ba3c-b66384367469","scatter",300,"jpeg75","exact"
"uuid","24c3a20c-bf4b-4d2a-ba3c-b66384367469","scatter",300,"jpeg50","none"
"uuid","24c3a20c-bf4b-4d2a-ba3c-b66384367469","scatter",300,"jpeg35","none"
"uuid","24c3a20c-bf4b-4d2a-ba3c-b66384367469","scatter",300,"pad_jpeg50","none"
"uuid","24c3a20c-bf4b-4d2a-ba3c-b66384367469","scatter",300,"shot_chain","exact"
"uuid","24c3a20c-bf4b-4d2a-ba3c-b66384367469","scatter",280,"resize","exact"
"uuid","24c3a20c-bf4b-4d2a-ba3c-b66384367469","scatter",280,"jpeg75","none"
"uuid","24c3a20c-bf4b-4d2a-ba3c-b66384367469","scatter",280,"jpeg50","none"
"uuid","24c3a20c-bf4b-4d2a-ba3c-b66384367469","scatter",280,"jpeg35","none"
"uuid","24c3a20c-bf4b-4d2a-ba3c-b66384367469","scatter",280,"pad_jpeg50","none"
"uuid","24c3a20c-bf4b-4d2a-ba3c-b66384367469","scatter",280,"shot_chain","exact"
"uuid","24c3a20c-bf4b-4d2a-ba3c-b66384367469","scatter",260,"resize","exact"
"uuid","24c3a20c-bf4b-4d2a-ba3c-b66384367469","scatter",260,"jpeg75","exact"
"uuid","24c3a20c-bf4b-4d2a-ba3c-b66384367469","scatter",260,"jpeg50","none"
"uuid","24c3a20c-bf4b-4d2a-ba3c-b66384367469","scatter",260,"jpeg35","none"
"uuid","24c3a20c-bf4b-4d2a-ba3c-b66384367469","scatter",260,"pad_jpeg50","none"
"uuid","24c3a20c-bf4b-4d2a-ba3c-b66384367469","scatter",260,"shot_chain","none"
"uuid","24c3a20c-bf4b-4d2a-ba3c-b66384367469","scatter",240,"resize","exact"
"uuid","24c3a20c-bf4b-4d2a-ba3c-b66384367469","scatter",240,"jpeg75","none"
"uuid","24c3a20c-bf4b-4d2a-ba3c-b66384367469","scatter",240,"jpeg50","none"
"uuid","24c3a20c-bf4b-4d2a-ba3c-b66384367469","scatter",240,"jpeg35","none"
"uuid","24c3a20c-bf4b-4d2a-ba3c-b66384367469","scatter",240,"pad_jpeg50","none"
"uuid","24c3a20c-bf4b-4d2a-ba3c-b66384367469","scatter",240,"shot_chain","none"
"uuid","24c3a20c-bf4b-4d2a-ba3c-b66384367469","scatter",220,"resize","exact"
"uuid","24c3a20c-bf4b-4d2a-ba3c-b66384367469","scatter",220,"jpeg75","none"
"uuid","24c3a20c-bf4b-4d2a-ba3c-b66384367469","scatter",220,"jpeg50","none"
"uuid","24c3a20c-bf4b-4d2a-ba3c-b66384367469","scatter",220,"jpeg35","none"
"uuid","24c3a20c-bf4b-4d2a-ba3c-b66384367469","scatter",220,"pad_jpeg50","none"
"uuid","24c3a20c-bf4b-4d2a-ba3c-b66384367469","scatter",220,"shot_chain","none"
"uuid","24c3a20c-bf4b-4d2a-ba3c-b66384367469","legend",1050,"resize","exact"
"uuid","24c3a20c-bf4b-4d2a-ba3c-b66384367469","legend",1050,"jpeg75","exact"
"uuid","24c3a20c-bf4b-4d2a-ba3c-b66384367469","legend",1050,"jpeg50","exact"
"uuid","24c3a20c-bf4b-4d2a-ba3c-b66384367469","legend",1050,"jpeg35","exact"
"uuid","24c3a20c-bf4b-4d2a-ba3c-b66384367469","legend",1050,"pad_jpeg50","exact"
"uuid","24c3a20c-bf4b-4d2a-ba3c-b66384367469","legend",1050,"shot_chain","exact"
"uuid","24c3a20c-bf4b-4d2a-ba3c-b66384367469","legend",800,"resize","exact"
"uuid","24c3a20c-bf4b-4d2a-ba3c-b66384367469","legend",800,"jpeg75","exact"
"uuid","24c3a20c-bf4b-4d2a-ba3c-b66384367469","legend",800,"jpeg50","exact"
"uuid","24c3a20c-bf4b-4d2a-ba3c-b66384367469","legend",800,"jpeg35","exact"
"uuid","24c3a20c-bf4b-4d2a-ba3c-b66384367469","legend",800,"pad_jpeg50","exact"
"uuid","24c3a20c-bf4b-4d2a-ba3c-b66384367469","legend",800,"shot_chain","exact"
"uuid","24c3a20c-bf4b-4d2a-ba3c-b66384367469","legend",640,"resize","exact"
"uuid","24c3a20c-bf4b-4d2a-ba3c-b66384367469","legend",640,"jpeg75","exact"
"uuid","24c3a20c-bf4b-4d2a-ba3c-b66384367469","legend",640,"jpeg50","exact"
"uuid","24c3a20c-bf4b-4d2a-ba3c-b66384367469","legend",640,"jpeg35","exact"
"uuid","24c3a20c-bf4b-4d2a-ba3c-b66384367469","legend",640,"pad_jpeg50","exact"
"uuid","24c3a20c-bf4b-4d2a-ba3c-b66384367469","legend",640,"shot_chain","exact"
"uuid","24c3a20c-bf4b-4d2a-ba3c-b66384367469","legend",552,"resize","exact"
"uuid","24c3a20c-bf4b-4d2a-ba3c-b66384367469","legend",552,"jpeg75","exact"
"uuid","24c3a20c-bf4b-4d2a-ba3c-b66384367469","legend",552,"jpeg50","exact"
"uuid","24c3a20c-bf4b-4d2a-ba3c-b66384367469","legend",552,"jpeg35","exact"
"uuid","24c3a20c-bf4b-4d2a-ba3c-b66384367469","legend",552,"pad_jpeg50","exact"
"uuid","24c3a20c-bf4b-4d2a-ba3c-b66384367469","legend",552,"shot_chain","exact"
"uuid","24c3a20c-bf4b-4d2a-ba3c-b66384367469","legend",480,"resize","exact"
"uuid","24c3a20c-bf4b-4d2a-ba3c-b66384367469","legend",480,"jpeg75","exact"
"uuid","24c3a20c-bf4b-4d2a-ba3c-b66384367469","legend",480,"jpeg50","exact"
"uuid","24c3a20c-bf4b-4d2a-ba3c-b66384367469","legend",480,"jpeg35","exact"
"uuid","24c3a20c-bf4b-4d2a-ba3c-b66384367469","legend",480,"pad_jpeg50","exact"
"uuid","24c3a20c-bf4b-4d2a-ba3c-b66384367469","legend",480,"shot_chain","exact"
"uuid","24c3a20c-bf4b-4d2a-ba3c-b66384367469","legend",430,"resize","exact"
"uuid","24c3a20c-bf4b-4d2a-ba3c-b66384367469","legend",430,"jpeg75","exact"
"uuid","24c3a20c-bf4b-4d2a-ba3c-b66384367469","legend",430,"jpeg50","exact"
"uuid","24c3a20c-bf4b-4d2a-ba3c-b66384367469","legend",430,"jpeg35","none"
"uuid","24c3a20c-bf4b-4d2a-ba3c-b66384367469","legend",430,"pad_jpeg50","exact"
"uuid","24c3a20c-bf4b-4d2a-ba3c-b66384367469","legend",430,"shot_chain","exact"
"uuid","24c3a20c-bf4b-4d2a-ba3c-b66384367469","legend",400,"resize","exact"
"uuid","24c3a20c-bf4b-4d2a-ba3c-b66384367469","legend",400,"jpeg75","exact"
"uuid","24c3a20c-bf4b-4d2a-ba3c-b66384367469","legend",400,"jpeg50","exact"
"uuid","24c3a20c-bf4b-4d2a-ba3c-b66384367469","legend",400,"jpeg35","exact"
"uuid","24c3a20c-bf4b-4d2a-ba3c-b66384367469","legend",400,"pad_jpeg50","exact"
"uuid","24c3a20c-bf4b-4d2a-ba3c-b66384367469","legend",400,"shot_chain","exact"
"uuid","24c3a20c-bf4b-4d2a-ba3c-b66384367469","legend",360,"resize","exact"
"uuid","24c3a20c-bf4b-4d2a-ba3c-b66384367469","legend",360,"jpeg75","exact"
"uuid","24c3a20c-bf4b-4d2a-ba3c-b66384367469","legend",360,"jpeg50","exact"
"uuid","24c3a20c-bf4b-4d2a-ba3c-b66384367469","legend",360,"jpeg35","none"
"uuid","24c3a20c-bf4b-4d2a-ba3c-b66384367469","legend",360,"pad_jpeg50","exact"
"uuid","24c3a20c-bf4b-4d2a-ba3c-b66384367469","legend",360,"shot_chain","exact"
"uuid","24c3a20c-bf4b-4d2a-ba3c-b66384367469","legend",320,"resize","exact"
"uuid","24c3a20c-bf4b-4d2a-ba3c-b66384367469","legend",320,"jpeg75","exact"
"uuid","24c3a20c-bf4b-4d2a-ba3c-b66384367469","legend",320,"jpeg50","none"
"uuid","24c3a20c-bf4b-4d2a-ba3c-b66384367469","legend",320,"jpeg35","none"
"uuid","24c3a20c-bf4b-4d2a-ba3c-b66384367469","legend",320,"pad_jpeg50","none"
"uuid","24c3a20c-bf4b-4d2a-ba3c-b66384367469","legend",320,"shot_chain","exact"
"uuid","24c3a20c-bf4b-4d2a-ba3c-b66384367469","legend",300,"resize","exact"
"uuid","24c3a20c-bf4b-4d2a-ba3c-b66384367469","legend",300,"jpeg75","none"
"uuid","24c3a20c-bf4b-4d2a-ba3c-b66384367469","legend",300,"jpeg50","none"
"uuid","24c3a20c-bf4b-4d2a-ba3c-b66384367469","legend",300,"jpeg35","none"
"uuid","24c3a20c-bf4b-4d2a-ba3c-b66384367469","legend",300,"pad_jpeg50","none"
"uuid","24c3a20c-bf4b-4d2a-ba3c-b66384367469","legend",300,"shot_chain","exact"
"uuid","24c3a20c-bf4b-4d2a-ba3c-b66384367469","legend",280,"resize","exact"
"uuid","24c3a20c-bf4b-4d2a-ba3c-b66384367469","legend",280,"jpeg75","none"
"uuid","24c3a20c-bf4b-4d2a-ba3c-b66384367469","legend",280,"jpeg50","none"
"uuid","24c3a20c-bf4b-4d2a-ba3c-b66384367469","legend",280,"jpeg35","none"
"uuid","24c3a20c-bf4b-4d2a-ba3c-b66384367469","legend",280,"pad_jpeg50","none"
"uuid","24c3a20c-bf4b-4d2a-ba3c-b66384367469","legend",280,"shot_chain","exact"
"uuid","24c3a20c-bf4b-4d2a-ba3c-b66384367469","legend",260,"resize","exact"
"uuid","24c3a20c-bf4b-4d2a-ba3c-b66384367469","legend",260,"jpeg75","exact"
"uuid","24c3a20c-bf4b-4d2a-ba3c-b66384367469","legend",260,"jpeg50","none"
"uuid","24c3a20c-bf4b-4d2a-ba3c-b66384367469","legend",260,"jpeg35","none"
"uuid","24c3a20c-bf4b-4d2a-ba3c-b66384367469","legend",260,"pad_jpeg50","none"
"uuid","24c3a20c-bf4b-4d2a-ba3c-b66384367469","legend",260,"shot_chain","none"
"uuid","24c3a20c-bf4b-4d2a-ba3c-b66384367469","legend",240,"resize","exact"
"uuid","24c3a20c-bf4b-4d2a-ba3c-b66384367469","legend",240,"jpeg75","none"
"uuid","24c3a20c-bf4b-4d2a-ba3c-b66384367469","legend",240,"jpeg50","none"
"uuid","24c3a20c-bf4b-4d2a-ba3c-b66384367469","legend",240,"jpeg35","none"
"uuid","24c3a20c-bf4b-4d2a-ba3c-b66384367469","legend",240,"pad_jpeg50","none"
"uuid","24c3a20c-bf4b-4d2a-ba3c-b66384367469","legend",240,"shot_chain","none"
"uuid","24c3a20c-bf4b-4d2a-ba3c-b66384367469","legend",220,"resize","exact"
"uuid","24c3a20c-bf4b-4d2a-ba3c-b66384367469","legend",220,"jpeg75","none"
"uuid","24c3a20c-bf4b-4d2a-ba3c-b66384367469","legend",220,"jpeg50","none"
"uuid","24c3a20c-bf4b-4d2a-ba3c-b66384367469","legend",220,"jpeg35","none"
"uuid","24c3a20c-bf4b-4d2a-ba3c-b66384367469","legend",220,"pad_jpeg50","none"
"uuid","24c3a20c-bf4b-4d2a-ba3c-b66384367469","legend",220,"shot_chain","none"
